symbol,source_list,first_seen_timestamp,time_bucket,first_seen_price,pct_change_at_first_seen,in_experiment_bracket,decline_bucket,price_bucket,simulated,closed,closed_at,decay_close_roi_pct,peak_price_reached,pct_of_target_reached_if_not_closed,liquidation_triggered,liquidation_exit_price,liquidation_roi_pct,eod_sell_price,eod_sell_roi_pct
AAOG,under120,2026-09-23T13:41:00Z,morning,2.2599,-0.06228215767634859,False,shallow_outside,1-3,true,false,,,2.2899,99.1299,false,,,2.13,-5.748
AAOI,under120,2026-09-23T19:40:00Z,afternoon,100.98,-0.056261682242990614,False,other_price_or_range,10-120,false,,,,,,,,,,
AAOX,under120,2026-09-23T13:41:00Z,morning,10.15,-0.06018518518518522,False,other_price_or_range,10-120,false,,,,,,,,,,
AAVE,120to500,2026-09-23T15:41:00Z,morning,139.748,-0.054280667799064854,False,other_price_or_range,120-500,false,,,,,,,,,,
ABNB,120to500,2026-09-23T15:41:00Z,morning,153.0,-0.05444657314133862,False,other_price_or_range,120-500,false,,,,,,,,,,
ABOS,under120,2026-09-23T15:41:00Z,morning,2.42,-0.08679245283018867,False,shallow_outside,1-3,true,false,,,2.425,98.1781,false,,,2.31,-4.5455
ABSI,under120,2026-09-23T15:41:00Z,morning,9.725,-0.09197012138188619,False,shallow_outside,3-10,true,false,,,9.8175,98.9667,false,,,9.75,0.2571
ACET,under120,2026-09-23T15:41:00Z,morning,8.51,-0.06943685073810824,False,shallow_outside,3-10,true,false,,,8.8397,101.7227,false,,,8.43,-0.9401
ACH,under120,2026-09-23T15:41:00Z,morning,0.7967,-0.0627058823529412,False,shallow_outside,<1,true,false,,,0.8061,99.1513,false,,,0.7512,-5.7111
ACRS,under120,2026-09-23T15:41:00Z,morning,5.245,-0.08304195804195798,False,shallow_outside,3-10,true,false,,,5.26,98.3178,true,5.125,-2.2879,5.255,0.1907
ACTU,under120,2026-09-23T19:40:00Z,afternoon,0.7417,-0.08137230616794647,False,shallow_outside,<1,true,false,,,0.748,98.8111,,,,0.723,-2.5212
ADAG,under120,2026-09-23T15:41:00Z,morning,2.975,-0.0789473684210526,False,shallow_outside,1-3,true,false,,,3.01,99.0132,false,,,2.94,-1.1765
ADBT,under120,2026-09-23T19:40:00Z,afternoon,0.1181,-0.05368589743589742,False,shallow_outside,<1,true,false,,,0.1209,99.9174,,,,0.1209,2.3709
ADGM,under120,2026-09-23T13:41:00Z,morning,0.33,-0.3202883625128733,False,other_price_or_range,<1,false,,,,,,,,,,
AEHG,under120,2026-09-23T13:41:00Z,morning,8.1499,-0.11124318429661934,True,in_bracket,3-10,true,true,2026-09-23T14:50:00Z,5.032,,,false,,,8.58,5.2774
AEHR,under120,2026-09-23T13:41:00Z,morning,94.716,-0.058489065606361836,False,other_price_or_range,10-120,false,,,,,,,,,,
AG,under120,2026-09-23T15:41:00Z,morning,18.98,-0.06594488188976377,False,other_price_or_range,10-120,false,,,,,,,,,,
AGI,under120,2026-09-23T15:41:00Z,morning,34.41,-0.05180490493248836,False,other_price_or_range,10-120,false,,,,,,,,,,
AGMB,under120,2026-09-23T15:41:00Z,morning,10.88,-0.0530896431679721,False,other_price_or_range,10-120,false,,,,,,,,,,
AGMH,under120,2026-09-23T19:40:00Z,afternoon,0.7521,-0.06722063747984625,False,shallow_outside,<1,true,true,2026-09-23T19:50:00Z,2.1141,,,,,,0.7709,2.4997
AGNT,under120,2026-09-23T19:40:00Z,afternoon,3.545,-0.07441253263707576,False,shallow_outside,3-10,true,false,,,3.58,98.895,,,,3.54,-0.141
AGPU,under120,2026-09-23T15:41:00Z,morning,11.82,-0.05364291433146517,False,other_price_or_range,10-120,false,,,,,,,,,,
AGQ,under120,2026-09-23T13:41:00Z,morning,78.31,-0.06462016244624937,False,other_price_or_range,10-120,false,,,,,,,,,,
AIAI,under120,2026-09-23T19:40:00Z,afternoon,3.285,-0.06142857142857139,False,shallow_outside,3-10,true,false,,,3.2954,98.0774,,,,3.255,-0.9132
AIDX,under120,2026-09-23T15:41:00Z,morning,0.4355,-0.0743889479277364,False,shallow_outside,<1,true,false,,,0.4357,97.9101,false,,,0.4266,-2.0436
AIOS,under120,2026-09-23T19:40:00Z,afternoon,13.2,-0.0890269151138717,False,other_price_or_range,10-120,false,,,,,,,,,,
AIRJ,under120,2026-09-23T19:40:00Z,afternoon,4.14,-0.05045871559633042,False,shallow_outside,3-10,true,false,,,4.155,98.227,,,,4.149,0.2174
AIRS,under120,2026-09-23T15:41:00Z,morning,2.21,-0.1264822134387351,True,in_bracket,1-3,true,false,,,2.27,100.4425,false,,,2.155,-2.4887
AIRT,under120,2026-09-23T19:40:00Z,afternoon,28.75,-0.08816999682841742,False,other_price_or_range,10-120,false,,,,,,,,,,
AIXI,under120,2026-09-23T13:41:00Z,morning,1.8951,-0.0710294117647059,False,shallow_outside,1-3,true,true,2026-09-23T19:40:00Z,2.3693,,,false,,,1.87,-1.3245
AKTS,under120,2026-09-23T19:40:00Z,afternoon,20.16,-0.08819538670284936,False,other_price_or_range,10-120,false,,,,,,,,,,
ALAR,under120,2026-09-23T15:41:00Z,morning,1.88,-0.06930693069306937,False,shallow_outside,1-3,true,false,,,1.88,97.9167,true,1.835,-2.3936,1.8,-4.2553
ALBG,under120,2026-09-23T13:41:00Z,morning,4.925,-0.061600899338833635,False,shallow_outside,3-10,true,false,,,5.0603,100.6024,true,4.92,-0.1015,4.95,0.5076
ALGT,under120,2026-09-23T19:40:00Z,afternoon,77.3,-0.05339211364192995,False,other_price_or_range,10-120,false,,,,,,,,,,
ALKT,under120,2026-09-23T13:41:00Z,morning,14.7,-0.1873963515754561,False,other_price_or_range,10-120,false,,,,,,,,,,
ALLR,under120,2026-09-23T19:40:00Z,afternoon,1.0365,-0.06621621621621632,False,shallow_outside,1-3,true,false,,,1.045,98.5849,,,,1.03,-0.6271
ALM,under120,2026-09-23T15:41:00Z,morning,13.55,-0.05574912891986056,False,other_price_or_range,10-120,false,,,,,,,,,,
ALMS,under120,2026-09-23T15:41:00Z,morning,7.515,-0.07336621454993832,False,shallow_outside,3-10,true,false,,,7.53,98.1747,false,,,7.43,-1.1311
ALMU,under120,2026-09-23T19:40:00Z,afternoon,13.13,-0.05539568345323738,False,other_price_or_range,10-120,false,,,,,,,,,,
ALT,under120,2026-09-23T15:41:00Z,morning,3.23,-0.05278592375366573,False,shallow_outside,3-10,true,false,,,3.24,98.1818,false,,,3.19,-1.2384
ALXO,under120,2026-09-23T15:41:00Z,morning,1.495,-0.06562499999999999,False,shallow_outside,1-3,true,false,,,1.51,98.6928,true,1.465,-2.0067,1.45,-3.01
AMLX,under120,2026-09-23T19:40:00Z,afternoon,30.81,-0.0663636363636364,False,other_price_or_range,10-120,false,,,,,,,,,,
AMOD,under120,2026-09-23T15:41:00Z,morning,1.7093,-0.10036842105263151,True,in_bracket,1-3,true,false,,,1.71,97.7143,false,,,1.65,-3.4693
AMPU,under120,2026-09-23T13:41:00Z,morning,2.1,-0.060402684563758295,False,shallow_outside,1-3,true,true,2026-09-23T13:50:00Z,5.2381,,,false,,,2.091,-0.4286
AMRC,under120,2026-09-23T19:40:00Z,afternoon,22.94,-0.052848885218827316,False,other_price_or_range,10-120,false,,,,,,,,,,
AMSS,under120,2026-09-23T15:41:00Z,morning,0.73,-0.07041894817267288,False,shallow_outside,<1,true,false,,,0.7477,100.3624,false,,,0.7259,-0.5616
AMTX,under120,2026-09-23T13:41:00Z,morning,1.97,-0.06855791962174952,False,shallow_outside,1-3,true,false,,,2.01,100.0,false,,,1.9,-3.5533
ANAB,under120,2026-09-23T15:41:00Z,morning,50.36,-0.0660237388724036,False,other_price_or_range,10-120,false,,,,,,,,,,
ANGI,under120,2026-09-23T13:41:00Z,morning,5.18,-0.06498194945848382,False,shallow_outside,3-10,true,false,,,5.3932,101.9509,false,,,5.055,-2.4131
ANGX,under120,2026-09-23T15:41:00Z,morning,4.805,-0.05784313725490195,False,shallow_outside,3-10,true,false,,,4.86,98.9817,false,,,4.85,0.9365
ANIX,under120,2026-09-23T15:41:00Z,morning,2.645,-0.05197132616487456,False,shallow_outside,1-3,true,true,2026-09-23T18:35:00Z,3.2136,,,false,,,2.76,4.3478
ANNX,under120,2026-09-23T15:41:00Z,morning,3.895,-0.06818181818181811,False,shallow_outside,3-10,true,false,,,3.905,98.1156,false,,,3.87,-0.6418
ANRO,under120,2026-09-23T15:41:00Z,morning,27.85,-0.09519168291098114,False,other_price_or_range,10-120,false,,,,,,,,,,
APMD,under120,2026-09-23T15:41:00Z,morning,23.42,-0.08192865542924342,False,other_price_or_range,10-120,false,,,,,,,,,,
APP,120to500,2026-09-23T13:41:00Z,morning,309.71,-0.05785903324917117,False,other_price_or_range,120-500,false,,,,,,,,,,
APPC,under120,2026-09-23T13:41:00Z,morning,10.28,-0.10594701779408962,False,other_price_or_range,10-120,false,,,,,,,,,,
APPX,under120,2026-09-23T13:41:00Z,morning,12.345,-0.11314655172413789,False,other_price_or_range,10-120,false,,,,,,,,,,
ARBB,under120,2026-09-23T19:40:00Z,afternoon,4.2,-0.07894736842105252,False,shallow_outside,3-10,false,,,,,,,,,,
ARCT,under120,2026-09-23T15:41:00Z,morning,13.59,-0.054937413073713554,False,other_price_or_range,10-120,false,,,,,,,,,,
ARCX,under120,2026-09-23T13:41:00Z,morning,12.3601,-0.052183181755440726,False,other_price_or_range,10-120,false,,,,,,,,,,
AREC,under120,2026-09-23T19:40:00Z,afternoon,1.89,-0.06896551724137927,False,shallow_outside,1-3,true,false,,,1.895,98.1865,,,,1.88,-0.5291
ARIS,under120,2026-09-23T15:41:00Z,morning,18.58,-0.06350806451612911,False,other_price_or_range,10-120,false,,,,,,,,,,
ARMP,under120,2026-09-23T13:41:00Z,morning,3.9899,-0.05002380952380956,False,shallow_outside,3-10,true,false,,,3.9899,98.0319,true,3.69,-7.5165,3.65,-8.519
ARTL,under120,2026-09-23T13:41:00Z,morning,3.925,-0.054216867469879644,False,shallow_outside,3-10,true,true,2026-09-23T13:55:00Z,5.2229,,,false,,,7.3,85.9873
ARTV,under120,2026-09-23T19:40:00Z,afternoon,7.645,-0.05500618046971573,False,shallow_outside,3-10,true,false,,,7.735,99.1667,,,,7.715,0.9156
ARVN,under120,2026-09-23T19:40:00Z,afternoon,7.88,-0.07403055229142184,False,shallow_outside,3-10,true,false,,,7.885,98.0721,,,,7.82,-0.7614
ARWR,under120,2026-09-23T15:41:00Z,morning,67.65,-0.05858613971611458,False,other_price_or_range,10-120,false,,,,,,,,,,
ASM,under120,2026-09-23T13:41:00Z,morning,6.13,-0.05546995377503857,False,shallow_outside,3-10,true,false,,,6.13,97.9233,true,6.02,-1.7945,6.04,-1.4682
ASMB,under120,2026-09-23T19:40:00Z,afternoon,24.06,-0.054616895874263285,False,other_price_or_range,10-120,false,,,,,,,,,,
ASND,120to500,2026-09-23T19:40:00Z,afternoon,221.685,-0.06686450309382494,False,other_price_or_range,120-500,false,,,,,,,,,,
ASTH,under120,2026-09-23T15:41:00Z,morning,33.1,-0.05724864710908568,False,other_price_or_range,10-120,false,,,,,,,,,,
ASTI,under120,2026-09-23T15:41:00Z,morning,2.94,-0.06369426751592362,False,shallow_outside,1-3,true,false,,,2.97,99.0,false,,,2.89,-1.7007
ATLX,under120,2026-09-23T13:41:00Z,morning,2.79,-0.08823529411764706,False,shallow_outside,1-3,true,false,,,2.8688,100.6596,false,,,2.755,-1.2545
ATTO,under120,2026-09-23T19:40:00Z,afternoon,18.41,-0.11617858857417179,False,other_price_or_range,10-120,false,,,,,,,,,,
AU,under120,2026-09-23T13:41:00Z,morning,99.3428,-0.05026003824091776,False,other_price_or_range,10-120,false,,,,,,,,,,
AUC,under120,2026-09-23T15:41:00Z,morning,7.7,-0.16304347826086948,True,in_bracket,3-10,true,true,2026-09-23T18:35:00Z,5.0649,,,false,,,8.0103,4.0299
AUGO,under120,2026-09-23T15:41:00Z,morning,84.07,-0.09378031691279512,False,other_price_or_range,10-120,false,,,,,,,,,,
AUR,under120,2026-09-23T15:41:00Z,morning,5.905,-0.0859133126934984,False,shallow_outside,3-10,true,true,2026-09-23T17:45:00Z,4.149,,,false,,,6.33,7.1973
AURA,under120,2026-09-23T15:41:00Z,morning,6.025,-0.06589147286821702,False,shallow_outside,3-10,true,false,,,6.09,99.0244,false,,,6.01,-0.249
AURE,under120,2026-09-23T15:41:00Z,morning,1.08,-0.08860759493670885,False,shallow_outside,1-3,true,true,2026-09-23T19:10:00Z,3.7037,,,false,,,1.115,3.2407
AVAT,under120,2026-09-23T19:40:00Z,afternoon,2.03,-0.10176991150442478,True,in_bracket,1-3,true,true,2026-09-23T19:45:00Z,2.4631,,,,,,2.2,8.3744
AVAX,under120,2026-09-23T13:41:00Z,morning,10.66,-0.05737125070741366,False,other_price_or_range,10-120,false,,,,,,,,,,
AVAZ,under120,2026-09-23T13:41:00Z,morning,17.2,-0.07542788337490333,False,other_price_or_range,10-120,false,,,,,,,,,,
AVIR,under120,2026-09-23T19:40:00Z,afternoon,5.275,-0.06471631205673747,False,shallow_outside,3-10,true,false,,,5.295,98.2375,,,,5.29,0.2844
AVLN,under120,2026-09-23T15:41:00Z,morning,30.54,-0.058859784283513204,False,other_price_or_range,10-120,false,,,,,,,,,,
AVR,under120,2026-09-23T19:40:00Z,afternoon,7.59,-0.06642066420664218,False,shallow_outside,3-10,true,false,,,7.665,98.9032,,,,7.62,0.3953
AVTX,under120,2026-09-23T15:41:00Z,morning,15.63,-0.053301029678982474,False,other_price_or_range,10-120,false,,,,,,,,,,
AVX,under120,2026-09-23T15:41:00Z,morning,4.09,-0.07256235827664405,False,shallow_outside,3-10,true,false,,,4.18,100.0,false,,,4.1,0.2445
AVXL,under120,2026-09-23T15:41:00Z,morning,2.315,-0.06275303643724706,False,shallow_outside,1-3,true,false,,,2.36,99.5781,false,,,2.34,1.0799
AXTC,under120,2026-09-23T13:41:00Z,morning,20.1,-0.05322656617993401,False,other_price_or_range,10-120,false,,,,,,,,,,
AXTI,under120,2026-09-23T19:40:00Z,afternoon,73.86,-0.050520632472040194,False,other_price_or_range,10-120,false,,,,,,,,,,
AXTL,under120,2026-09-23T13:41:00Z,morning,3.25,-0.05523255813953487,False,shallow_outside,3-10,true,false,,,3.38,101.8072,false,,,3.015,-7.2308
AXTU,under120,2026-09-23T13:41:00Z,morning,45.19,-0.058541666666666714,False,other_price_or_range,10-120,false,,,,,,,,,,
AYA,under120,2026-09-23T13:41:00Z,morning,28.7141,-0.05483541803818304,False,other_price_or_range,10-120,false,,,,,,,,,,
AZUL,under120,2026-09-23T19:40:00Z,afternoon,6.25,-0.05589123867069488,False,shallow_outside,3-10,true,false,,,6.335,99.2947,,,,6.335,1.36
BABU,under120,2026-09-23T13:41:00Z,morning,9.5,-0.07407407407407406,False,shallow_outside,3-10,true,false,,,9.5,98.0392,true,9.34,-1.6842,9.29,-2.2105
BABX,under120,2026-09-23T13:41:00Z,morning,17.65,-0.07543216343635419,False,other_price_or_range,10-120,false,,,,,,,,,,
BAFN,under120,2026-09-23T19:40:00Z,afternoon,8.3,-0.07572383073496655,False,shallow_outside,3-10,true,false,,,8.41,99.2916,,,,8.28,-0.241
BAK,under120,2026-09-23T19:40:00Z,afternoon,1.565,-0.06287425149700598,False,shallow_outside,1-3,true,false,,,1.5699,98.1188,,,,1.542,-1.4696
BAOS,under120,2026-09-23T19:40:00Z,afternoon,0.2649,-0.053252323087919835,False,shallow_outside,<1,true,false,,,0.2669,98.4871,,,,0.2669,0.755
BBOT,under120,2026-09-23T15:41:00Z,morning,4.4,-0.05579399141630897,False,shallow_outside,3-10,true,false,,,4.4,97.9955,false,,,4.155,-5.5682
BCAX,under120,2026-09-23T15:41:00Z,morning,21.435,-0.05904302019315199,False,other_price_or_range,10-120,false,,,,,,,,,,
BDTX,under120,2026-09-23T15:41:00Z,morning,1.88,-0.05050505050505055,False,shallow_outside,1-3,true,true,2026-09-23T19:50:00Z,2.1277,,,false,,,1.905,1.3298
BEAM,under120,2026-09-23T19:40:00Z,afternoon,24.53,-0.053991515618974105,False,other_price_or_range,10-120,false,,,,,,,,,,
BEAT,under120,2026-09-23T15:41:00Z,morning,0.3981,-0.08208439013142718,False,shallow_outside,<1,true,false,,,0.4008,98.4767,false,,,0.3889,-2.311
BETR,under120,2026-09-23T15:41:00Z,morning,12.2499,-0.06773972602739728,False,other_price_or_range,10-120,false,,,,,,,,,,
BFLY,under120,2026-09-23T19:40:00Z,afternoon,9.3354,-0.05987915407854983,False,shallow_outside,3-10,true,false,,,9.3354,97.958,,,,9.2,-1.4504
BHVN,under120,2026-09-23T15:41:00Z,morning,14.07,-0.05252525252525248,False,other_price_or_range,10-120,false,,,,,,,,,,
BIAF,under120,2026-09-23T13:41:00Z,morning,8.0704,-0.0566452367036821,False,shallow_outside,3-10,true,false,,,8.165,99.0898,false,,,7.85,-2.731
BIDG,under120,2026-09-23T13:41:00Z,morning,6.48,-0.055393586005830886,False,shallow_outside,3-10,true,false,,,6.48,98.0333,true,6.42,-0.9259,6.46,-0.3086
BIOA,under120,2026-09-23T15:41:00Z,morning,8.03,-0.05082742316784887,False,shallow_outside,3-10,true,false,,,8.03,97.9268,true,7.835,-2.4284,7.85,-2.2416
BIOT,under120,2026-09-23T19:40:00Z,afternoon,0.4067,-0.0652723511836359,False,shallow_outside,<1,true,false,,,0.4126,99.4217,,,,0.4126,1.4507
BIOX,under120,2026-09-23T13:41:00Z,morning,0.331,-0.08030008335648786,False,shallow_outside,<1,true,true,2026-09-23T13:45:00Z,5.136,,,false,,,0.387,16.9184
BJDX,under120,2026-09-23T13:41:00Z,morning,0.9401,-0.05989999999999995,False,shallow_outside,<1,true,true,2026-09-23T18:35:00Z,3.0741,,,false,,,0.9636,2.4997
BKKT,under120,2026-09-23T15:41:00Z,morning,9.08,-0.06680369989722511,False,shallow_outside,3-10,true,false,,,9.1,98.1661,false,,,8.785,-3.2489
BLSM,under120,2026-09-23T15:41:00Z,morning,22.985,-0.08970297029702973,False,other_price_or_range,10-120,false,,,,,,,,,,
BMBL,under120,2026-09-23T19:40:00Z,afternoon,2.6727,-0.05558303886925803,False,shallow_outside,1-3,true,false,,,2.68,98.1685,,,,2.68,0.2731
BMEA,under120,2026-09-23T13:41:00Z,morning,1.6,-0.05882352941176463,False,shallow_outside,1-3,true,false,,,1.605,97.8659,false,,,1.435,-10.3125
BMM,under120,2026-09-23T19:40:00Z,afternoon,5.475,-0.05194805194805207,False,shallow_outside,3-10,true,false,,,5.49,98.2111,,,,5.24,-4.2922
BMRA,under120,2026-09-23T19:40:00Z,afternoon,2.6,-0.06474820143884882,False,shallow_outside,1-3,true,false,,,2.6,97.7444,,,,2.6,0.0
BNAI,under120,2026-09-23T19:40:00Z,afternoon,6.49,-0.06752873563218387,False,shallow_outside,3-10,true,false,,,6.61,99.8489,,,,6.48,-0.1541
BNGO,under120,2026-09-23T19:40:00Z,afternoon,1.705,-0.06318681318681318,False,shallow_outside,1-3,true,false,,,1.715,98.5632,,,,1.705,0.0
BNKK,under120,2026-09-23T19:40:00Z,afternoon,1.42,-0.06578947368421058,False,shallow_outside,1-3,true,false,,,1.43,98.6207,,,,1.43,0.7042
BNR,under120,2026-09-23T15:41:00Z,morning,15.0,-0.08814589665653491,False,other_price_or_range,10-120,false,,,,,,,,,,
BNTC,under120,2026-09-23T15:41:00Z,morning,10.01,-0.08584474885844745,False,other_price_or_range,10-120,false,,,,,,,,,,
BOBS,under120,2026-09-23T15:41:00Z,morning,13.7893,-0.09814911706998028,False,other_price_or_range,10-120,false,,,,,,,,,,
BOLD,under120,2026-09-23T19:40:00Z,afternoon,2.71,-0.059027777777777755,False,shallow_outside,1-3,true,false,,,2.72,98.1949,,,,2.7,-0.369
BRBR,under120,2026-09-23T19:40:00Z,afternoon,8.49,-0.05561735261401557,False,shallow_outside,3-10,true,false,,,8.53,98.4988,,,,8.435,-0.6478
BRVE,under120,2026-09-23T19:40:00Z,afternoon,22.13,-0.06268530283778062,False,other_price_or_range,10-120,false,,,,,,,,,,
BTCS,under120,2026-09-23T19:40:00Z,afternoon,1.55,-0.06060606060606053,False,shallow_outside,1-3,true,false,,,1.57,98.7421,,,,1.57,1.2903
BTCT,under120,2026-09-23T13:41:00Z,morning,1.242,-0.05909090909090914,False,shallow_outside,1-3,true,false,,,1.242,97.7953,true,1.22,-1.7713,1.185,-4.5894
BTDR,under120,2026-09-23T19:40:00Z,afternoon,12.3737,-0.055442748091603065,False,other_price_or_range,10-120,false,,,,,,,,,,
BTLN,under120,2026-09-23T13:41:00Z,morning,0.6021,-0.051960321209258434,False,shallow_outside,<1,true,true,2026-09-23T14:10:00Z,5.132,,,false,,,0.6537,8.57
BTTC,under120,2026-09-23T19:40:00Z,afternoon,0.5351,-0.054259455638034554,False,shallow_outside,<1,true,true,2026-09-23T19:55:00Z,2.037,,,,,,0.54,0.9157
BULL,under120,2026-09-23T19:40:00Z,afternoon,7.675,-0.051297898640296664,False,shallow_outside,3-10,true,false,,,7.69,98.212,,,,7.65,-0.3257
BUR,under120,2026-09-23T19:40:00Z,afternoon,3.835,-0.06463414634146335,False,shallow_outside,3-10,true,false,,,3.86,98.4694,,,,3.8,-0.9126
BUUU,under120,2026-09-23T15:41:00Z,morning,44.3,-0.0807221415231376,False,other_price_or_range,10-120,false,,,,,,,,,,
BW,under120,2026-09-23T13:41:00Z,morning,6.96,-0.05177111716621252,False,shallow_outside,3-10,true,false,,,7.04,99.1549,false,,,6.64,-4.5977
BXBL,under120,2026-09-23T19:40:00Z,afternoon,3.985,-0.05119047619047626,False,shallow_outside,3-10,true,false,,,4.03,99.0172,,,,3.99,0.1255
BYND,under120,2026-09-23T13:41:00Z,morning,9.9681,-0.13396177237185058,True,in_bracket,3-10,true,false,,,10.3102,101.3786,false,,,10.04,0.7213
BZAI,under120,2026-09-23T19:40:00Z,afternoon,0.5442,-0.053400591407201166,False,shallow_outside,<1,true,false,,,0.5554,99.8921,,,,0.5553,2.0397
BZFD,under120,2026-09-23T19:40:00Z,afternoon,1.03,-0.05504587155963307,False,shallow_outside,1-3,true,false,,,1.04,98.1132,,,,1.035,0.4854
CABA,under120,2026-09-23T15:41:00Z,morning,2.31,-0.07599999999999998,False,shallow_outside,1-3,true,false,,,2.32,98.3051,false,,,2.205,-4.5455
CABR,under120,2026-09-23T19:40:00Z,afternoon,1.23,-0.06106870229007639,False,shallow_outside,1-3,true,false,,,1.25,99.2063,,,,1.25,1.626
CAMP,under120,2026-09-23T19:40:00Z,afternoon,3.73,-0.10120481927710852,True,in_bracket,3-10,true,false,,,3.75,98.4252,,,,3.711,-0.5094
CAN,under120,2026-09-23T13:41:00Z,morning,0.3868,-0.060709082078679026,False,shallow_outside,<1,true,false,,,0.39,98.7342,false,,,0.3852,-0.4137
CANG,under120,2026-09-23T19:40:00Z,afternoon,2.02,-0.09009009009009017,False,shallow_outside,1-3,true,false,,,2.05,99.0338,,,,2.02,0.0
CAPR,under120,2026-09-23T15:41:00Z,morning,8.77,-0.06102783725910067,False,shallow_outside,3-10,true,false,,,8.82,98.5475,false,,,8.67,-1.1403
CAPS,under120,2026-09-23T15:41:00Z,morning,0.1638,-0.08235294117647055,False,shallow_outside,<1,true,true,2026-09-23T16:40:00Z,5.0061,,,false,,,0.2013,22.8938
CARG,under120,2026-09-23T15:41:00Z,morning,30.03,-0.05979962429555417,False,other_price_or_range,10-120,false,,,,,,,,,,
CARS,under120,2026-09-23T15:41:00Z,morning,10.175,-0.057870370370370364,False,other_price_or_range,10-120,false,,,,,,,,,,
CAST,under120,2026-09-23T15:41:00Z,morning,1.315,-0.05395683453237407,False,shallow_outside,1-3,true,false,,,1.34,99.2593,false,,,1.34,1.9011
CATX,under120,2026-09-23T13:41:00Z,morning,2.805,-0.0523648648648648,False,shallow_outside,1-3,true,false,,,2.805,97.7352,true,2.585,-7.8431,2.6161,-6.7344
CBIO,under120,2026-09-23T15:41:00Z,morning,15.02,-0.08637469586374706,False,other_price_or_range,10-120,false,,,,,,,,,,
CCCC,under120,2026-09-23T15:41:00Z,morning,3.07,-0.0725075528700907,False,shallow_outside,3-10,true,false,,,3.1,98.7261,false,,,3.08,0.3257
CCOI,under120,2026-09-23T15:41:00Z,morning,8.75,-0.060150375939849676,False,shallow_outside,3-10,true,false,,,8.77,98.2083,false,,,8.135,-7.0286
CD,under120,2026-09-23T15:41:00Z,morning,4.25,-0.08108108108108109,False,shallow_outside,3-10,true,false,,,4.4,101.3825,false,,,4.285,0.8235
CDE,under120,2026-09-23T15:41:00Z,morning,19.365,-0.05490483162518302,False,other_price_or_range,10-120,false,,,,,,,,,,
CEPL,under120,2026-09-23T19:40:00Z,afternoon,5.52,-0.07226890756302531,False,shallow_outside,3-10,true,false,,,5.52,97.8723,,,,5.46,-1.087
CGEM,under120,2026-09-23T15:41:00Z,morning,19.56,-0.09736963544070155,False,other_price_or_range,10-120,false,,,,,,,,,,
CGEN,under120,2026-09-23T19:40:00Z,afternoon,2.33,-0.06425702811244985,False,shallow_outside,1-3,true,false,,,2.35,98.7395,,,,2.345,0.6438
CGON,under120,2026-09-23T19:40:00Z,afternoon,72.18,-0.07152045279135565,False,other_price_or_range,10-120,false,,,,,,,,,,
CHNU,under120,2026-09-23T13:41:00Z,morning,33.3201,-0.058355235269181904,False,other_price_or_range,10-120,false,,,,,,,,,,
CHPT,under120,2026-09-23T13:41:00Z,morning,9.2485,-0.06106598984771571,False,shallow_outside,3-10,true,false,,,9.4186,99.7733,false,,,9.215,-0.3622
CHRS,under120,2026-09-23T19:40:00Z,afternoon,1.22,-0.06153846153846159,False,shallow_outside,1-3,true,true,2026-09-23T19:50:00Z,2.459,,,,,,1.255,2.8689
CHYM,under120,2026-09-23T15:41:00Z,morning,26.96,-0.058001397624039136,False,other_price_or_range,10-120,false,,,,,,,,,,
CIEG,under120,2026-09-23T13:41:00Z,morning,4.15,-0.07982261640798213,False,shallow_outside,3-10,true,true,2026-09-23T15:15:00Z,5.0602,,,false,,,4.195,1.0843
CIEX,under120,2026-09-23T13:41:00Z,morning,10.95,-0.07258406030321005,False,other_price_or_range,10-120,false,,,,,,,,,,
CIRC,under120,2026-09-23T15:41:00Z,morning,0.35,-0.11638475132542295,True,in_bracket,<1,true,true,2026-09-23T15:50:00Z,5.1429,,,false,,,0.3373,-3.6286
CLDX,under120,2026-09-23T15:41:00Z,morning,31.015,-0.07445538645180536,False,other_price_or_range,10-120,false,,,,,,,,,,
CLIR,under120,2026-09-23T19:40:00Z,afternoon,3.475,-0.0733333333333333,False,shallow_outside,3-10,true,true,2026-09-23T19:50:00Z,2.1583,,,,,,3.54,1.8705
CLMT,under120,2026-09-23T19:40:00Z,afternoon,53.585,-0.05024813895781639,False,other_price_or_range,10-120,false,,,,,,,,,,
CLPT,under120,2026-09-23T19:40:00Z,afternoon,14.785,-0.06364787840405314,False,other_price_or_range,10-120,false,,,,,,,,,,
CLRB,under120,2026-09-23T19:40:00Z,afternoon,2.1,-0.05829596412556049,False,shallow_outside,1-3,true,false,,,2.105,97.907,,,,2.085,-0.7143
CLYM,under120,2026-09-23T15:41:00Z,morning,12.83,-0.09711470795214643,False,other_price_or_range,10-120,false,,,,,,,,,,
CMCT,under120,2026-09-23T15:41:00Z,morning,2.35,-0.07843137254901951,False,shallow_outside,1-3,true,false,,,2.415,100.625,false,,,2.205,-6.1702
CMMB,under120,2026-09-23T15:41:00Z,morning,2.16,-0.09243697478991586,False,shallow_outside,1-3,true,true,2026-09-23T16:00:00Z,5.0926,,,false,,,2.26,4.6296
CMPS,under120,2026-09-23T19:40:00Z,afternoon,13.83,-0.06427604871447898,False,other_price_or_range,10-120,false,,,,,,,,,,
CMPX,under120,2026-09-23T13:41:00Z,morning,1.161,-0.06370967741935481,False,shallow_outside,1-3,true,false,,,1.2,100.8403,false,,,1.175,1.2059
CNCK,under120,2026-09-23T19:40:00Z,afternoon,1.71,-0.050000000000000044,False,shallow_outside,1-3,true,false,,,1.74,99.4286,,,,1.69,-1.1696
CNL,under120,2026-09-23T15:41:00Z,morning,12.96,-0.05263157894736834,False,other_price_or_range,10-120,false,,,,,,,,,,
CNTB,under120,2026-09-23T15:41:00Z,morning,1.145,-0.057613168724279885,False,shallow_outside,1-3,true,false,,,1.15,98.2906,false,,,1.065,-6.9869
CNTN,under120,2026-09-23T15:41:00Z,morning,2.325,-0.0510204081632653,False,shallow_outside,1-3,true,false,,,2.35,98.7395,false,,,2.241,-3.6129
CNXU,under120,2026-09-23T15:41:00Z,morning,4.0094,-0.08877272727272728,False,shallow_outside,3-10,true,true,2026-09-23T19:50:00Z,2.0103,,,false,,,4.21,5.0032
COAG,under120,2026-09-23T15:41:00Z,morning,35.86,-0.06248366013071897,False,other_price_or_range,10-120,false,,,,,,,,,,
COMP,under120,2026-09-23T19:40:00Z,afternoon,9.17,-0.05170630816959669,False,shallow_outside,3-10,true,false,,,9.2476,98.7991,,,,9.17,0.0
COPZ,under120,2026-09-23T13:41:00Z,morning,16.2004,-0.07277399710392132,False,other_price_or_range,10-120,false,,,,,,,,,,
COYA,under120,2026-09-23T19:40:00Z,afternoon,4.9601,-0.06413207547169814,False,shallow_outside,3-10,true,true,2026-09-23T19:50:00Z,2.0141,,,,,,5.06,2.0141
CRDL,under120,2026-09-23T19:40:00Z,afternoon,1.755,-0.07142857142857144,False,shallow_outside,1-3,true,false,,,1.77,98.3333,,,,1.77,0.8547
CREX,under120,2026-09-23T19:40:00Z,afternoon,2.46,-0.05384615384615389,False,shallow_outside,1-3,true,true,2026-09-23T19:40:00Z,2.0325,,,,,,2.49,1.2195
CRML,under120,2026-09-23T13:41:00Z,morning,8.0976,-0.05180327868852451,False,shallow_outside,3-10,true,false,,,8.3,100.4843,false,,,7.715,-4.7249
CRMU,under120,2026-09-23T13:41:00Z,morning,2.5714,-0.11082679207441475,True,in_bracket,1-3,true,true,2026-09-23T13:45:00Z,5.0012,,,false,,,2.31,-10.1657
CRSP,under120,2026-09-23T19:40:00Z,afternoon,55.695,-0.05649669659495173,False,other_price_or_range,10-120,false,,,,,,,,,,
CRVS,under120,2026-09-23T15:41:00Z,morning,12.57,-0.06473214285714281,False,other_price_or_range,10-120,false,,,,,,,,,,
CSBR,under120,2026-09-23T19:40:00Z,afternoon,5.02,-0.051039697542533166,False,shallow_outside,3-10,false,,,,,,,,,,
CTEV,under120,2026-09-23T15:41:00Z,morning,26.81,-0.08964346349745334,False,other_price_or_range,10-120,false,,,,,,,,,,
CTGO,under120,2026-09-23T15:41:00Z,morning,18.57,-0.06306760847628658,False,other_price_or_range,10-120,false,,,,,,,,,,
CTMX,under120,2026-09-23T13:41:00Z,morning,2.765,-0.059523809523809465,False,shallow_outside,1-3,true,false,,,2.85,100.7067,false,,,2.785,0.7233
CTNT,under120,2026-09-23T13:41:00Z,morning,0.0372,-0.15837104072398203,True,in_bracket,<1,true,true,2026-09-23T17:40:00Z,4.8387,,,false,,,0.0384,3.2258
CTOR,under120,2026-09-23T15:41:00Z,morning,1.0123,-0.05392523364485989,False,shallow_outside,1-3,true,false,,,1.06,101.9231,false,,,1.01,-0.2272
CTRN,under120,2026-09-23T19:40:00Z,afternoon,51.01,-0.055894873218582324,False,other_price_or_range,10-120,false,,,,,,,,,,
CUPR,under120,2026-09-23T15:41:00Z,morning,1.88,-0.05527638190954779,False,shallow_outside,1-3,true,true,2026-09-23T18:10:00Z,4.2553,,,false,,,1.883,0.1596
CWD,under120,2026-09-23T13:41:00Z,morning,0.6911,-0.05107785253329659,False,shallow_outside,<1,true,true,2026-09-23T13:50:00Z,5.0499,,,false,,,0.7299,5.6142
CWH,under120,2026-09-23T19:40:00Z,afternoon,5.385,-0.05526315789473691,False,shallow_outside,3-10,true,false,,,5.3952,98.0945,,,,5.365,-0.3714
DAIC,under120,2026-09-23T13:41:00Z,morning,3.2648,-0.0577777777777777,False,shallow_outside,3-10,true,true,2026-09-23T16:05:00Z,5.06,,,true,3.13,-4.1289,3.302,1.1394
DAVA,under120,2026-09-23T15:41:00Z,morning,2.0008,-0.05175355450236965,False,shallow_outside,1-3,true,false,,,2.01,98.0488,false,,,1.97,-1.5394
DAVE,120to500,2026-09-23T15:41:00Z,morning,328.5948,-0.07063721469581688,False,other_price_or_range,120-500,false,,,,,,,,,,
DC,under120,2026-09-23T15:41:00Z,morning,6.435,-0.0673913043478262,False,shallow_outside,3-10,true,true,2026-09-23T19:35:00Z,2.0979,,,false,,,6.63,3.0303
DCH,under120,2026-09-23T13:41:00Z,morning,5.574,-0.05685279187817264,False,shallow_outside,3-10,true,true,2026-09-23T19:35:00Z,2.0811,,,false,,,5.69,2.0811
DCX,under120,2026-09-23T13:41:00Z,morning,0.0756,-0.2758620689655173,False,deep_outside,<1,true,true,2026-09-23T14:35:00Z,5.8201,,,false,,,0.0734,-2.9101
DDC,under120,2026-09-23T13:41:00Z,morning,0.22,-0.05982905982905988,False,shallow_outside,<1,true,false,,,0.23,101.7699,false,,,0.2115,-3.8636
DEFT,under120,2026-09-23T15:41:00Z,morning,0.5372,-0.07123098201936379,False,shallow_outside,<1,true,false,,,0.5388,98.3212,true,0.5258,-2.1221,0.5258,-2.1221
DERM,under120,2026-09-23T19:40:00Z,afternoon,6.52,-0.10068965517241385,True,in_bracket,3-10,true,false,,,6.6,99.0991,,,,6.51,-0.1534
DFDV,under120,2026-09-23T15:41:00Z,morning,5.88,-0.06369426751592362,False,shallow_outside,3-10,true,false,,,5.89,98.1667,false,,,5.755,-2.1259
DFH,under120,2026-09-23T13:41:00Z,morning,11.645,-0.05016313213703101,False,other_price_or_range,10-120,false,,,,,,,,,,
DFNS,under120,2026-09-23T13:41:00Z,morning,7.92,-0.05149700598802392,False,shallow_outside,3-10,true,false,,,7.94,98.2673,true,7.84,-1.0101,7.94,0.2525
DFTX,under120,2026-09-23T15:41:00Z,morning,38.05,-0.05629960317460325,False,other_price_or_range,10-120,false,,,,,,,,,,
DLXY,under120,2026-09-23T13:41:00Z,morning,0.4868,-0.06384615384615386,False,shallow_outside,<1,true,true,2026-09-23T18:50:00Z,3.1224,,,false,,,0.4975,2.198
DMRA,under120,2026-09-23T15:41:00Z,morning,20.99,-0.06336456938866585,False,other_price_or_range,10-120,false,,,,,,,,,,
DNA,under120,2026-09-23T19:40:00Z,afternoon,8.6085,-0.08127001067235858,False,shallow_outside,3-10,true,false,,,8.6085,97.9352,,,,8.575,-0.3892
DNTH,under120,2026-09-23T15:41:00Z,morning,92.67,-0.057752923233350205,False,other_price_or_range,10-120,false,,,,,,,,,,
DOMH,under120,2026-09-23T19:40:00Z,afternoon,2.44,-0.0505836575875486,False,shallow_outside,1-3,true,false,,,2.445,98.1928,,,,2.44,0.0
DOT,under120,2026-09-23T13:41:00Z,morning,1.15456,-0.05259875601070031,False,shallow_outside,1-3,false,,,,,,,,,,
DSGN,under120,2026-09-23T15:41:00Z,morning,12.435,-0.055091185410334316,False,other_price_or_range,10-120,false,,,,,,,,,,
DSP,under120,2026-09-23T15:41:00Z,morning,12.0,-0.06542056074766354,False,other_price_or_range,10-120,false,,,,,,,,,,
DTIL,under120,2026-09-23T15:41:00Z,morning,6.7,-0.06815020862308764,False,shallow_outside,3-10,true,false,,,6.7,97.9532,true,6.54,-2.3881,6.36,-5.0746
DVLT,under120,2026-09-23T13:41:00Z,morning,0.15625,-0.0604329524954901,False,shallow_outside,<1,true,false,,,0.1588,99.25,false,,,0.1533,-1.888
EBON,under120,2026-09-23T19:40:00Z,afternoon,2.05,-0.05092592592592607,False,shallow_outside,1-3,true,true,2026-09-23T19:50:00Z,2.439,,,,,,2.01,-1.9512
ECOR,under120,2026-09-23T19:40:00Z,afternoon,11.375,-0.07445077298616755,False,other_price_or_range,10-120,false,,,,,,,,,,
EDBL,under120,2026-09-23T13:41:00Z,morning,1.2,-0.05511811023622052,False,shallow_outside,1-3,true,true,2026-09-23T16:15:00Z,5.0,,,false,,,1.2,0.0
EDIT,under120,2026-09-23T19:40:00Z,afternoon,2.735,-0.06335616438356166,False,shallow_outside,1-3,true,false,,,2.755,98.7455,,,,2.675,-2.1938
EDVA,under120,2026-09-23T19:40:00Z,afternoon,0.2059,-0.10711188204683435,True,in_bracket,<1,true,true,2026-09-23T19:55:00Z,2.4769,,,,,,0.2051,-0.3885
EHCC,under120,2026-09-23T13:41:00Z,morning,22.738,-0.06629709475413201,False,other_price_or_range,10-120,false,,,,,,,,,,
EIKN,under120,2026-09-23T15:41:00Z,morning,8.29,-0.07683741648106918,False,shallow_outside,3-10,true,false,,,8.3,98.1087,false,,,8.11,-2.1713
ELBM,under120,2026-09-23T19:40:00Z,afternoon,0.5398,-0.06203301476976553,False,shallow_outside,<1,true,false,,,0.5449,98.8929,,,,0.5449,0.9448
ELDN,under120,2026-09-23T15:41:00Z,morning,2.725,-0.05709342560553634,False,shallow_outside,1-3,true,false,,,2.74,98.5612,false,,,2.73,0.1835
ELOG,under120,2026-09-23T15:41:00Z,morning,0.475,-0.0684447930966857,False,shallow_outside,<1,true,true,2026-09-23T18:15:00Z,5.0526,,,false,,,0.4744,-0.1263
ELOX,under120,2026-09-23T15:41:00Z,morning,15.89,-0.050209205020920494,False,other_price_or_range,10-120,false,,,,,,,,,,
EMAT,under120,2026-09-23T13:41:00Z,morning,3.5,-0.05913978494623661,False,shallow_outside,3-10,true,false,,,3.5214,98.6387,false,,,3.33,-4.8571
ENHA,under120,2026-09-23T19:40:00Z,afternoon,1.415,-0.05033557046979863,False,shallow_outside,1-3,true,false,,,1.42,97.931,,,,1.4,-1.0601
ENTX,under120,2026-09-23T15:41:00Z,morning,2.775,-0.06879194630872486,False,shallow_outside,1-3,true,true,2026-09-23T19:50:00Z,2.3423,,,false,,,2.86,3.0631
EOSE,under120,2026-09-23T15:41:00Z,morning,3.675,-0.0948275862068965,False,shallow_outside,3-10,true,false,,,3.735,99.6,false,,,3.575,-2.7211
EOSU,under120,2026-09-23T13:41:00Z,morning,7.4,-0.0875462392108507,False,shallow_outside,3-10,true,false,,,7.42,98.2781,false,,,6.21,-16.0811
EPOW,under120,2026-09-23T19:40:00Z,afternoon,6.3,-0.08710205619394007,False,shallow_outside,3-10,true,false,,,6.3999,99.5319,,,,6.315,0.2381
EPSM,under120,2026-09-23T13:41:00Z,morning,1.5202,-0.05577639751552801,False,shallow_outside,1-3,true,true,2026-09-23T14:15:00Z,5.2493,,,false,,,1.4109,-7.1898
EQ,under120,2026-09-23T13:41:00Z,morning,1.8,-0.06735751295336782,False,shallow_outside,1-3,true,false,,,1.8,97.8261,false,,,1.74,-3.3333
EQX,under120,2026-09-23T15:41:00Z,morning,11.965,-0.06230407523510971,False,other_price_or_range,10-120,false,,,,,,,,,,
ERAS,under120,2026-09-23T15:41:00Z,morning,14.44,-0.07138263665594863,False,other_price_or_range,10-120,false,,,,,,,,,,
ESYN,under120,2026-09-23T13:41:00Z,morning,2.1807,-0.05186956521739129,False,shallow_outside,1-3,true,true,2026-09-23T14:30:00Z,5.0122,,,false,,,2.34,7.305
ETS,under120,2026-09-23T15:41:00Z,morning,1.53,-0.07272727272727265,False,shallow_outside,1-3,true,true,2026-09-23T19:40:00Z,3.268,,,false,,,1.63,6.5359
EUDA,under120,2026-09-23T13:41:00Z,morning,16.35,-0.05409314434480756,False,other_price_or_range,10-120,false,,,,,,,,,,
EVER,under120,2026-09-23T15:41:00Z,morning,18.08,-0.07519181585677762,False,other_price_or_range,10-120,false,,,,,,,,,,
EVGN,under120,2026-09-23T15:41:00Z,morning,0.4407,-0.1069908814589666,True,in_bracket,<1,true,true,2026-09-23T16:20:00Z,5.0601,,,false,,,0.4523,2.6322
EVGO,under120,2026-09-23T19:40:00Z,afternoon,1.375,-0.06462585034013604,False,shallow_outside,1-3,true,false,,,1.3782,97.7447,,,,1.365,-0.7273
EVMN,under120,2026-09-23T15:41:00Z,morning,9.08,-0.05416666666666663,False,shallow_outside,3-10,true,false,,,9.08,97.9504,true,8.81,-2.9736,8.77,-3.4141
EVTL,under120,2026-09-23T19:40:00Z,afternoon,0.6925,-0.061144251626898086,False,shallow_outside,<1,true,false,,,0.6963,98.4866,,,,0.6856,-0.9964
EWTX,under120,2026-09-23T15:41:00Z,morning,41.12,-0.07616266007638735,False,other_price_or_range,10-120,false,,,,,,,,,,
EXK,under120,2026-09-23T13:41:00Z,morning,9.61,-0.08563273073263562,False,shallow_outside,3-10,true,false,,,9.61,97.9613,true,9.255,-3.6941,9.255,-3.6941
EXPE,120to500,2026-09-23T13:41:00Z,morning,266.6275,-0.05013359458496613,False,other_price_or_range,120-500,false,,,,,,,,,,
EYPT,under120,2026-09-23T15:41:00Z,morning,3.855,-0.052825552825552895,False,shallow_outside,3-10,true,false,,,3.9,98.9848,false,,,3.72,-3.5019
FBGL,under120,2026-09-23T13:41:00Z,morning,0.4066,-0.11551011529258208,True,in_bracket,<1,true,false,,,0.4252,101.9664,false,,,0.4051,-0.3689
FBX,under120,2026-09-23T13:41:00Z,morning,35.25,-0.16514893506161324,False,other_price_or_range,10-120,false,,,,,,,,,,
FCXG,under120,2026-09-23T13:41:00Z,morning,15.73,-0.06030084710324142,False,other_price_or_range,10-120,false,,,,,,,,,,
FDMT,under120,2026-09-23T15:41:00Z,morning,14.79,-0.06863979848866508,False,other_price_or_range,10-120,false,,,,,,,,,,
FEAM,under120,2026-09-23T15:41:00Z,morning,2.67,-0.09183673469387756,False,shallow_outside,1-3,true,false,,,2.685,98.3516,false,,,2.64,-1.1236
FEBO,under120,2026-09-23T19:40:00Z,afternoon,0.6547,-0.06014929658340518,False,shallow_outside,<1,true,true,2026-09-23T19:50:00Z,2.0315,,,,,,0.6738,2.9174
FGBI,under120,2026-09-23T19:40:00Z,afternoon,7.73,-0.07646356033452793,False,shallow_outside,3-10,true,false,,,7.73,97.9721,,,,7.66,-0.9056
FGL,under120,2026-09-23T13:41:00Z,morning,4.32,-0.06896551724137918,False,shallow_outside,3-10,true,true,2026-09-23T17:05:00Z,5.0926,,,false,,,4.54,5.0926
FGRU,under120,2026-09-23T13:41:00Z,morning,12.03,-0.059421422986708355,False,other_price_or_range,10-120,false,,,,,,,,,,
FHTX,under120,2026-09-23T15:41:00Z,morning,4.02,-0.05188679245283034,False,shallow_outside,3-10,true,false,,,4.0784,99.2311,false,,,3.87,-3.7313
FIGR,under120,2026-09-23T15:41:00Z,morning,35.13,-0.053354890864995876,False,other_price_or_range,10-120,false,,,,,,,,,,
FIGS,under120,2026-09-23T15:41:00Z,morning,12.15,-0.061776061776061694,False,other_price_or_range,10-120,false,,,,,,,,,,
FIP,under120,2026-09-23T15:41:00Z,morning,3.085,-0.05368098159509197,False,shallow_outside,3-10,true,false,,,3.11,98.7302,false,,,3.11,0.8104
FLL,under120,2026-09-23T19:40:00Z,afternoon,1.79,-0.0725388601036269,False,shallow_outside,1-3,true,false,,,1.795,98.0874,,,,1.785,-0.2793
FLNA,under120,2026-09-23T13:41:00Z,morning,0.8649,-0.16029126213592235,True,in_bracket,<1,true,true,2026-09-23T14:25:00Z,5.0989,,,false,,,0.8901,2.9136
FLUX,under120,2026-09-23T19:40:00Z,afternoon,0.5043,-0.055971546237364354,False,shallow_outside,<1,true,false,,,0.5043,97.9223,,,,0.5033,-0.1983
FLY,under120,2026-09-23T19:40:00Z,afternoon,21.9063,-0.061627757549796415,False,other_price_or_range,10-120,false,,,,,,,,,,
FMC,under120,2026-09-23T19:40:00Z,afternoon,10.005,-0.053453169347209034,False,other_price_or_range,10-120,false,,,,,,,,,,
FMST,under120,2026-09-23T19:40:00Z,afternoon,0.753,-0.08125915080527085,False,shallow_outside,<1,true,false,,,0.7608,98.9337,,,,0.7584,0.7171
FNKO,under120,2026-09-23T15:41:00Z,morning,5.33,-0.05160142348754449,False,shallow_outside,3-10,true,false,,,5.355,98.4375,false,,,5.325,-0.0938
FOIL,under120,2026-09-23T19:40:00Z,afternoon,18.75,-0.0501519756838905,False,other_price_or_range,10-120,false,,,,,,,,,,
FOXX,under120,2026-09-23T15:41:00Z,morning,2.2,-0.1634980988593155,True,in_bracket,1-3,true,true,2026-09-23T15:50:00Z,5.4545,,,false,,,2.47,12.2727
FPSX,under120,2026-09-23T13:41:00Z,morning,4.22,-0.07456140350877191,False,shallow_outside,3-10,true,true,2026-09-23T13:50:00Z,5.2133,,,false,,,4.91,16.3507
FRMI,under120,2026-09-23T19:40:00Z,afternoon,4.865,-0.05350194552529173,False,shallow_outside,3-10,true,false,,,4.8775,98.1388,,,,4.825,-0.8222
FRNM,under120,2026-09-23T15:41:00Z,morning,15.57,-0.05378304466727427,False,other_price_or_range,10-120,false,,,,,,,,,,
FTHM,under120,2026-09-23T19:40:00Z,afternoon,0.5302,-0.05152057245080509,False,shallow_outside,<1,true,true,2026-09-23T19:55:00Z,2.037,,,,,,0.5343,0.7733
FWDI,under120,2026-09-23T15:41:00Z,morning,8.105,-0.05755813953488363,False,shallow_outside,3-10,true,false,,,8.24,99.6372,false,,,8.05,-0.6786
GAME,under120,2026-09-23T19:40:00Z,afternoon,3.135,-0.05287009063444117,False,shallow_outside,3-10,true,false,,,3.135,97.9688,,,,3.07,-2.0734
GANX,under120,2026-09-23T19:40:00Z,afternoon,1.849,-0.051794871794871786,False,shallow_outside,1-3,true,false,,,1.85,97.8836,,,,1.845,-0.2163
GAU,under120,2026-09-23T13:41:00Z,morning,2.07,-0.05045871559633042,False,shallow_outside,1-3,true,false,,,2.085,98.3491,false,,,2.07,0.0
GCL,under120,2026-09-23T13:41:00Z,morning,0.6376,-0.07298633323640596,False,shallow_outside,<1,true,true,2026-09-23T14:20:00Z,5.0816,,,false,,,0.6554,2.7917
GCTK,under120,2026-09-23T15:41:00Z,morning,2.06,-0.07207207207207213,False,shallow_outside,1-3,true,false,,,2.16,101.8868,false,,,2.02,-1.9417
GDXJ,120to500,2026-09-23T15:41:00Z,morning,121.0,-0.05446589044307259,False,other_price_or_range,120-500,false,,,,,,,,,,
GDXU,120to500,2026-09-23T13:41:00Z,morning,134.35,-0.11325985083492837,False,other_price_or_range,120-500,false,,,,,,,,,,
GDXW,under120,2026-09-23T13:41:00Z,morning,41.52,-0.05012250948847997,False,other_price_or_range,10-120,false,,,,,,,,,,
GELS,under120,2026-09-23T13:41:00Z,morning,0.5686,-0.06786885245901639,False,shallow_outside,<1,true,true,2026-09-23T15:20:00Z,5.1706,,,false,,,0.5861,3.0777
GENB,under120,2026-09-23T19:40:00Z,afternoon,16.49,-0.05555555555555569,False,other_price_or_range,10-120,false,,,,,,,,,,
GERN,under120,2026-09-23T15:41:00Z,morning,1.235,-0.05725190839694653,False,shallow_outside,1-3,true,false,,,1.26,100.0,false,,,1.23,-0.4049
GETY,under120,2026-09-23T15:41:00Z,morning,0.2216,-0.07781939242613409,False,shallow_outside,<1,true,false,,,0.2217,97.6652,false,,,0.22,-0.722
GEVO,under120,2026-09-23T19:40:00Z,afternoon,1.465,-0.060897435897435875,False,shallow_outside,1-3,true,false,,,1.48,98.6667,,,,1.455,-0.6826
GFI,under120,2026-09-23T15:41:00Z,morning,40.47,-0.057960893854748646,False,other_price_or_range,10-120,false,,,,,,,,,,
GHRS,under120,2026-09-23T19:40:00Z,afternoon,26.025,-0.06586503948312997,False,other_price_or_range,10-120,false,,,,,,,,,,
GIFT,under120,2026-09-23T15:41:00Z,morning,0.6463,-0.05095447870778276,False,shallow_outside,<1,true,true,2026-09-23T19:10:00Z,3.0481,,,false,,,0.68,5.2143
GIPR,under120,2026-09-23T19:40:00Z,afternoon,0.5332,-0.06423306423306417,False,shallow_outside,<1,true,true,2026-09-23T19:55:00Z,2.0255,,,,,,0.5281,-0.9565
GITS,under120,2026-09-23T15:41:00Z,morning,2.109,-0.0830434782608695,False,shallow_outside,1-3,true,false,,,2.109,96.7431,true,2.09,-0.9009,2.01,-4.6942
GLSI,under120,2026-09-23T15:41:00Z,morning,18.33,-0.05903490759753604,False,other_price_or_range,10-120,false,,,,,,,,,,
GLUE,under120,2026-09-23T15:41:00Z,morning,11.95,-0.05158730158730162,False,other_price_or_range,10-120,false,,,,,,,,,,
GMTL,under120,2026-09-23T19:40:00Z,afternoon,10.77,-0.059388646288209584,False,other_price_or_range,10-120,false,,,,,,,,,,
GNSS,under120,2026-09-23T19:40:00Z,afternoon,1.4802,-0.05719745222929942,False,shallow_outside,1-3,true,true,2026-09-23T19:40:00Z,2.0132,,,,,,1.51,2.0132
GOAI,under120,2026-09-23T15:41:00Z,morning,1.94,-0.08920187793427228,False,shallow_outside,1-3,true,true,2026-09-23T18:20:00Z,4.1237,,,false,,,1.93,-0.5155
GOGL,under120,2026-09-23T15:41:00Z,morning,23.35,-0.05648941328592208,False,other_price_or_range,10-120,false,,,,,,,,,,
GOGO,under120,2026-09-23T19:40:00Z,afternoon,2.32,-0.06072874493927139,False,shallow_outside,1-3,true,false,,,2.325,98.1013,,,,2.305,-0.6466
GOSS,under120,2026-09-23T15:41:00Z,morning,10.78,-0.07784431137724553,False,other_price_or_range,10-120,false,,,,,,,,,,
GRML,under120,2026-09-23T15:41:00Z,morning,12.4,-0.12367491166077738,False,other_price_or_range,10-120,false,,,,,,,,,,
GROY,under120,2026-09-23T15:41:00Z,morning,3.18,-0.050746268656716394,False,shallow_outside,3-10,true,false,,,3.21,98.7692,false,,,3.18,0.0
GRPN,under120,2026-09-23T15:41:00Z,morning,19.965,-0.061795112781954945,False,other_price_or_range,10-120,false,,,,,,,,,,
GSIW,under120,2026-09-23T19:40:00Z,afternoon,14.3,-0.0684039087947882,False,other_price_or_range,10-120,false,,,,,,,,,,
GURE,under120,2026-09-23T13:41:00Z,morning,3.45,-0.07008086253369267,False,shallow_outside,3-10,true,false,,,3.45,98.0114,false,,,3.4,-1.4493
GUTS,under120,2026-09-23T13:41:00Z,morning,0.5246,-0.05135623869801101,False,shallow_outside,<1,true,false,,,0.5301,98.8993,false,,,0.4821,-8.1014
GWH,under120,2026-09-23T19:40:00Z,afternoon,0.3631,-0.0800608056751964,False,shallow_outside,<1,true,false,,,0.3666,98.814,,,,0.3666,0.9639
HBTC,under120,2026-09-23T13:41:00Z,morning,21.2,-0.05555728802384271,False,other_price_or_range,10-120,false,,,,,,,,,,
HCAT,under120,2026-09-23T15:41:00Z,morning,1.795,-0.050264550264550255,False,shallow_outside,1-3,true,false,,,1.795,97.5543,false,,,1.731,-3.5655
HCWB,under120,2026-09-23T15:41:00Z,morning,1.699,-0.06132596685082872,False,shallow_outside,1-3,true,false,,,1.71,98.2759,true,1.6599,-2.3014,1.66,-2.2955
HDRN,under120,2026-09-23T19:40:00Z,afternoon,1.39,-0.06081081081081086,False,shallow_outside,1-3,true,true,2026-09-23T19:55:00Z,2.1583,,,,,,1.4,0.7194
HIMS,under120,2026-09-23T19:40:00Z,afternoon,28.63,-0.0591521524811042,False,other_price_or_range,10-120,false,,,,,,,,,,
HLLY,under120,2026-09-23T15:41:00Z,morning,2.505,-0.061797752808988776,False,shallow_outside,1-3,true,false,,,2.53,98.8281,false,,,2.47,-1.3972
HLSQ,under120,2026-09-23T13:41:00Z,morning,0.5766,-0.13682634730538926,True,in_bracket,<1,true,true,2026-09-23T13:45:00Z,5.0989,,,false,,,0.5578,-3.2605
HMY,under120,2026-09-23T15:41:00Z,morning,18.65,-0.059031281533804325,False,other_price_or_range,10-120,false,,,,,,,,,,
HSDT,under120,2026-09-23T15:41:00Z,morning,3.02,-0.0764525993883792,False,shallow_outside,3-10,true,false,,,3.02,97.7346,false,,,2.89,-4.3046
HSLV,under120,2026-09-23T13:41:00Z,morning,5.51,-0.054888507718696446,False,shallow_outside,3-10,true,false,,,5.57,98.9343,false,,,5.46,-0.9074
HTFL,under120,2026-09-23T19:40:00Z,afternoon,47.295,-0.057305162447677895,False,other_price_or_range,10-120,false,,,,,,,,,,
HUBC,under120,2026-09-23T13:41:00Z,morning,3.87,-0.08726415094339625,False,shallow_outside,3-10,true,false,,,3.88,98.2278,false,,,3.21,-17.0543
HVII,under120,2026-09-23T19:40:00Z,afternoon,4.18,-0.5396475770925111,False,other_price_or_range,3-10,false,,,,,,,,,,
HYFT,under120,2026-09-23T19:40:00Z,afternoon,1.39,-0.06081081081081086,False,shallow_outside,1-3,true,false,,,1.4,98.5915,,,,1.38,-0.7194
HYGD,under120,2026-09-23T13:41:00Z,morning,48.32,-0.05035366071761977,False,other_price_or_range,10-120,false,,,,,,,,,,
HYLN,under120,2026-09-23T19:40:00Z,afternoon,4.185,-0.063758389261745,False,shallow_outside,3-10,true,false,,,4.185,98.0094,,,,4.14,-1.0753
HYMC,under120,2026-09-23T13:41:00Z,morning,21.15,-0.06787130894667266,False,other_price_or_range,10-120,false,,,,,,,,,,
IAG,under120,2026-09-23T15:41:00Z,morning,19.83,-0.05074198180947833,False,other_price_or_range,10-120,false,,,,,,,,,,
IAUX,under120,2026-09-23T13:41:00Z,morning,1.7577,-0.06005347593582891,False,shallow_outside,1-3,true,false,,,1.77,98.3333,false,,,1.755,-0.1536
IBRX,under120,2026-09-23T15:41:00Z,morning,8.72,-0.06135629709364893,False,shallow_outside,3-10,true,false,,,8.765,98.4831,false,,,8.615,-1.2041
ICCM,under120,2026-09-23T19:40:00Z,afternoon,1.851,-0.05076923076923076,False,shallow_outside,1-3,true,false,,,1.8799,99.4656,,,,1.83,-1.1345
IDYA,under120,2026-09-23T19:40:00Z,afternoon,37.12,-0.06522286577688248,False,other_price_or_range,10-120,false,,,,,,,,,,
IE,under120,2026-09-23T13:41:00Z,morning,10.07,-0.06238361266294226,False,other_price_or_range,10-120,false,,,,,,,,,,
IKT,under120,2026-09-23T15:41:00Z,morning,2.1901,-0.051904761904761856,False,shallow_outside,1-3,true,false,,,2.205,98.4375,false,,,2.16,-1.3744
ILLR,under120,2026-09-23T15:41:00Z,morning,0.396,-0.07906976744186041,False,shallow_outside,<1,true,false,,,0.4061,100.5198,false,,,0.3912,-1.2121
IMC,under120,2026-09-23T15:41:00Z,morning,7.355,-0.08519900497512423,False,shallow_outside,3-10,true,false,,,7.55,100.5326,false,,,7.13,-3.0591
IMCC,under120,2026-09-23T13:41:00Z,morning,2.9,-0.29951690821256033,False,deep_outside,1-3,true,true,2026-09-23T14:15:00Z,5.1724,,,false,,,2.885,-0.5172
IMDX,under120,2026-09-23T15:41:00Z,morning,3.76,-0.09178743961352655,False,shallow_outside,3-10,true,true,2026-09-23T19:15:00Z,3.1915,,,false,,,3.91,3.9894
IMMP,under120,2026-09-23T13:41:00Z,morning,0.268,-0.05333804309431297,False,shallow_outside,<1,true,false,,,0.2783,101.5693,false,,,0.2633,-1.7537
IMMX,under120,2026-09-23T15:41:00Z,morning,12.0,-0.0646921278254092,False,other_price_or_range,10-120,false,,,,,,,,,,
IMNM,under120,2026-09-23T19:40:00Z,afternoon,24.4,-0.052427184466019475,False,other_price_or_range,10-120,false,,,,,,,,,,
IMRN,under120,2026-09-23T19:40:00Z,afternoon,1.19,-0.051792828685258925,False,shallow_outside,1-3,true,false,,,1.19,97.541,,,,1.19,0.0
IMTE,under120,2026-09-23T13:41:00Z,morning,0.4726,-0.06876847290640381,False,shallow_outside,<1,true,true,2026-09-23T19:40:00Z,3.047,,,false,,,0.4817,1.9255
IMUX,under120,2026-09-23T15:41:00Z,morning,9.84,-0.09225092250922509,False,shallow_outside,3-10,true,false,,,9.895,98.5558,false,,,9.37,-4.7764
IMVT,under120,2026-09-23T15:41:00Z,morning,33.845,-0.09238401716277823,False,other_price_or_range,10-120,false,,,,,,,,,,
INBX,under120,2026-09-23T15:41:00Z,morning,104.2525,-0.0579877112135177,False,other_price_or_range,10-120,false,,,,,,,,,,
INDP,under120,2026-09-23T15:41:00Z,morning,3.66,-0.08270676691729324,False,shallow_outside,3-10,true,true,2026-09-23T18:50:00Z,3.0055,,,false,,,3.735,2.0492
INMB,under120,2026-09-23T15:41:00Z,morning,2.015,-0.06712962962962964,False,shallow_outside,1-3,true,false,,,2.06,100.0,false,,,2.005,-0.4963
INNV,under120,2026-09-23T13:41:00Z,morning,9.54,-0.10464570624120134,True,in_bracket,3-10,true,false,,,9.74,100.0,false,,,9.0009,-5.6509
INTR,under120,2026-09-23T19:40:00Z,afternoon,5.255,-0.05144404332129966,False,shallow_outside,3-10,true,false,,,5.2699,98.1359,,,,5.25,-0.0951
IONS,under120,2026-09-23T15:41:00Z,morning,43.435,-0.050601092896174815,False,other_price_or_range,10-120,false,,,,,,,,,,
IONZ,under120,2026-09-23T13:41:00Z,morning,22.34,-0.07838283828382833,False,other_price_or_range,10-120,false,,,,,,,,,,
IPSC,under120,2026-09-23T19:40:00Z,afternoon,1.785,-0.05555555555555555,False,shallow_outside,1-3,true,false,,,1.79,97.8142,,,,1.7625,-1.2605
IPX,under120,2026-09-23T13:41:00Z,morning,19.92,-0.07219375873311584,False,other_price_or_range,10-120,false,,,,,,,,,,
IRD,under120,2026-09-23T15:41:00Z,morning,4.78,-0.07364341085271316,False,shallow_outside,3-10,true,true,2026-09-23T19:50:00Z,2.0921,,,true,4.705,-1.569,4.815,0.7322
IREC,under120,2026-09-23T13:41:00Z,morning,27.3,-0.05331271196432404,False,other_price_or_range,10-120,false,,,,,,,,,,
ITG,under120,2026-09-23T13:41:00Z,morning,10.465,-0.050362976406533554,False,other_price_or_range,10-120,false,,,,,,,,,,
JAGX,under120,2026-09-23T13:41:00Z,morning,16.66,-0.5165409170052234,False,other_price_or_range,10-120,false,,,,,,,,,,
JANX,under120,2026-09-23T15:41:00Z,morning,16.585,-0.050658271322266635,False,other_price_or_range,10-120,false,,,,,,,,,,
JBDI,under120,2026-09-23T19:40:00Z,afternoon,1.13,-0.05042016806722694,False,shallow_outside,1-3,true,false,,,1.13,97.4138,,,,1.11,-1.7699
JBIO,under120,2026-09-23T15:41:00Z,morning,15.41,-0.08054892601431989,False,other_price_or_range,10-120,false,,,,,,,,,,
JKS,under120,2026-09-23T19:40:00Z,afternoon,9.95,-0.05057251908396957,False,shallow_outside,3-10,true,false,,,9.9699,98.2256,,,,9.94,-0.1005
JNUG,120to500,2026-09-23T13:41:00Z,morning,173.33,-0.08450853007975492,False,other_price_or_range,120-500,false,,,,,,,,,,
JSPR,under120,2026-09-23T15:41:00Z,morning,0.5914,-0.05056991491411137,False,shallow_outside,<1,true,false,,,0.5999,99.3212,false,,,0.5668,-4.1596
JTAI,under120,2026-09-23T15:41:00Z,morning,1.675,-0.06944444444444445,False,shallow_outside,1-3,true,false,,,1.675,97.9532,true,1.625,-2.9851,1.62,-3.2836
JYD,under120,2026-09-23T15:41:00Z,morning,0.9307,-0.09640776699029131,False,shallow_outside,<1,true,true,2026-09-23T18:50:00Z,5.0822,,,false,,,1.02,9.5949
JZ,under120,2026-09-23T19:40:00Z,afternoon,0.4923,-0.10490909090909095,True,in_bracket,<1,true,false,,,0.4941,98.2306,,,,0.4937,0.2844
KALA,under120,2026-09-23T15:41:00Z,morning,0.5633,-0.0595993322203672,False,shallow_outside,<1,true,false,,,0.5731,99.6696,false,,,0.5666,0.5858
KARD,under120,2026-09-23T15:41:00Z,morning,14.955,-0.09032846715328474,False,other_price_or_range,10-120,false,,,,,,,,,,
KBAB,under120,2026-09-23T13:41:00Z,morning,6.905,-0.07285568505290298,False,shallow_outside,3-10,true,false,,,6.905,97.9433,true,6.8,-1.5206,6.735,-2.462
KEEX,under120,2026-09-23T13:41:00Z,morning,9.1,-0.06185567010309275,False,shallow_outside,3-10,true,false,,,9.38,100.9688,false,,,9.02,-0.8791
KIDZ,under120,2026-09-23T15:41:00Z,morning,2.69,-0.09579831932773114,False,shallow_outside,1-3,true,true,2026-09-23T19:45:00Z,2.2305,,,false,,,2.8,4.0892
KITT,under120,2026-09-23T15:41:00Z,morning,0.5438,-0.13117111359642125,True,in_bracket,<1,true,false,,,0.5447,98.1441,false,,,0.5225,-3.9169
KLC,under120,2026-09-23T13:41:00Z,morning,2.174,-0.06293103448275858,False,shallow_outside,1-3,true,true,2026-09-23T16:10:00Z,5.3358,,,false,,,2.202,1.2879
KMRK,under120,2026-09-23T19:40:00Z,afternoon,0.95,-0.06209892388192315,False,shallow_outside,<1,false,,,,,,,,,,
KNF,under120,2026-09-23T13:41:00Z,morning,52.76,-0.05481906126836263,False,other_price_or_range,10-120,false,,,,,,,,,,
KOD,under120,2026-09-23T15:41:00Z,morning,31.32,-0.07337278106508867,False,other_price_or_range,10-120,false,,,,,,,,,,
KORU,under120,2026-09-23T13:41:00Z,morning,22.16,-0.0677324358435002,False,other_price_or_range,10-120,false,,,,,,,,,,
KPLT,under120,2026-09-23T15:41:00Z,morning,7.83,-0.060024009603841535,False,shallow_outside,3-10,true,false,,,7.83,97.9975,false,,,7.12,-9.0677
KREF,under120,2026-09-23T19:40:00Z,afternoon,6.115,-0.07628398791540784,False,shallow_outside,3-10,true,false,,,6.135,98.3173,,,,6.06,-0.8994
KRKR,under120,2026-09-23T15:41:00Z,morning,3.01,-0.050473186119873864,False,shallow_outside,3-10,false,,,,,,,,,,
KRSA,under120,2026-09-23T19:40:00Z,afternoon,32.61,-0.0677530017152658,False,other_price_or_range,10-120,false,,,,,,,,,,
KSCP,under120,2026-09-23T15:41:00Z,morning,1.0395,-0.05068493150684921,False,shallow_outside,1-3,true,false,,,1.04,97.1963,false,,,0.98,-5.7239
KSS,under120,2026-09-23T19:40:00Z,afternoon,17.265,-0.05500821018062392,False,other_price_or_range,10-120,false,,,,,,,,,,
KURA,under120,2026-09-23T15:41:00Z,morning,10.97,-0.06479113384484227,False,other_price_or_range,10-120,false,,,,,,,,,,
KYMR,under120,2026-09-23T19:40:00Z,afternoon,115.63,-0.052679010322792125,False,other_price_or_range,10-120,false,,,,,,,,,,
KYTX,under120,2026-09-23T15:41:00Z,morning,7.09,-0.055925432756324896,False,shallow_outside,3-10,true,false,,,7.16,98.895,true,7.045,-0.6347,7.075,-0.2116
KZIA,under120,2026-09-23T13:41:00Z,morning,10.26,-0.060439560439560454,False,other_price_or_range,10-120,false,,,,,,,,,,
LABT,under120,2026-09-23T15:41:00Z,morning,1.8678,-0.06140703517587944,False,shallow_outside,1-3,true,false,,,1.92,100.5236,false,,,1.79,-4.1653
LABU,120to500,2026-09-23T15:41:00Z,morning,257.5605,-0.10878719723183394,False,other_price_or_range,120-500,false,,,,,,,,,,
LASC,under120,2026-09-23T13:41:00Z,morning,6.6899,-0.05242209631728044,False,shallow_outside,3-10,true,true,2026-09-23T19:45:00Z,4.0374,,,false,,,7.16,7.027
LB,under120,2026-09-23T19:40:00Z,afternoon,82.4375,-0.05146128178575534,False,other_price_or_range,10-120,false,,,,,,,,,,
LBRX,under120,2026-09-23T19:40:00Z,afternoon,39.155,-0.08280627781681885,False,other_price_or_range,10-120,false,,,,,,,,,,
LCTX,under120,2026-09-23T15:41:00Z,morning,0.9772,-0.06038461538461546,False,shallow_outside,<1,true,false,,,0.9774,97.74,false,,,0.9656,-1.1871
LDI,under120,2026-09-23T19:40:00Z,afternoon,0.6842,-0.06504509428805681,False,shallow_outside,<1,true,false,,,0.688,98.5673,,,,0.6756,-1.2569
LEE,under120,2026-09-23T19:40:00Z,afternoon,6.87,-0.06530612244897953,False,shallow_outside,3-10,true,false,,,6.87,98.0029,,,,6.77,-1.4556
LENZ,under120,2026-09-23T15:41:00Z,morning,3.8551,-0.06656174334140429,False,shallow_outside,3-10,true,false,,,3.87,98.2234,false,,,3.755,-2.5966
LESL,under120,2026-09-23T19:40:00Z,afternoon,0.416,-0.0583974649162518,False,shallow_outside,<1,true,false,,,0.4186,98.4941,,,,0.4185,0.601
LEUX,under120,2026-09-23T13:41:00Z,morning,8.48,-0.0842332613390928,False,shallow_outside,3-10,true,false,,,8.75,101.1561,false,,,8.5,0.2358
LFMD,under120,2026-09-23T19:40:00Z,afternoon,3.065,-0.07121212121212118,False,shallow_outside,3-10,true,false,,,3.07,98.0831,,,,3.055,-0.3263
LGHL,under120,2026-09-23T19:40:00Z,afternoon,7.06,-0.09020618556701034,False,shallow_outside,3-10,false,,,,,,,,,,
LGIH,under120,2026-09-23T19:40:00Z,afternoon,48.8,-0.06522363758260706,False,other_price_or_range,10-120,false,,,,,,,,,,
LHSW,under120,2026-09-23T13:41:00Z,morning,0.7613,-0.143740861545383,True,in_bracket,<1,true,true,2026-09-23T13:45:00Z,5.0834,,,false,,,0.7625,0.1576
LIFE,under120,2026-09-23T15:41:00Z,morning,34.1,-0.05775075987841936,False,other_price_or_range,10-120,false,,,,,,,,,,
LITS,under120,2026-09-23T15:41:00Z,morning,1.225,-0.057692307692307654,False,shallow_outside,1-3,true,false,,,1.225,98.0,false,,,1.185,-3.2653
LMND,under120,2026-09-23T15:41:00Z,morning,45.18,-0.05263157894736838,False,other_price_or_range,10-120,false,,,,,,,,,,
LOBO,under120,2026-09-23T19:40:00Z,afternoon,0.5791,-0.06309658631289441,False,shallow_outside,<1,true,false,,,0.5876,99.4247,,,,0.572,-1.226
LODE,under120,2026-09-23T13:41:00Z,morning,2.62,-0.050724637681159306,False,shallow_outside,1-3,true,true,2026-09-23T19:55:00Z,2.2901,,,false,,,2.685,2.4809
LPA,under120,2026-09-23T19:40:00Z,afternoon,3.04,-0.05882352941176469,False,shallow_outside,3-10,false,,,,,,,,,,
LUCD,under120,2026-09-23T15:41:00Z,morning,0.8458,-0.05243110015684512,False,shallow_outside,<1,true,false,,,0.847,98.146,false,,,0.8406,-0.6148
LUNL,under120,2026-09-23T13:41:00Z,morning,4.1301,-0.057054794520548,False,shallow_outside,3-10,true,true,2026-09-23T14:00:00Z,5.0822,,,false,,,3.835,-7.1451
LUNR,under120,2026-09-23T19:40:00Z,afternoon,15.215,-0.06311576354679795,False,other_price_or_range,10-120,false,,,,,,,,,,
LVLU,under120,2026-09-23T19:40:00Z,afternoon,10.685,-0.05358724534986702,False,other_price_or_range,10-120,false,,,,,,,,,,
LVO,under120,2026-09-23T15:41:00Z,morning,2.72,-0.055555555555555455,False,shallow_outside,1-3,true,false,,,2.72,97.8417,false,,,2.44,-10.2941
LVWR,under120,2026-09-23T19:40:00Z,afternoon,1.375,-0.051724137931034454,False,shallow_outside,1-3,true,false,,,1.38,97.8723,,,,1.335,-2.9091
LWAY,under120,2026-09-23T19:40:00Z,afternoon,22.31,-0.05144557823129255,False,other_price_or_range,10-120,false,,,,,,,,,,
LX,under120,2026-09-23T19:40:00Z,afternoon,0.7239,-0.058280213347209654,False,shallow_outside,<1,true,false,,,0.7257,98.2003,,,,0.7257,0.2487
LXEO,under120,2026-09-23T15:41:00Z,morning,3.585,-0.11916461916461923,True,in_bracket,3-10,true,false,,,3.585,97.9508,false,,,3.52,-1.8131
LXRX,under120,2026-09-23T19:40:00Z,afternoon,2.05,-0.05963302752293593,False,shallow_outside,1-3,true,false,,,2.08,99.0476,,,,2.05,0.0
LYEL,under120,2026-09-23T15:41:00Z,morning,10.57,-0.05201793721973095,False,other_price_or_range,10-120,false,,,,,,,,,,
LZM,under120,2026-09-23T13:41:00Z,morning,3.865,-0.05961070559610708,False,shallow_outside,3-10,true,true,2026-09-23T19:55:00Z,2.1992,,,false,,,3.955,2.3286
MATH,under120,2026-09-23T19:40:00Z,afternoon,0.95,-0.050000000000000044,False,shallow_outside,<1,false,,,,,,,,,,
MAX,under120,2026-09-23T19:40:00Z,afternoon,9.38,-0.06012024048096189,False,shallow_outside,3-10,true,false,,,9.405,98.2759,,,,9.39,0.1066
MBAI,under120,2026-09-23T19:40:00Z,afternoon,5.655,-0.11363636363636358,True,in_bracket,3-10,true,false,,,5.655,98.0069,,,,5.47,-3.2714
MBRX,under120,2026-09-23T19:40:00Z,afternoon,0.5198,-0.07999999999999985,False,shallow_outside,<1,true,false,,,0.5299,99.7928,,,,0.525,1.0004
MCD,120to500,2026-09-23T15:41:00Z,morning,236.74,-0.05436389055322543,False,other_price_or_range,120-500,false,,,,,,,,,,
MCHX,under120,2026-09-23T19:40:00Z,afternoon,1.33,-0.06338028169014075,False,shallow_outside,1-3,true,true,2026-09-23T19:50:00Z,2.2556,,,,,,1.32,-0.7519
MCRB,under120,2026-09-23T19:40:00Z,afternoon,3.75,-0.06716417910447751,False,shallow_outside,3-10,true,false,,,3.8075,99.4125,,,,3.79,1.0667
MEDS,under120,2026-09-23T15:41:00Z,morning,3.93,-0.08070175438596495,False,shallow_outside,3-10,true,false,,,4.0,99.7506,false,,,3.83,-2.5445
MENS,under120,2026-09-23T15:41:00Z,morning,2.215,-0.06932773109243699,False,shallow_outside,1-3,true,false,,,2.24,99.115,false,,,2.1493,-2.9661
METCB,under120,2026-09-23T15:41:00Z,morning,4.845,-0.05739299610894941,False,shallow_outside,3-10,true,false,,,4.87,98.3838,false,,,4.68,-3.4056
MGN,under120,2026-09-23T15:41:00Z,morning,3.905,-0.056763285024154564,False,shallow_outside,3-10,true,false,,,3.955,99.1228,false,,,3.875,-0.7682
MGNX,under120,2026-09-23T15:41:00Z,morning,3.895,-0.05461165048543691,False,shallow_outside,3-10,true,false,,,3.915,98.3668,false,,,3.81,-2.1823
MIRA,under120,2026-09-23T19:40:00Z,afternoon,0.8578,-0.05320088300220752,False,shallow_outside,<1,true,false,,,0.8579,98.0457,,,,0.8543,-0.408
MIST,under120,2026-09-23T19:40:00Z,afternoon,0.853,-0.07383279044516836,False,shallow_outside,<1,true,true,2026-09-23T19:55:00Z,2.1102,,,,,,0.8531,0.0117
MKDW,under120,2026-09-23T19:40:00Z,afternoon,1.5495,-0.09912790697674412,False,shallow_outside,1-3,true,true,2026-09-23T19:55:00Z,2.6137,,,,,,1.56,0.6776
MLYS,under120,2026-09-23T15:41:00Z,morning,27.835,-0.05323129251700673,False,other_price_or_range,10-120,false,,,,,,,,,,
MNPR,under120,2026-09-23T15:41:00Z,morning,91.53,-0.05277864017385899,False,other_price_or_range,10-120,false,,,,,,,,,,
MNTK,under120,2026-09-23T15:41:00Z,morning,2.395,-0.07884615384615387,False,shallow_outside,1-3,true,false,,,2.405,98.1633,false,,,2.275,-5.0104
MNTN,under120,2026-09-23T19:40:00Z,afternoon,10.565,-0.057537912578055427,False,other_price_or_range,10-120,false,,,,,,,,,,
MOB,under120,2026-09-23T15:41:00Z,morning,5.15,-0.05156537753222824,False,shallow_outside,3-10,true,false,,,5.15,97.9087,true,5.06,-1.7476,5.02,-2.5243
MPG,under120,2026-09-23T13:41:00Z,morning,4.02,-0.07373271889400929,False,shallow_outside,3-10,true,false,,,4.11,100.0,false,,,3.95,-1.7413
MPLT,under120,2026-09-23T15:41:00Z,morning,10.26,-0.05524861878453036,False,other_price_or_range,10-120,false,,,,,,,,,,
MRLN,under120,2026-09-23T13:41:00Z,morning,1.775,-0.07552083333333334,False,shallow_outside,1-3,true,false,,,1.84,101.0989,false,,,1.77,-0.2817
MRNO,under120,2026-09-23T13:41:00Z,morning,0.2772,-0.12055837563451771,True,in_bracket,<1,true,false,,,0.2843,100.4594,false,,,0.2404,-13.2756
MRP,under120,2026-09-23T19:40:00Z,afternoon,26.87,-0.06474068917507829,False,other_price_or_range,10-120,false,,,,,,,,,,
MTNB,under120,2026-09-23T15:41:00Z,morning,0.1678,-0.051977401129943424,False,shallow_outside,<1,true,true,2026-09-23T16:00:00Z,5.4827,,,false,,,0.1707,1.7282
MUX,under120,2026-09-23T15:41:00Z,morning,18.71,-0.06869089099054251,False,other_price_or_range,10-120,false,,,,,,,,,,
MWC,under120,2026-09-23T15:41:00Z,morning,1.745,-0.061827956989247305,False,shallow_outside,1-3,true,true,2026-09-23T18:00:00Z,4.298,,,false,,,1.84,5.4441
NAII,under120,2026-09-23T15:41:00Z,morning,1.8,-0.052631578947368356,False,shallow_outside,1-3,true,true,2026-09-23T17:50:00Z,5.0,,,false,,,1.83,1.6667
NAKA,under120,2026-09-23T19:40:00Z,afternoon,9.2,-0.06788247213779129,False,shallow_outside,3-10,true,false,,,9.24,98.4026,,,,9.165,-0.3804
NAMI,under120,2026-09-23T15:41:00Z,morning,1.6688,-0.05717514124293783,False,shallow_outside,1-3,true,false,,,1.6865,98.6257,false,,,1.61,-3.5235
NAMM,under120,2026-09-23T15:41:00Z,morning,1.32,-0.06382978723404245,False,shallow_outside,1-3,true,false,,,1.33,98.5185,false,,,1.26,-4.5455
NAVN,under120,2026-09-23T19:40:00Z,afternoon,19.57,-0.06653947054614832,False,other_price_or_range,10-120,false,,,,,,,,,,
NBIG,under120,2026-09-23T13:41:00Z,morning,17.51,-0.05351351351351343,False,other_price_or_range,10-120,false,,,,,,,,,,
NBIL,under120,2026-09-23T13:41:00Z,morning,25.32,-0.055576277508392335,False,other_price_or_range,10-120,false,,,,,,,,,,
NBP,under120,2026-09-23T15:41:00Z,morning,1.505,-0.05345911949685546,False,shallow_outside,1-3,true,false,,,1.53,99.3506,false,,,1.525,1.3289
NCEL,under120,2026-09-23T19:40:00Z,afternoon,2.758,-0.09147807754389428,False,shallow_outside,1-3,true,true,2026-09-23T19:55:00Z,2.248,,,,,,2.86,3.6983
NCRA,under120,2026-09-23T19:40:00Z,afternoon,1.88,-0.09178743961352655,False,shallow_outside,1-3,true,false,,,1.88,97.9167,,,,1.83,-2.6596
NCT,under120,2026-09-23T19:40:00Z,afternoon,5.38,-0.10333333333333335,True,in_bracket,3-10,true,true,2026-09-23T19:55:00Z,2.0446,,,,,,5.465,1.5799
NCTY,under120,2026-09-23T19:40:00Z,afternoon,3.66,-0.05670103092783499,False,shallow_outside,3-10,true,false,,,3.6742,98.2406,,,,3.64,-0.5464
NEBX,under120,2026-09-23T13:41:00Z,morning,26.0,-0.05385735080058226,False,other_price_or_range,10-120,false,,,,,,,,,,
NEMG,under120,2026-09-23T13:41:00Z,morning,22.06,-0.07065702778760774,False,other_price_or_range,10-120,false,,,,,,,,,,
NEON,under120,2026-09-23T19:40:00Z,afternoon,0.8902,-0.051970181043663424,False,shallow_outside,<1,true,false,,,0.8902,97.9318,,,,0.8826,-0.8537
NERV,under120,2026-09-23T15:41:00Z,morning,3.61,-0.05249343832021002,False,shallow_outside,3-10,true,false,,,3.63,98.374,false,,,3.5,-3.0471
NEWP,under120,2026-09-23T13:41:00Z,morning,6.51,-0.05788712011577429,False,shallow_outside,3-10,true,false,,,6.57,98.797,true,6.445,-0.9985,6.54,0.4608
NEXR,under120,2026-09-23T13:41:00Z,morning,1.38,-0.10967741935483881,True,in_bracket,1-3,true,true,2026-09-23T13:45:00Z,5.0725,,,false,,,1.475,6.8841
NFE,under120,2026-09-23T15:41:00Z,morning,7.095,-0.12944785276073625,True,in_bracket,3-10,true,false,,,7.12,98.3425,false,,,6.39,-9.9366
NG,under120,2026-09-23T15:41:00Z,morning,7.15,-0.0797940797940797,False,shallow_outside,3-10,true,false,,,7.27,99.589,false,,,7.27,1.6783
NGNE,under120,2026-09-23T15:41:00Z,morning,30.94,-0.07916666666666666,False,other_price_or_range,10-120,false,,,,,,,,,,
NHTC,under120,2026-09-23T15:41:00Z,morning,1.04,-0.05454545454545459,False,shallow_outside,1-3,true,false,,,1.05,98.1308,false,,,1.04,0.0
NIVF,under120,2026-09-23T15:41:00Z,morning,0.7241,-0.11011429273688093,True,in_bracket,<1,true,true,2026-09-23T15:55:00Z,5.096,,,false,,,0.5999,-17.1523
NKLR,under120,2026-09-23T19:40:00Z,afternoon,3.669,-0.09183168316831683,False,shallow_outside,3-10,true,false,,,3.69,98.4,,,,3.66,-0.2453
NKTR,under120,2026-09-23T15:41:00Z,morning,57.36,-0.05920944726914875,False,other_price_or_range,10-120,false,,,,,,,,,,
NKTX,under120,2026-09-23T15:41:00Z,morning,2.685,-0.08983050847457631,False,shallow_outside,1-3,true,true,2026-09-23T19:50:00Z,2.0484,,,false,,,2.755,2.6071
NMAD,under120,2026-09-23T13:41:00Z,morning,3.585,-0.06151832460732981,False,shallow_outside,3-10,true,false,,,3.73,101.9126,false,,,3.53,-1.5342
NMRA,under120,2026-09-23T15:41:00Z,morning,0.7017,-0.09865125240847782,False,shallow_outside,<1,true,true,2026-09-23T16:30:00Z,5.0306,,,false,,,0.7346,4.6886
NMRK,under120,2026-09-23T19:40:00Z,afternoon,13.2101,-0.05236011477761829,False,other_price_or_range,10-120,false,,,,,,,,,,
NN,under120,2026-09-23T19:40:00Z,afternoon,14.47,-0.05609915198956291,False,other_price_or_range,10-120,false,,,,,,,,,,
NRGV,under120,2026-09-23T19:40:00Z,afternoon,4.515,-0.05345911949685533,False,shallow_outside,3-10,true,false,,,4.525,98.1562,,,,4.425,-1.9934
NRIX,under120,2026-09-23T19:40:00Z,afternoon,24.22,-0.05648617062719138,False,other_price_or_range,10-120,false,,,,,,,,,,
NTHI,under120,2026-09-23T15:41:00Z,morning,3.24,-0.06086956521739129,False,shallow_outside,3-10,true,false,,,3.28,99.0937,true,3.16,-2.4691,3.25,0.3086
NUGT,120to500,2026-09-23T13:41:00Z,morning,171.11,-0.07202125928737987,False,other_price_or_range,120-500,false,,,,,,,,,,
NUR,under120,2026-09-23T13:41:00Z,morning,1.095,-0.06410256410256407,False,shallow_outside,1-3,true,true,2026-09-23T14:25:00Z,5.0228,,,false,,,1.12,2.2831
NUVB,under120,2026-09-23T19:40:00Z,afternoon,5.785,-0.051639344262295,False,shallow_outside,3-10,true,false,,,5.785,97.8849,,,,5.705,-1.3829
NVA,under120,2026-09-23T15:41:00Z,morning,5.57,-0.0654362416107382,False,shallow_outside,3-10,true,false,,,5.6192,98.7557,false,,,5.6,0.5386
NVCT,under120,2026-09-23T15:41:00Z,morning,21.22,-0.07739130434782614,False,other_price_or_range,10-120,false,,,,,,,,,,
NVRI,under120,2026-09-23T19:40:00Z,afternoon,19.46,-0.05533980582524274,False,other_price_or_range,10-120,false,,,,,,,,,,
NVTX,under120,2026-09-23T13:41:00Z,morning,16.9,-0.0724478594950604,False,other_price_or_range,10-120,false,,,,,,,,,,
NXB,under120,2026-09-23T15:41:00Z,morning,2.02,-0.06481481481481487,False,shallow_outside,1-3,true,false,,,2.11,101.9324,false,,,2.065,2.2277
NXDR,under120,2026-09-23T15:41:00Z,morning,2.355,-0.05800000000000001,False,shallow_outside,1-3,true,false,,,2.38,98.7552,false,,,2.36,0.2123
NXH,under120,2026-09-23T19:40:00Z,afternoon,3.335,-0.05790960451977403,False,shallow_outside,3-10,true,false,,,3.36,98.5337,,,,3.36,0.7496
NXPX,under120,2026-09-23T13:41:00Z,morning,10.8111,-0.09216791085508913,False,other_price_or_range,10-120,false,,,,,,,,,,
NXTC,under120,2026-09-23T15:41:00Z,morning,4.9101,-0.05210424710424707,False,shallow_outside,3-10,true,false,,,4.9682,99.1657,false,,,4.7501,-3.2586
NXTS,under120,2026-09-23T19:40:00Z,afternoon,1.31,-0.07092198581560274,False,shallow_outside,1-3,true,true,2026-09-23T19:55:00Z,2.2901,,,,,,1.56,19.084
NXTT,under120,2026-09-23T15:41:00Z,morning,5.83,-0.06719999999999998,False,shallow_outside,3-10,true,false,,,5.845,98.2353,false,,,5.71,-2.0583
NYT,under120,2026-09-23T19:40:00Z,afternoon,62.075,-0.05156608097784568,False,other_price_or_range,10-120,false,,,,,,,,,,
NYXH,under120,2026-09-23T19:40:00Z,afternoon,1.325,-0.05357142857142854,False,shallow_outside,1-3,true,false,,,1.325,97.4265,,,,1.315,-0.7547
OBX,under120,2026-09-23T15:41:00Z,morning,16.03,-0.0570588235294117,False,other_price_or_range,10-120,false,,,,,,,,,,
OCS,under120,2026-09-23T19:40:00Z,afternoon,9.93,-0.07282913165266117,False,shallow_outside,3-10,true,false,,,9.98,98.5192,,,,9.97,0.4028
OCUL,under120,2026-09-23T19:40:00Z,afternoon,9.875,-0.05952380952380952,False,shallow_outside,3-10,true,false,,,10.03,99.504,,,,10.005,1.3165
ODD,under120,2026-09-23T15:41:00Z,morning,17.82,-0.05111821086261985,False,other_price_or_range,10-120,false,,,,,,,,,,
ODTX,under120,2026-09-23T15:41:00Z,morning,21.57,-0.07583547557840616,False,other_price_or_range,10-120,false,,,,,,,,,,
OKLC,under120,2026-09-23T13:41:00Z,morning,11.7,-0.06452386663468461,False,other_price_or_range,10-120,false,,,,,,,,,,
OKLL,under120,2026-09-23T13:41:00Z,morning,10.82,-0.060935072599612894,False,other_price_or_range,10-120,false,,,,,,,,,,
OKUR,under120,2026-09-23T15:41:00Z,morning,2.92,-0.05806451612903231,False,shallow_outside,1-3,true,true,2026-09-23T19:35:00Z,2.0548,,,false,,,2.94,0.6849
OLMA,under120,2026-09-23T15:41:00Z,morning,9.015,-0.06483402489626555,False,shallow_outside,3-10,true,false,,,9.085,98.75,false,,,8.835,-1.9967
OLOX,under120,2026-09-23T13:41:00Z,morning,0.87,-0.05434782608695657,False,shallow_outside,<1,true,false,,,0.8949,100.777,false,,,0.8292,-4.6897
OM,under120,2026-09-23T19:40:00Z,afternoon,3.11,-0.05471124620060795,False,shallow_outside,3-10,true,false,,,3.1175,98.0346,,,,3.1,-0.3215
ONCY,under120,2026-09-23T19:40:00Z,afternoon,0.6775,-0.050189261180429066,False,shallow_outside,<1,true,false,,,0.6851,99.0029,,,,0.6849,1.0923
ONEW,under120,2026-09-23T19:40:00Z,afternoon,9.74,-0.05068226120857696,False,shallow_outside,3-10,true,true,2026-09-23T19:55:00Z,2.0534,,,,,,9.97,2.3614
OPAL,under120,2026-09-23T13:41:00Z,morning,1.8083,-0.07739795918367344,False,shallow_outside,1-3,true,true,2026-09-23T18:45:00Z,3.412,,,false,,,1.86,2.859
OPEG,under120,2026-09-23T13:41:00Z,morning,1.195,-0.09987948177161783,False,shallow_outside,1-3,true,false,,,1.21,99.1803,true,1.17,-2.0921,1.16,-2.9289
OPEN,under120,2026-09-23T15:41:00Z,morning,2.6199,-0.05076086956521736,False,shallow_outside,1-3,true,false,,,2.62,97.7612,false,,,2.58,-1.523
OPENW,under120,2026-09-23T13:41:00Z,morning,0.129,-0.06521739130434788,False,shallow_outside,<1,true,false,,,0.13,98.4848,false,,,0.127,-1.5504
OPEX,under120,2026-09-23T13:41:00Z,morning,4.7,-0.10133843212237098,True,in_bracket,3-10,true,false,,,4.725,98.4375,true,4.5806,-2.5404,4.54,-3.4043
OPTU,under120,2026-09-23T19:40:00Z,afternoon,1.035,-0.08407079646017697,False,shallow_outside,1-3,true,false,,,1.035,97.6415,,,,1.015,-1.9324
ORBS,under120,2026-09-23T13:41:00Z,morning,1.11,-0.05128205128205114,False,shallow_outside,1-3,true,false,,,1.12,98.2456,false,,,1.0591,-4.5856
ORKA,under120,2026-09-23T15:41:00Z,morning,86.58,-0.08429402432575356,False,other_price_or_range,10-120,false,,,,,,,,,,
OSSL,under120,2026-09-23T13:41:00Z,morning,3.8188,-0.07357900099463859,False,shallow_outside,3-10,true,false,,,3.92,98.4925,false,,,3.92,2.65
OSTX,under120,2026-09-23T19:40:00Z,afternoon,1.655,-0.06497175141242938,False,shallow_outside,1-3,true,false,,,1.66,98.2249,,,,1.66,0.3021
OUSL,under120,2026-09-23T13:41:00Z,morning,14.5582,-0.06797695262483994,False,other_price_or_range,10-120,false,,,,,,,,,,
OVID,under120,2026-09-23T15:41:00Z,morning,2.54,-0.07971014492753614,False,shallow_outside,1-3,true,false,,,2.58,99.2308,false,,,2.565,0.9843
OWLT,under120,2026-09-23T19:40:00Z,afternoon,5.22,-0.05605786618444855,False,shallow_outside,3-10,true,false,,,5.22,97.9362,,,,5.22,0.0
OXM,under120,2026-09-23T15:41:00Z,morning,26.525,-0.05638562789043048,False,other_price_or_range,10-120,false,,,,,,,,,,
PAAS,under120,2026-09-23T15:41:00Z,morning,48.04,-0.05526057030481814,False,other_price_or_range,10-120,false,,,,,,,,,,
PALI,under120,2026-09-23T19:40:00Z,afternoon,1.6,-0.0532544378698224,False,shallow_outside,1-3,true,false,,,1.62,98.7805,,,,1.615,0.9375
PAY,under120,2026-09-23T19:40:00Z,afternoon,29.88,-0.07492260061919499,False,other_price_or_range,10-120,false,,,,,,,,,,
PAYX,under120,2026-09-23T13:41:00Z,morning,108.35,-0.053959661224133475,False,other_price_or_range,10-120,false,,,,,,,,,,
PBLS,under120,2026-09-23T15:41:00Z,morning,34.81,-0.08802724652868743,False,other_price_or_range,10-120,false,,,,,,,,,,
PBYI,under120,2026-09-23T19:40:00Z,afternoon,9.285,-0.05448065173116091,False,shallow_outside,3-10,true,false,,,9.3,98.1013,,,,9.285,0.0
PCT,under120,2026-09-23T19:40:00Z,afternoon,5.17,-0.07513416815742396,False,shallow_outside,3-10,true,false,,,5.17,97.9167,,,,5.155,-0.2901
PCVX,under120,2026-09-23T15:41:00Z,morning,55.83,-0.05404947475432065,False,other_price_or_range,10-120,false,,,,,,,,,,
PDSB,under120,2026-09-23T15:41:00Z,morning,0.8408,-0.07604395604395608,False,shallow_outside,<1,true,false,,,0.8618,100.4429,false,,,0.8239,-2.01
PEPG,under120,2026-09-23T15:41:00Z,morning,2.8,-0.06040268456375844,False,shallow_outside,1-3,true,false,,,2.805,98.0769,false,,,2.725,-2.6786
PESI,under120,2026-09-23T15:41:00Z,morning,15.67,-0.05202661826981253,False,other_price_or_range,10-120,false,,,,,,,,,,
PFSA,under120,2026-09-23T13:41:00Z,morning,1.98,-0.08755760368663593,False,shallow_outside,1-3,true,true,2026-09-23T13:45:00Z,5.0505,,,false,,,2.07,4.5455
PGEN,under120,2026-09-23T15:41:00Z,morning,7.395,-0.06273764258555135,False,shallow_outside,3-10,true,false,,,7.525,99.6689,false,,,7.43,0.4733
PGY,under120,2026-09-23T13:41:00Z,morning,19.595,-0.05657197881559946,False,other_price_or_range,10-120,false,,,,,,,,,,
PHAT,under120,2026-09-23T15:41:00Z,morning,7.34,-0.05412371134020618,False,shallow_outside,3-10,true,false,,,7.34,97.9973,true,7.2,-1.9074,6.99,-4.7684
PHVS,under120,2026-09-23T19:40:00Z,afternoon,33.24,-0.0556818181818182,False,other_price_or_range,10-120,false,,,,,,,,,,
PLAG,under120,2026-09-23T19:40:00Z,afternoon,0.7101,-0.06933158584534739,False,shallow_outside,<1,true,true,2026-09-23T19:40:00Z,2.0983,,,,,,0.7172,0.9999
PLG,under120,2026-09-23T13:41:00Z,morning,1.365,-0.0520833333333333,False,shallow_outside,1-3,true,false,,,1.37,97.8571,false,,,1.35,-1.0989
PLTL,under120,2026-09-23T13:41:00Z,morning,59.37,-0.08394331773912835,False,other_price_or_range,10-120,false,,,,,,,,,,
PLTZ,under120,2026-09-23T13:41:00Z,morning,7.7494,-0.05031862745098045,False,shallow_outside,3-10,true,false,,,7.94,100.3793,false,,,7.57,-2.315
PMAX,under120,2026-09-23T15:41:00Z,morning,0.9216,-0.07609022556390985,False,shallow_outside,<1,true,false,,,0.9216,97.0105,true,0.92,-0.1736,0.9189,-0.293
PMCB,under120,2026-09-23T19:40:00Z,afternoon,0.4314,-0.059105779716466765,False,shallow_outside,<1,true,false,,,0.4369,99.0703,,,,0.4302,-0.2782
PMVP,under120,2026-09-23T15:41:00Z,morning,1.405,-0.0695364238410596,False,shallow_outside,1-3,true,false,,,1.41,97.9167,false,,,1.38,-1.7794
PNBK,under120,2026-09-23T13:41:00Z,morning,0.9201,-0.051443298969072106,False,shallow_outside,<1,true,true,2026-09-23T17:35:00Z,4.0104,,,false,,,0.9508,3.3366
POAS,under120,2026-09-23T15:41:00Z,morning,0.1613,-0.05117647058823537,False,shallow_outside,<1,true,false,,,0.1626,96.7857,false,,,0.1621,0.496
POM,under120,2026-09-23T15:41:00Z,morning,0.75,-0.06132665832290368,False,shallow_outside,<1,true,true,2026-09-23T18:55:00Z,5.0667,,,false,,,0.9,20.0
PPCB,under120,2026-09-23T15:41:00Z,morning,0.61,-0.06298003072196626,False,shallow_outside,<1,true,true,2026-09-23T19:50:00Z,2.1311,,,false,,,0.6176,1.2459
PPSI,under120,2026-09-23T19:40:00Z,afternoon,3.22,-0.05571847507331377,False,shallow_outside,3-10,true,true,2026-09-23T19:55:00Z,2.1739,,,,,,3.27,1.5528
PPTA,under120,2026-09-23T15:41:00Z,morning,23.075,-0.06805331179321494,False,other_price_or_range,10-120,false,,,,,,,,,,
PRAX,120to500,2026-09-23T15:41:00Z,morning,285.6125,-0.05001663063362703,False,other_price_or_range,120-500,false,,,,,,,,,,
PRG,under120,2026-09-23T19:40:00Z,afternoon,32.39,-0.0529239766081872,False,other_price_or_range,10-120,false,,,,,,,,,,
PRLD,under120,2026-09-23T15:41:00Z,morning,4.4,-0.09278350515463904,False,shallow_outside,3-10,true,false,,,4.4266,98.588,false,,,4.308,-2.0909
PRME,under120,2026-09-23T15:41:00Z,morning,3.265,-0.07768361581920902,False,shallow_outside,3-10,true,false,,,3.28,98.2036,false,,,3.125,-4.2879
PROK,under120,2026-09-23T19:40:00Z,afternoon,1.675,-0.08469945355191258,False,shallow_outside,1-3,true,false,,,1.69,98.8304,,,,1.68,0.2985
PRPO,under120,2026-09-23T19:40:00Z,afternoon,24.25,-0.07671806586712357,False,other_price_or_range,10-120,false,,,,,,,,,,
PRQR,under120,2026-09-23T15:41:00Z,morning,1.76,-0.07368421052631574,False,shallow_outside,1-3,true,false,,,1.76,97.7778,true,1.73,-1.7045,1.695,-3.6932
PRZO,under120,2026-09-23T19:40:00Z,afternoon,0.6432,-0.054395765951190875,False,shallow_outside,<1,true,false,,,0.6432,97.8995,,,,0.6302,-2.0211
QDEL,under120,2026-09-23T19:40:00Z,afternoon,10.36,-0.053016453382084106,False,other_price_or_range,10-120,false,,,,,,,,,,
QMLS,under120,2026-09-23T15:41:00Z,morning,6.838,-0.1516129032258065,True,in_bracket,3-10,true,true,2026-09-23T18:35:00Z,3.1003,,,false,,,7.11,3.9778
QNCX,under120,2026-09-23T19:40:00Z,afternoon,29.5,-0.05901116427432221,False,other_price_or_range,10-120,false,,,,,,,,,,
QNME,under120,2026-09-23T13:41:00Z,morning,0.7802,-0.08308849453519801,False,shallow_outside,<1,true,true,2026-09-23T13:55:00Z,5.1013,,,false,,,0.8198,5.0756
QNST,under120,2026-09-23T15:41:00Z,morning,14.51,-0.05039267015706804,False,other_price_or_range,10-120,false,,,,,,,,,,
QTTB,under120,2026-09-23T15:41:00Z,morning,9.96,-0.05771050141911063,False,shallow_outside,3-10,true,false,,,9.96,98.0315,true,9.76,-2.008,9.5598,-4.0181
QUA,under120,2026-09-23T13:41:00Z,morning,12.59,-0.11916155934290436,False,other_price_or_range,10-120,false,,,,,,,,,,
QVCG,under120,2026-09-23T19:40:00Z,afternoon,15.04,-0.05349276274386415,False,other_price_or_range,10-120,false,,,,,,,,,,
RADX,under120,2026-09-23T13:41:00Z,morning,1.555,-0.057575757575757565,False,shallow_outside,1-3,true,true,2026-09-23T18:00:00Z,5.4662,,,false,,,1.625,4.5016
RAIN,under120,2026-09-23T13:41:00Z,morning,0.8716,-0.14549019607843133,True,in_bracket,<1,true,true,2026-09-23T13:45:00Z,5.0941,,,false,,,1.0025,15.0184
RAPP,under120,2026-09-23T15:41:00Z,morning,35.75,-0.1379310344827586,False,other_price_or_range,10-120,false,,,,,,,,,,
RARE,under120,2026-09-23T15:41:00Z,morning,14.83,-0.050272174191482555,False,other_price_or_range,10-120,false,,,,,,,,,,
RC,under120,2026-09-23T15:41:00Z,morning,1.57,-0.054216867469879436,False,shallow_outside,1-3,true,false,,,1.58,98.1366,false,,,1.455,-7.3248
RCAX,under120,2026-09-23T13:41:00Z,morning,9.165,-0.07068474260046043,False,shallow_outside,3-10,true,true,2026-09-23T15:25:00Z,5.0736,,,false,,,8.85,-3.437
RCKT,under120,2026-09-23T15:41:00Z,morning,3.165,-0.05522388059701494,False,shallow_outside,3-10,true,false,,,3.17,98.1424,false,,,3.02,-4.5814
RDWU,under120,2026-09-23T13:41:00Z,morning,6.8,-0.07103825136612028,False,shallow_outside,3-10,true,true,2026-09-23T14:00:00Z,5.0,,,false,,,6.63,-2.5
REAL,under120,2026-09-23T15:41:00Z,morning,9.215,-0.06919191919191924,False,shallow_outside,3-10,true,false,,,9.28,98.7234,false,,,9.15,-0.7054
REAX,under120,2026-09-23T13:41:00Z,morning,16.06,-0.06246351430239348,False,other_price_or_range,10-120,false,,,,,,,,,,
REED,under120,2026-09-23T15:41:00Z,morning,0.5884,-0.06588347356723287,False,shallow_outside,<1,true,true,2026-09-23T19:40:00Z,3.1611,,,false,,,0.6121,4.0279
REF,under120,2026-09-23T19:40:00Z,afternoon,12.51,-0.0801470588235294,False,other_price_or_range,10-120,false,,,,,,,,,,
REFR,under120,2026-09-23T13:41:00Z,morning,0.73,-0.06338208878624584,False,shallow_outside,<1,true,false,,,0.7599,102.0,false,,,0.6979,-4.3973
REKR,under120,2026-09-23T15:41:00Z,morning,0.4358,-0.053842813721233146,False,shallow_outside,<1,true,false,,,0.4365,98.0899,false,,,0.4306,-1.1932
RELY,under120,2026-09-23T15:41:00Z,morning,19.815,-0.068843984962406,False,other_price_or_range,10-120,false,,,,,,,,,,
REMC,under120,2026-09-23T13:41:00Z,morning,21.16,-0.0785015634118087,False,other_price_or_range,10-120,false,,,,,,,,,,
RENT,under120,2026-09-23T15:41:00Z,morning,1.705,-0.09308510638297864,False,shallow_outside,1-3,true,false,,,1.7699,101.7184,false,,,1.71,0.2933
RETO,under120,2026-09-23T13:41:00Z,morning,0.16605,-0.05653409090909084,False,shallow_outside,<1,true,false,,,0.16605,97.6765,true,0.1586,-4.4866,0.1574,-5.2093
REVB,under120,2026-09-23T13:41:00Z,morning,0.9207,-0.06051020408163267,False,shallow_outside,<1,true,true,2026-09-23T14:15:00Z,5.0288,,,false,,,0.9344,1.488
RGNX,under120,2026-09-23T15:41:00Z,morning,7.58,-0.06993865030674849,False,shallow_outside,3-10,true,false,,,7.63,98.5788,false,,,7.495,-1.1214
RGTC,under120,2026-09-23T13:41:00Z,morning,19.92,-0.19674180410500414,False,other_price_or_range,10-120,false,,,,,,,,,,
RKDA,under120,2026-09-23T19:40:00Z,afternoon,0.34,-0.24107142857142852,True,in_bracket,<1,true,true,2026-09-23T19:45:00Z,2.0588,,,,,,0.362,6.4706
RLAY,under120,2026-09-23T15:41:00Z,morning,17.475,-0.09689922480620154,False,other_price_or_range,10-120,false,,,,,,,,,,
RLMD,under120,2026-09-23T15:41:00Z,morning,3.925,-0.07429245283018877,False,shallow_outside,3-10,true,false,,,3.945,98.3791,false,,,3.77,-3.949
RML,under120,2026-09-23T13:41:00Z,morning,5.9,-0.05448717948717946,False,shallow_outside,3-10,true,true,2026-09-23T15:00:00Z,5.0847,,,false,,,6.325,7.2034
RNA,under120,2026-09-23T15:41:00Z,morning,8.615,-0.06561822125813453,False,shallow_outside,3-10,true,false,,,8.62,98.066,false,,,8.32,-3.4243
RNAZ,under120,2026-09-23T19:40:00Z,afternoon,1.6789,-0.051468926553672294,False,shallow_outside,1-3,true,false,,,1.6859,98.0174,,,,1.68,0.0655
ROCK,under120,2026-09-23T19:40:00Z,afternoon,39.91,-0.0631455399061034,False,other_price_or_range,10-120,false,,,,,,,,,,
RPGL,under120,2026-09-23T15:41:00Z,morning,0.94,-0.3403508771929825,False,other_price_or_range,<1,false,,,,,,,,,,
RUBI,under120,2026-09-23T13:41:00Z,morning,1.06,-0.0701754385964911,False,shallow_outside,1-3,true,true,2026-09-23T14:20:00Z,5.6604,,,false,,,1.15,8.4906
RUM,under120,2026-09-23T15:41:00Z,morning,8.49,-0.052455357142857206,False,shallow_outside,3-10,true,false,,,8.49,98.037,true,8.305,-2.179,8.2647,-2.6537
RWT,under120,2026-09-23T13:41:00Z,morning,3.82,-0.07055961070559622,False,shallow_outside,3-10,true,false,,,3.83,98.2051,false,,,3.71,-2.8796
RXRX,under120,2026-09-23T15:41:00Z,morning,3.825,-0.05555555555555547,False,shallow_outside,3-10,true,false,,,3.84,98.2097,false,,,3.705,-3.1373
RYAN,under120,2026-09-23T19:40:00Z,afternoon,36.03,-0.06269510926118618,False,other_price_or_range,10-120,false,,,,,,,,,,
SAFX,under120,2026-09-23T15:41:00Z,morning,0.42,-0.0841692106410816,False,shallow_outside,<1,true,true,2026-09-23T18:20:00Z,4.0476,,,false,,,0.4286,2.0476
SAGT,under120,2026-09-23T15:41:00Z,morning,0.6028,-0.05606013153773872,False,shallow_outside,<1,true,true,2026-09-23T19:50:00Z,2.3557,,,false,,,0.6101,1.211
SANA,under120,2026-09-23T15:41:00Z,morning,3.1,-0.06906906906906907,False,shallow_outside,3-10,true,false,,,3.13,98.7382,false,,,3.08,-0.6452
SBSW,under120,2026-09-23T13:41:00Z,morning,10.73,-0.05959684487291847,False,other_price_or_range,10-120,false,,,,,,,,,,
SCNI,under120,2026-09-23T13:41:00Z,morning,1.78,-0.06806282722513084,False,shallow_outside,1-3,true,true,2026-09-23T16:05:00Z,5.0562,,,false,,,1.96,10.1124
SCTX,under120,2026-09-23T15:41:00Z,morning,26.49,-0.05628785179907381,False,other_price_or_range,10-120,false,,,,,,,,,,
SCYX,under120,2026-09-23T19:40:00Z,afternoon,4.54,-0.065843621399177,False,shallow_outside,3-10,true,false,,,4.58,98.7069,,,,4.58,0.8811
SCZM,under120,2026-09-23T15:41:00Z,morning,8.81,-0.07748691099476442,False,shallow_outside,3-10,true,false,,,8.895,98.9433,false,,,8.87,0.681
SDA,under120,2026-09-23T13:41:00Z,morning,0.4407,-0.10061224489795921,True,in_bracket,<1,true,false,,,0.4541,100.9111,false,,,0.446,1.2026
SDEV,under120,2026-09-23T15:41:00Z,morning,1.165,-0.08267716535433069,False,shallow_outside,1-3,true,false,,,1.165,97.8992,true,1.1403,-2.1202,1.1,-5.5794
SDGR,under120,2026-09-23T19:40:00Z,afternoon,28.86,-0.05993485342019544,False,other_price_or_range,10-120,false,,,,,,,,,,
SDOT,under120,2026-09-23T13:41:00Z,morning,11.13,-0.05517826825127323,False,other_price_or_range,10-120,false,,,,,,,,,,
SDST,under120,2026-09-23T19:40:00Z,afternoon,0.115,-0.059689288634505316,False,shallow_outside,<1,true,false,,,0.1176,99.661,,,,0.1174,2.087
SEDG,under120,2026-09-23T19:40:00Z,afternoon,33.26,-0.07815964523281597,False,other_price_or_range,10-120,false,,,,,,,,,,
SEPN,under120,2026-09-23T15:41:00Z,morning,37.56,-0.06983655274888559,False,other_price_or_range,10-120,false,,,,,,,,,,
SER,under120,2026-09-23T19:40:00Z,afternoon,2.19,-0.05194805194805199,False,shallow_outside,1-3,true,true,2026-09-23T19:50:00Z,2.2831,,,,,,2.24,2.2831
SES,under120,2026-09-23T15:41:00Z,morning,0.529,-0.05095084320057406,False,shallow_outside,<1,true,false,,,0.5338,98.8519,false,,,0.5243,-0.8885
SFIX,under120,2026-09-23T15:41:00Z,morning,2.825,-0.05518394648829432,False,shallow_outside,1-3,true,false,,,2.85,98.6159,false,,,2.82,-0.177
SGMT,under120,2026-09-23T15:41:00Z,morning,10.355,-0.06627592425608651,False,other_price_or_range,10-120,false,,,,,,,,,,
SGRY,under120,2026-09-23T19:40:00Z,afternoon,14.445,-0.0857594936708861,False,other_price_or_range,10-120,false,,,,,,,,,,
SHAZ,under120,2026-09-23T13:41:00Z,morning,56.8,-0.10140800506249018,False,other_price_or_range,10-120,false,,,,,,,,,,
SHFS,under120,2026-09-23T15:41:00Z,morning,0.1675,-0.05099150141643049,False,shallow_outside,<1,true,true,2026-09-23T19:25:00Z,3.2836,,,false,,,0.1636,-2.3284
SHIM,under120,2026-09-23T15:41:00Z,morning,3.305,-0.05571428571428567,False,shallow_outside,3-10,true,true,2026-09-23T19:50:00Z,2.2693,,,false,,,3.42,3.4796
SHLS,under120,2026-09-23T19:40:00Z,afternoon,7.595,-0.06809815950920252,False,shallow_outside,3-10,true,false,,,7.74,99.871,,,,7.73,1.7775
SHPH,under120,2026-09-23T19:40:00Z,afternoon,3.55,-0.055851063829787224,False,shallow_outside,3-10,true,true,2026-09-23T19:55:00Z,2.2535,,,,,,3.6043,1.5296
SION,under120,2026-09-23T15:41:00Z,morning,5.5,-0.08637873754152818,False,shallow_outside,3-10,true,false,,,5.56,99.1087,false,,,5.5,0.0
SITX,under120,2026-09-23T13:41:00Z,morning,18.045,-0.060821501436482385,False,other_price_or_range,10-120,false,,,,,,,,,,
SK,under120,2026-09-23T13:41:00Z,morning,30.26,-0.051113201630605176,False,other_price_or_range,10-120,false,,,,,,,,,,
SKE,under120,2026-09-23T13:41:00Z,morning,31.48,-0.05351773902585682,False,other_price_or_range,10-120,false,,,,,,,,,,
SKHL,under120,2026-09-23T13:41:00Z,morning,11.68,-0.05040650406504073,False,other_price_or_range,10-120,false,,,,,,,,,,
SLDB,under120,2026-09-23T15:41:00Z,morning,8.29,-0.07062780269058305,False,shallow_outside,3-10,true,false,,,8.3293,98.4551,false,,,8.01,-3.3776
SLDP,under120,2026-09-23T19:40:00Z,afternoon,2.35,-0.05622489959839362,False,shallow_outside,1-3,true,false,,,2.37,98.75,,,,2.355,0.2128
SLMT,under120,2026-09-23T19:40:00Z,afternoon,4.0,-0.05213270142180089,False,shallow_outside,3-10,true,false,,,4.0,98.0392,,,,3.87,-3.25
SLN,under120,2026-09-23T15:41:00Z,morning,11.56,-0.059397884458909575,False,other_price_or_range,10-120,false,,,,,,,,,,
SLQT,under120,2026-09-23T15:41:00Z,morning,0.43085,-0.0501543209876543,False,shallow_outside,<1,true,false,,,0.4323,98.25,false,,,0.431,0.0348
SLSR,under120,2026-09-23T13:41:00Z,morning,7.31,-0.05064935064935072,False,shallow_outside,3-10,true,false,,,7.348,98.4987,false,,,7.22,-1.2312
SLXN,under120,2026-09-23T13:41:00Z,morning,0.3349,-0.14631659444302833,True,in_bracket,<1,true,true,2026-09-23T13:45:00Z,5.106,,,false,,,0.3167,-5.4345
SMUP,under120,2026-09-23T13:41:00Z,morning,3.7499,-0.08315403422982887,False,shallow_outside,3-10,true,true,2026-09-23T14:50:00Z,5.0695,,,false,,,3.89,3.7361
SNAG,under120,2026-09-23T13:41:00Z,morning,5.485,-0.053461724304548916,False,shallow_outside,3-10,true,false,,,5.485,97.9464,true,5.21,-5.0137,5.105,-6.928
SNAP,under120,2026-09-23T15:41:00Z,morning,5.2987,-0.05717081850533806,False,shallow_outside,3-10,true,false,,,5.32,98.3364,false,,,5.3,0.0245
SONM,under120,2026-09-23T15:41:00Z,morning,4.12,-0.06150341685649194,False,shallow_outside,3-10,true,false,,,4.12,97.8622,true,4.1128,-0.1748,3.6101,-12.3762
SOWG,under120,2026-09-23T19:40:00Z,afternoon,2.4998,-0.0741481481481482,False,shallow_outside,1-3,true,false,,,2.5,98.0392,,,,2.4816,-0.7281
SPCE,under120,2026-09-23T19:40:00Z,afternoon,3.115,-0.06174698795180712,False,shallow_outside,3-10,true,false,,,3.12,98.1132,,,,3.12,0.1605
SPPL,under120,2026-09-23T13:41:00Z,morning,2.17,-0.07264957264957263,False,shallow_outside,1-3,true,true,2026-09-23T16:40:00Z,5.0691,,,false,,,2.17,0.0
SPRB,under120,2026-09-23T15:41:00Z,morning,46.66,-0.06661332266453301,False,other_price_or_range,10-120,false,,,,,,,,,,
SPRO,under120,2026-09-23T15:41:00Z,morning,1.25,-0.08088235294117653,False,shallow_outside,1-3,true,true,2026-09-23T19:35:00Z,2.4,,,false,,,1.26,0.8
SPRY,under120,2026-09-23T15:41:00Z,morning,4.235,-0.05468750000000002,False,shallow_outside,3-10,true,false,,,4.24,98.1481,false,,,4.185,-1.1806
SRPT,under120,2026-09-23T15:41:00Z,morning,19.31,-0.07208073041806824,False,other_price_or_range,10-120,false,,,,,,,,,,
SRZN,under120,2026-09-23T19:40:00Z,afternoon,16.52,-0.06136363636363646,False,other_price_or_range,10-120,false,,,,,,,,,,
SSII,under120,2026-09-23T19:40:00Z,afternoon,3.1227,-0.053727272727272665,False,shallow_outside,3-10,true,false,,,3.1325,98.1975,,,,3.11,-0.4067
SSM,under120,2026-09-23T15:41:00Z,morning,1.17,-0.07874015748031503,False,shallow_outside,1-3,true,true,2026-09-23T16:30:00Z,5.1282,,,false,,,1.19,1.7094
SSMR,under120,2026-09-23T15:41:00Z,morning,15.71,-0.07533843437316055,False,other_price_or_range,10-120,false,,,,,,,,,,
SSRM,under120,2026-09-23T19:40:00Z,afternoon,36.275,-0.052872062663185344,False,other_price_or_range,10-120,false,,,,,,,,,,
SST,under120,2026-09-23T19:40:00Z,afternoon,3.21,-0.07492795389048998,False,shallow_outside,3-10,true,false,,,3.21,97.8659,,,,3.205,-0.1558
STAK,under120,2026-09-23T15:41:00Z,morning,0.9839,-0.062952380952381,False,shallow_outside,<1,true,false,,,0.989,97.9208,false,,,0.9448,-3.974
STEM,under120,2026-09-23T19:40:00Z,afternoon,3.8214,-0.0517617866004963,False,shallow_outside,3-10,true,false,,,3.83,98.2051,,,,3.82,-0.0366
STFS,under120,2026-09-23T19:40:00Z,afternoon,3.4,-0.07103825136612028,False,shallow_outside,3-10,false,,,,,,,,,,
STKE,under120,2026-09-23T19:40:00Z,afternoon,1.53,-0.061349693251533666,False,shallow_outside,1-3,true,false,,,1.53,97.4522,,,,1.5,-1.9608
STOK,under120,2026-09-23T19:40:00Z,afternoon,26.355,-0.09743150684931504,False,other_price_or_range,10-120,false,,,,,,,,,,
STRR,under120,2026-09-23T13:41:00Z,morning,9.32,-0.05858585858585859,False,shallow_outside,3-10,true,true,2026-09-23T13:50:00Z,5.0429,,,false,,,10.325,10.7833
STRZ,under120,2026-09-23T15:41:00Z,morning,23.28,-0.09451575262543756,False,other_price_or_range,10-120,false,,,,,,,,,,
STUB,under120,2026-09-23T19:40:00Z,afternoon,5.33,-0.07142857142857145,False,shallow_outside,3-10,true,false,,,5.3497,98.3401,,,,5.305,-0.469
STXL,under120,2026-09-23T13:41:00Z,morning,33.955,-0.06691398735916466,False,other_price_or_range,10-120,false,,,,,,,,,,
STXU,under120,2026-09-23T13:41:00Z,morning,12.8671,-0.0655700798838053,False,other_price_or_range,10-120,false,,,,,,,,,,
STXX,under120,2026-09-23T13:41:00Z,morning,43.015,-0.0653992395437262,False,other_price_or_range,10-120,false,,,,,,,,,,
SUIG,under120,2026-09-23T19:40:00Z,afternoon,1.46,-0.05194805194805199,False,shallow_outside,1-3,true,true,2026-09-23T19:45:00Z,2.0548,,,,,,1.47,0.6849
SVIA,under120,2026-09-23T13:41:00Z,morning,3.82,-0.1802575107296138,True,in_bracket,3-10,true,true,2026-09-23T17:30:00Z,5.2356,,,false,,,4.0211,5.2644
SVM,under120,2026-09-23T13:41:00Z,morning,11.71,-0.05105348460291726,False,other_price_or_range,10-120,false,,,,,,,,,,
SVRE,under120,2026-09-23T13:41:00Z,morning,2.38,-0.15,True,in_bracket,1-3,true,false,,,2.47,101.6461,false,,,2.19,-7.9832
SWVL,under120,2026-09-23T19:40:00Z,afternoon,3.755,-0.07283950617283949,False,shallow_outside,3-10,true,true,2026-09-23T19:55:00Z,2.2636,,,,,,3.835,2.1305
TANH,under120,2026-09-23T15:41:00Z,morning,13.82,-0.08172757475083059,False,other_price_or_range,10-120,false,,,,,,,,,,
TBLA,under120,2026-09-23T19:40:00Z,afternoon,3.385,-0.05446927374301684,False,shallow_outside,3-10,true,false,,,3.41,98.5549,,,,3.39,0.1477
TCRT,under120,2026-09-23T13:41:00Z,morning,1.2002,-0.054960629921259906,False,shallow_outside,1-3,true,true,2026-09-23T14:05:00Z,5.8157,,,false,,,1.17,-2.5162
TDUP,under120,2026-09-23T19:40:00Z,afternoon,2.31,-0.05714285714285719,False,shallow_outside,1-3,true,false,,,2.32,98.3051,,,,2.285,-1.0823
TE,under120,2026-09-23T19:40:00Z,afternoon,4.0878,-0.062431192660550604,False,shallow_outside,3-10,true,false,,,4.09,98.0815,,,,4.035,-1.2916
TECX,under120,2026-09-23T15:41:00Z,morning,24.91,-0.06,False,other_price_or_range,10-120,false,,,,,,,,,,
THCH,under120,2026-09-23T15:41:00Z,morning,1.29,-0.05839416058394165,False,shallow_outside,1-3,false,,,,,,,,,,
THM,under120,2026-09-23T13:41:00Z,morning,2.78,-0.05762711864406792,False,shallow_outside,1-3,true,false,,,2.86,100.7042,false,,,2.82,1.4388
THRY,under120,2026-09-23T19:40:00Z,afternoon,1.88,-0.05050505050505055,False,shallow_outside,1-3,true,false,,,1.88,97.9167,,,,1.855,-1.3298
TLX,under120,2026-09-23T13:41:00Z,morning,11.33,-0.051882845188284454,False,other_price_or_range,10-120,false,,,,,,,,,,
TMC,under120,2026-09-23T15:41:00Z,morning,4.18,-0.052154195011337966,False,shallow_outside,3-10,true,false,,,4.19,98.1265,false,,,4.06,-2.8708
TMCR,under120,2026-09-23T19:40:00Z,afternoon,4.34,-0.07066381156316918,False,shallow_outside,3-10,true,true,2026-09-23T19:45:00Z,2.0737,,,,,,4.401,1.4055
TMS,under120,2026-09-23T13:41:00Z,morning,7.645,-0.07220873786407775,False,shallow_outside,3-10,true,true,2026-09-23T14:00:00Z,5.036,,,false,,,8.495,11.1184
TNDM,under120,2026-09-23T19:40:00Z,afternoon,16.48,-0.05828571428571426,False,other_price_or_range,10-120,false,,,,,,,,,,
TOPS,under120,2026-09-23T13:41:00Z,morning,0.7122,-0.18137931034482752,True,in_bracket,<1,true,true,2026-09-23T19:55:00Z,2.0781,,,false,,,0.6907,-3.0188
TPST,under120,2026-09-23T13:41:00Z,morning,0.9488,-0.05120000000000002,False,shallow_outside,<1,true,false,,,0.99,101.9567,false,,,0.9234,-2.6771
TRAX,under120,2026-09-23T15:41:00Z,morning,38.29,-0.0667804045820132,False,other_price_or_range,10-120,false,,,,,,,,,,
TREE,under120,2026-09-23T15:41:00Z,morning,24.1733,-0.07204222648752398,False,other_price_or_range,10-120,false,,,,,,,,,,
TRIB,under120,2026-09-23T19:40:00Z,afternoon,7.01,-0.052702702702702775,False,shallow_outside,3-10,false,,,,,,,,,,
TRIP,under120,2026-09-23T19:40:00Z,afternoon,8.08,-0.0549707602339182,False,shallow_outside,3-10,true,false,,,8.095,98.1212,,,,8.03,-0.6188
TRNR,under120,2026-09-23T19:40:00Z,afternoon,2.53,-0.1452702702702703,True,in_bracket,1-3,true,true,2026-09-23T19:40:00Z,2.3715,,,,,,2.65,4.7431
TROO,under120,2026-09-23T15:41:00Z,morning,1.86,-0.08823529411764702,False,shallow_outside,1-3,true,false,,,1.87,98.4211,false,,,1.86,0.0
TRVG,under120,2026-09-23T15:41:00Z,morning,5.54,-0.1261829652996845,True,in_bracket,3-10,true,false,,,5.6,98.9399,false,,,5.265,-4.9639
TRX,under120,2026-09-23T15:41:00Z,morning,1.345,-0.05944055944055942,False,shallow_outside,1-3,true,false,,,1.36,98.5507,false,,,1.32,-1.8587
TTRX,under120,2026-09-23T19:40:00Z,afternoon,13.71,-0.10333551340745575,False,other_price_or_range,10-120,false,,,,,,,,,,
TVRD,under120,2026-09-23T19:40:00Z,afternoon,1.255,-0.20063694267515933,True,in_bracket,1-3,true,true,2026-09-23T19:45:00Z,2.7888,,,,,,1.31,4.3825
TWG,under120,2026-09-23T19:40:00Z,afternoon,0.2749,-0.05239572561185814,False,shallow_outside,<1,true,false,,,0.277,98.5765,,,,0.2702,-1.7097
TXG,under120,2026-09-23T19:40:00Z,afternoon,75.42,-0.06542750929368031,False,other_price_or_range,10-120,false,,,,,,,,,,
TYGO,under120,2026-09-23T19:40:00Z,afternoon,0.9168,-0.059788739616449614,False,shallow_outside,<1,true,false,,,0.92,98.2906,,,,0.9001,-1.8216
TYRA,under120,2026-09-23T15:41:00Z,morning,23.34,-0.08721157606570201,False,other_price_or_range,10-120,false,,,,,,,,,,
UFG,under120,2026-09-23T15:41:00Z,morning,0.49,-0.053505891442920714,False,shallow_outside,<1,true,true,2026-09-23T19:45:00Z,2.0408,,,false,,,0.5018,2.4082
UK,under120,2026-09-23T13:41:00Z,morning,1.96,-0.0647962591850368,False,shallow_outside,1-3,true,false,,,2.005,100.25,false,,,1.93,-1.5306
ULCC,under120,2026-09-23T19:40:00Z,afternoon,5.885,-0.050806451612903286,False,shallow_outside,3-10,true,false,,,5.885,97.9201,,,,5.845,-0.6797
UPB,under120,2026-09-23T15:41:00Z,morning,5.19,-0.05464480874316936,False,shallow_outside,3-10,true,false,,,5.21,98.3019,false,,,5.21,0.3854
UPLD,under120,2026-09-23T13:41:00Z,morning,3.49,-0.056756756756756746,False,shallow_outside,3-10,true,true,2026-09-23T16:35:00Z,5.1576,,,false,,,3.52,0.8596
UPXI,under120,2026-09-23T15:41:00Z,morning,1.18,-0.05600000000000005,False,shallow_outside,1-3,true,false,,,1.19,98.3471,false,,,1.17,-0.8475
USAR,under120,2026-09-23T15:41:00Z,morning,16.125,-0.05091230135373741,False,other_price_or_range,10-120,false,,,,,,,,,,
USAS,under120,2026-09-23T13:41:00Z,morning,4.95,-0.058935361216729966,False,shallow_outside,3-10,true,false,,,4.95,98.0198,true,4.855,-1.9192,4.86,-1.8182
USBC,under120,2026-09-23T19:40:00Z,afternoon,0.4976,-0.0593572778827978,False,shallow_outside,<1,true,false,,,0.4999,98.4055,,,,0.4999,0.4622
USGO,under120,2026-09-23T15:41:00Z,morning,6.68,-0.07222222222222228,False,shallow_outside,3-10,true,true,2026-09-23T18:00:00Z,4.0419,,,false,,,7.05,5.5389
UTSI,under120,2026-09-23T19:40:00Z,afternoon,2.19,-0.09504132231404958,False,shallow_outside,1-3,true,true,2026-09-23T19:45:00Z,2.2831,,,,,,2.32,5.9361
VACI,under120,2026-09-23T13:41:00Z,morning,7.53,-0.06922126081582196,False,shallow_outside,3-10,true,false,,,7.5689,97.5374,false,,,7.35,-2.3904
VATE,under120,2026-09-23T19:40:00Z,afternoon,7.735,-0.054400977995109956,False,shallow_outside,3-10,true,false,,,7.75,98.2256,,,,7.7,-0.4525
VEEA,under120,2026-09-23T13:41:00Z,morning,3.4059,-0.05128133704735374,False,shallow_outside,3-10,true,false,,,3.4059,97.8707,true,3.32,-2.5221,3.15,-7.5134
VEEE,under120,2026-09-23T13:41:00Z,morning,13.57,-0.09472981987991994,False,other_price_or_range,10-120,false,,,,,,,,,,
VENU,under120,2026-09-23T13:41:00Z,morning,1.48,-0.05128205128205133,False,shallow_outside,1-3,true,false,,,1.5,99.3377,true,1.455,-1.6892,1.47,-0.6757
VERA,under120,2026-09-23T15:41:00Z,morning,33.655,-0.07184225041367891,False,other_price_or_range,10-120,false,,,,,,,,,,
VHUB,under120,2026-09-23T19:40:00Z,afternoon,0.5278,-0.09281540048126494,False,shallow_outside,<1,true,false,,,0.538,99.8145,,,,0.5259,-0.36
VIP,under120,2026-09-23T19:40:00Z,afternoon,1.7577,-0.06005347593582891,False,shallow_outside,1-3,true,false,,,1.76,97.7778,,,,1.73,-1.5759
VITL,under120,2026-09-23T15:41:00Z,morning,10.41,-0.07466666666666666,False,other_price_or_range,10-120,false,,,,,,,,,,
VMAR,under120,2026-09-23T15:41:00Z,morning,7.2,-0.10112359550561793,True,in_bracket,3-10,true,true,2026-09-23T16:20:00Z,5.0,,,false,,,7.36,2.2222
VMET,under120,2026-09-23T15:41:00Z,morning,9.25,-0.05708460754332319,False,shallow_outside,3-10,true,false,,,9.26,98.0932,false,,,9.195,-0.5946
VNRX,under120,2026-09-23T13:41:00Z,morning,0.2466,-0.06306990881458957,False,shallow_outside,<1,true,false,,,0.247,98.0159,false,,,0.2379,-3.528
VOR,under120,2026-09-23T15:41:00Z,morning,20.37,-0.07409090909090904,False,other_price_or_range,10-120,false,,,,,,,,,,
VOYG,under120,2026-09-23T13:41:00Z,morning,33.155,-0.11657340794031441,False,other_price_or_range,10-120,false,,,,,,,,,,
VRA,under120,2026-09-23T15:41:00Z,morning,4.01,-0.06526806526806532,False,shallow_outside,3-10,true,false,,,4.06,99.0244,false,,,4.03,0.4988
VVOS,under120,2026-09-23T15:41:00Z,morning,0.1475,-0.05810983397190292,False,shallow_outside,<1,true,false,,,0.1487,98.4768,false,,,0.1461,-0.9492
VYGR,under120,2026-09-23T19:40:00Z,afternoon,2.9,-0.07643312101910835,False,shallow_outside,1-3,true,false,,,2.91,98.3108,,,,2.87,-1.0345
VZLA,under120,2026-09-23T13:41:00Z,morning,4.065,-0.054651162790697545,False,shallow_outside,3-10,true,false,,,4.075,98.1928,true,4.035,-0.738,4.045,-0.492
W,under120,2026-09-23T15:41:00Z,morning,98.89,-0.0788076385654401,False,other_price_or_range,10-120,false,,,,,,,,,,
WALD,under120,2026-09-23T19:40:00Z,afternoon,1.01,-0.056074766355140235,False,shallow_outside,1-3,true,true,2026-09-23T19:55:00Z,2.9703,,,,,,1.035,2.4752
WATR,under120,2026-09-23T19:40:00Z,afternoon,1.75,-0.06417112299465245,False,shallow_outside,1-3,true,true,2026-09-23T19:55:00Z,2.2857,,,,,,1.8,2.8571
WAVE,under120,2026-09-23T19:40:00Z,afternoon,5.86,-0.09984639016897073,False,shallow_outside,3-10,true,false,,,5.9,98.6622,,,,5.76,-1.7065
WBUY,under120,2026-09-23T19:40:00Z,afternoon,0.8056,-0.06325581395348838,False,shallow_outside,<1,true,false,,,0.8096,98.4915,,,,0.7905,-1.8744
WCT,under120,2026-09-23T15:41:00Z,morning,7.33,-0.054193548387096765,False,shallow_outside,3-10,true,true,2026-09-23T19:35:00Z,2.0464,,,false,,,7.52,2.5921
WGS,under120,2026-09-23T19:40:00Z,afternoon,85.185,-0.06183920704845809,False,other_price_or_range,10-120,false,,,,,,,,,,
WPM,120to500,2026-09-23T15:41:00Z,morning,145.55,-0.053702620115727136,False,other_price_or_range,120-500,false,,,,,,,,,,
WRN,under120,2026-09-23T15:41:00Z,morning,2.39,-0.05158730158730154,False,shallow_outside,1-3,true,false,,,2.42,99.1803,false,,,2.41,0.8368
WTF,under120,2026-09-23T19:40:00Z,afternoon,2.41,-0.05118110236220468,False,shallow_outside,1-3,false,,,,,,,,,,
WVE,under120,2026-09-23T15:41:00Z,morning,3.985,-0.08390804597701144,False,shallow_outside,3-10,true,false,,,4.03,99.0172,false,,,3.95,-0.8783
WW,under120,2026-09-23T15:41:00Z,morning,15.48,-0.05839416058394165,False,other_price_or_range,10-120,false,,,,,,,,,,
XBIO,under120,2026-09-23T15:41:00Z,morning,2.44,-0.0505836575875486,False,shallow_outside,1-3,true,true,2026-09-23T19:55:00Z,2.0492,,,true,2.431,-0.3689,2.5,2.459
XENE,under120,2026-09-23T15:41:00Z,morning,37.0,-0.053466359682783404,False,other_price_or_range,10-120,false,,,,,,,,,,
XFOR,under120,2026-09-23T15:41:00Z,morning,3.145,-0.0830903790087464,False,shallow_outside,3-10,true,false,,,3.19,99.3769,false,,,3.11,-1.1129
XNDU,under120,2026-09-23T15:41:00Z,morning,5.49,-0.05017301038062284,False,shallow_outside,3-10,true,false,,,5.59,99.8214,false,,,5.315,-3.1876
XPOF,under120,2026-09-23T15:41:00Z,morning,3.75,-0.0625,False,shallow_outside,3-10,true,false,,,3.77,98.4334,false,,,3.705,-1.2
XPON,under120,2026-09-23T15:41:00Z,morning,4.96,-0.06415094339622639,False,shallow_outside,3-10,true,false,,,5.0054,98.9209,false,,,4.715,-4.9395
XRTX,under120,2026-09-23T15:41:00Z,morning,1.76,-0.053763440860215096,False,shallow_outside,1-3,true,false,,,1.76,97.7778,true,1.71,-2.8409,1.704,-3.1818
XXII,under120,2026-09-23T19:40:00Z,afternoon,1.7,-0.06077348066298348,False,shallow_outside,1-3,true,true,2026-09-23T19:45:00Z,2.3529,,,,,,2.3427,37.8059
XZO,under120,2026-09-23T15:41:00Z,morning,15.62,-0.055051421657592366,False,other_price_or_range,10-120,false,,,,,,,,,,
YAAS,under120,2026-09-23T19:40:00Z,afternoon,1.3,-0.05797101449275352,False,shallow_outside,1-3,true,false,,,1.3299,99.9925,,,,1.315,1.1538
YCBD,under120,2026-09-23T13:41:00Z,morning,0.4721,-0.05579999999999996,False,shallow_outside,<1,true,false,,,0.4721,97.9461,true,0.4599,-2.5842,0.4574,-3.1137
YDES,under120,2026-09-23T15:41:00Z,morning,2.5,-0.1134751773049645,True,in_bracket,1-3,true,true,2026-09-23T17:15:00Z,5.2,,,false,,,3.27,30.8
YELP,under120,2026-09-23T15:41:00Z,morning,17.96,-0.05274261603375527,False,other_price_or_range,10-120,false,,,,,,,,,,
YFOR,under120,2026-09-23T19:40:00Z,afternoon,1.66,-0.05681818181818187,False,shallow_outside,1-3,true,false,,,1.66,97.6471,,,,1.66,0.0
YHC,under120,2026-09-23T13:41:00Z,morning,1.315,-0.06737588652482268,False,shallow_outside,1-3,true,false,,,1.33,98.5185,false,,,1.3,-1.1407
YMAT,under120,2026-09-23T15:41:00Z,morning,1.22,-0.07575757575757582,False,shallow_outside,1-3,true,true,2026-09-23T16:40:00Z,5.7377,,,false,,,1.27,4.0984
YMT,under120,2026-09-23T13:41:00Z,morning,1.815,-0.10591133004926102,True,in_bracket,1-3,true,true,2026-09-23T18:40:00Z,3.0303,,,false,,,1.8396,1.3554
YOUL,under120,2026-09-23T13:41:00Z,morning,0.4201,-0.06789438650987356,False,shallow_outside,<1,true,true,2026-09-23T14:10:00Z,5.213,,,false,,,0.472,12.3542
Z,under120,2026-09-23T19:40:00Z,afternoon,28.71,-0.07237479806138929,False,other_price_or_range,10-120,false,,,,,,,,,,
ZBAO,under120,2026-09-23T13:41:00Z,morning,0.1005,-0.07798165137614674,False,shallow_outside,<1,true,false,,,0.1058,101.7308,false,,,0.0973,-3.1841
ZBIO,under120,2026-09-23T15:41:00Z,morning,30.72,-0.07049924357034791,False,other_price_or_range,10-120,false,,,,,,,,,,
ZCMD,under120,2026-09-23T13:41:00Z,morning,0.93,-0.09708737864077667,False,shallow_outside,<1,true,true,2026-09-23T18:00:00Z,4.086,,,false,,,0.9947,6.957
ZEO,under120,2026-09-23T15:41:00Z,morning,0.4155,-0.15169456921192329,True,in_bracket,<1,true,true,2026-09-23T17:35:00Z,4.2118,,,false,,,0.3957,-4.7653
ZG,under120,2026-09-23T19:40:00Z,afternoon,29.48,-0.06679328901551122,False,other_price_or_range,10-120,false,,,,,,,,,,
ZJK,under120,2026-09-23T15:41:00Z,morning,2.0,-0.06103286384976521,False,shallow_outside,1-3,true,false,,,2.05,100.4902,false,,,2.05,2.5
ZKIN,under120,2026-09-23T13:41:00Z,morning,1.29,-0.11034482758620684,True,in_bracket,1-3,true,true,2026-09-23T13:55:00Z,5.4264,,,false,,,1.7,31.7829
ZNTL,under120,2026-09-23T15:41:00Z,morning,2.905,-0.056818181818181906,False,shallow_outside,1-3,true,false,,,2.905,97.8114,false,,,2.859,-1.5835
ZTG,under120,2026-09-23T13:41:00Z,morning,1.64,-0.05202312138728328,False,shallow_outside,1-3,true,true,2026-09-23T13:55:00Z,5.4878,,,false,,,1.72,4.878
ZUMZ,under120,2026-09-23T19:40:00Z,afternoon,13.715,-0.05283149171270722,False,other_price_or_range,10-120,false,,,,,,,,,,
ZURA,under120,2026-09-23T15:41:00Z,morning,4.21,-0.06651884700665185,False,shallow_outside,3-10,true,true,2026-09-23T18:35:00Z,3.0879,,,false,,,4.32,2.6128
