symbol,source_list,first_seen_timestamp,time_bucket,first_seen_price,pct_change_at_first_seen,in_experiment_bracket,decline_bucket,price_bucket,simulated,closed,closed_at,decay_close_roi_pct,peak_price_reached,pct_of_target_reached_if_not_closed,liquidation_triggered,liquidation_exit_price,liquidation_roi_pct,eod_sell_price,eod_sell_roi_pct
SXTC,under120,2026-10-08T13:41:00Z,morning,0.3737,-0.8679505300353357,False,other_price_or_range,<1,False,,,,,,,,,,
SBFM,under120,2026-10-08T13:41:00Z,morning,0.4544,-0.35085714285714276,False,other_price_or_range,<1,False,,,,,,,,,,
MDCX,under120,2026-10-08T13:41:00Z,morning,0.1101,-0.3127340823970038,False,other_price_or_range,<1,False,,,,,,,,,,
PFAI,under120,2026-10-08T13:41:00Z,morning,3.66,-0.2781065088757397,False,deep_outside,3-10,True,True,2026-10-08T13:40:00Z,6.830601092896174,3.98,,False,,,4.215,15.1639344262295
VCIG,under120,2026-10-08T13:41:00Z,morning,0.5795,-0.248378728923476,True,in_bracket,<1,True,False,,,0.6,101.35135135135135,False,,,0.573,-1.1216566005176982
BBCI,under120,2026-10-08T13:41:00Z,morning,8.34,-0.24181818181818182,True,in_bracket,3-10,True,False,,,8.5292,100.22561692126911,False,,,7.5,-10.071942446043163
BIYA,under120,2026-10-08T13:41:00Z,morning,1.85,-0.19565217391304338,True,in_bracket,1-3,True,True,2026-10-08T14:00:00Z,5.405405405405398,1.95,,False,,,1.765,-4.5945945945946045
APUS,under120,2026-10-08T13:41:00Z,morning,5.681,-0.19418439716312055,True,in_bracket,3-10,True,True,2026-10-08T14:10:00Z,5.0871325470867745,5.99,,False,,,5.425,-4.506248899841581
BRZX,under120,2026-10-08T13:41:00Z,morning,27.17,-0.1839125341663412,False,other_price_or_range,10-120,False,,,,,,,,,,
SDEV,under120,2026-10-08T13:41:00Z,morning,2.29,-0.17625899280575533,True,in_bracket,1-3,True,False,,,2.3776,101.60683760683762,False,,,1.9801,-13.53275109170306
MNDR,under120,2026-10-08T13:41:00Z,morning,1.28,-0.15789473684210525,True,in_bracket,1-3,True,False,,,1.3,99.23664122137404,False,,,0.8973,-29.898437500000004
RGP,under120,2026-10-08T13:41:00Z,morning,3.18,-0.14973262032085563,True,in_bracket,3-10,True,False,,,3.3368,101.73170731707317,False,,,2.99,-5.974842767295596
DKI,under120,2026-10-08T13:41:00Z,morning,1.42,-0.14970059880239522,True,in_bracket,1-3,True,False,,,1.42,97.93103448275862,False,,,0.7499,-47.190140845070424
DFLI,under120,2026-10-08T13:41:00Z,morning,0.5861,-0.14947032361050658,True,in_bracket,<1,True,False,,,0.5905,98.74581939799332,False,,,0.4911,-16.208838082238522
LGCL,under120,2026-10-08T13:41:00Z,morning,2.4,-0.14893617021276595,True,in_bracket,1-3,True,True,2026-10-08T13:50:00Z,5.000000000000004,2.56,,False,,,2.4001,0.00416666666667546
SHFS,under120,2026-10-08T13:41:00Z,morning,0.5321,-0.14508354755784053,True,in_bracket,<1,True,False,,,0.5339,98.32412523020257,False,,,0.4524,-14.978387521142642
CRIS,under120,2026-10-08T13:41:00Z,morning,0.6301,-0.1445832202009232,True,in_bracket,<1,True,True,2026-10-08T14:35:00Z,27.59879384224727,0.8199,,False,,,0.7114,12.902713854943665
ANGO,under120,2026-10-08T13:41:00Z,morning,12.155,-0.1434108527131783,False,other_price_or_range,10-120,False,,,,,,,,,,
LRHC,under120,2026-10-08T13:41:00Z,morning,1.3101,-0.13238410596026487,True,in_bracket,1-3,True,True,2026-10-08T13:45:00Z,5.3354705747652735,1.38,,False,,,1.2501,-4.57980306846806
MI,under120,2026-10-08T13:41:00Z,morning,1.34,-0.12987012987012983,True,in_bracket,1-3,True,True,2026-10-08T14:20:00Z,5.223880597014913,1.42,,False,,,0.8988,-32.92537313432835
SDST,under120,2026-10-08T13:41:00Z,morning,0.0653,-0.12933333333333336,True,in_bracket,<1,True,False,,,0.0678,101.19402985074626,False,,,0.0615,-5.8192955589586495
CYPH,under120,2026-10-08T13:41:00Z,morning,2.66,-0.1278688524590163,True,in_bracket,1-3,True,True,2026-10-08T18:30:00Z,3.0075187969924837,2.76,,False,,,2.81,5.639097744360899
GIPR,under120,2026-10-08T13:41:00Z,morning,0.431,-0.12753036437246965,True,in_bracket,<1,True,True,2026-10-08T16:30:00Z,5.1044083526682185,0.4538,,False,,,0.4428,2.7378190255220494
AVAT,under120,2026-10-08T13:41:00Z,morning,1.45,-0.12650602409638553,True,in_bracket,1-3,True,False,,,1.45,97.97297297297297,False,,,1.33,-8.27586206896551
CRBU,under120,2026-10-08T13:41:00Z,morning,0.5401,-0.1252024619371557,True,in_bracket,<1,True,False,,,0.5599,101.6152450090744,False,,,0.4813,-10.886872801333089
VEEA,under120,2026-10-08T13:41:00Z,morning,4.1214,-0.12496815286624195,True,in_bracket,3-10,True,False,,,4.175,99.1686460807601,False,,,3.83,-7.070412966467712
LBGJ,under120,2026-10-08T13:41:00Z,morning,1.9901,-0.12330396475770927,True,in_bracket,1-3,True,True,2026-10-08T16:55:00Z,5.52233556102709,2.14,,False,,,2.05,3.009899000050241
LPCN,under120,2026-10-08T13:41:00Z,morning,1.935,-0.1204545454545455,True,in_bracket,1-3,True,True,2026-10-08T15:35:00Z,5.426356589147286,2.049,,False,,,1.93,-0.25839793281654344
NXTS,under120,2026-10-08T13:41:00Z,morning,0.95,-0.12037037037037047,True,in_bracket,<1,True,True,2026-10-08T14:15:00Z,5.0526315789473735,1.01,,False,,,0.88,-7.368421052631574
XRPN,under120,2026-10-08T13:41:00Z,morning,22.0,-0.12035185925629753,False,other_price_or_range,10-120,False,,,,,,,,,,
MVIS,under120,2026-10-08T13:41:00Z,morning,1.3397,-0.11861842105263166,True,in_bracket,1-3,True,False,,,1.38,100.72992700729925,False,,,1.315,-1.8436963499290846
NXGL,under120,2026-10-08T13:41:00Z,morning,0.1564,-0.11738148984198638,True,in_bracket,<1,True,True,2026-10-08T13:55:00Z,11.253196930946276,0.1768,,False,,,0.15,-4.092071611253208
AXTX,under120,2026-10-08T13:41:00Z,morning,32.21,-0.11680833561831637,False,other_price_or_range,10-120,False,,,,,,,,,,
ACTU,under120,2026-10-08T13:41:00Z,morning,0.6401,-0.11612814139740398,True,in_bracket,<1,True,True,2026-10-08T13:50:00Z,5.1398219028276895,0.6799,,False,,,0.675,5.452273082330892
AXTU,under120,2026-10-08T13:41:00Z,morning,43.26,-0.1141599262823795,False,other_price_or_range,10-120,False,,,,,,,,,,
AXTL,under120,2026-10-08T13:41:00Z,morning,3.1,-0.11174785100286536,True,in_bracket,3-10,True,False,,,3.23,101.89274447949528,False,,,2.79,-10.000000000000002
MPU,under120,2026-10-08T13:41:00Z,morning,2.58,-0.11034482758620684,True,in_bracket,1-3,True,False,,,2.5001,92.25461254612547,True,2.5001,-3.096899224806196,2.5001,-3.096899224806196
QETA,under120,2026-10-08T13:41:00Z,morning,11.6,-0.10769230769230773,False,other_price_or_range,10-120,False,,,,,,,,,,
GP,under120,2026-10-08T13:41:00Z,morning,0.3304,-0.10726830586328008,True,in_bracket,<1,True,True,2026-10-08T13:40:00Z,5.0242130750605165,0.3534,,False,,,0.3756,13.680387409200955
CIFG,under120,2026-10-08T13:41:00Z,morning,2.69,-0.10634198199395371,True,in_bracket,1-3,True,False,,,2.7191,98.87636363636364,False,,,2.555,-5.018587360594787
AVAZ,under120,2026-10-08T13:41:00Z,morning,16.89,-0.10540728068177596,False,other_price_or_range,10-120,False,,,,,,,,,,
CIFU,under120,2026-10-08T13:41:00Z,morning,6.5806,-0.10101092896174872,True,in_bracket,3-10,True,False,,,6.65,98.95833333333334,False,,,6.26,-4.871896179679661
NIVF,under120,2026-10-08T13:41:00Z,morning,0.0954,-0.09999999999999999,False,shallow_outside,<1,True,False,,,0.097,98.9795918367347,False,,,0.08,-16.142557651991613
CIFC,under120,2026-10-08T13:41:00Z,morning,4.9697,-0.09805807622504542,False,shallow_outside,3-10,True,False,,,4.97,98.02761341222879,False,,,4.735,-4.722619071573722
KALA,under120,2026-10-08T13:41:00Z,morning,0.3253,-0.09638888888888891,False,shallow_outside,<1,True,False,,,0.3344,100.72289156626503,False,,,0.2965,-8.853366123578233
USDE,under120,2026-10-08T13:41:00Z,morning,12.5089,-0.09486975397973949,False,other_price_or_range,10-120,False,,,,,,,,,,
GEMG,under120,2026-10-08T13:41:00Z,morning,6.2999,-0.09353956834532376,False,shallow_outside,3-10,True,True,2026-10-08T14:55:00Z,5.081033032270355,6.645,,False,,,7.045,11.82717185987079
WETO,under120,2026-10-08T13:41:00Z,morning,1.07,-0.09322033898305075,False,shallow_outside,1-3,True,False,,,1.1,100.0,False,,,1.075,0.46728971962615823
CLSX,under120,2026-10-08T13:41:00Z,morning,8.93,-0.09302349201190349,False,shallow_outside,3-10,True,False,,,9.0178,98.98792535675082,False,,,8.305,-6.998880179171333
HYGD,under120,2026-10-08T13:41:00Z,morning,48.32,-0.09302159704781526,False,other_price_or_range,10-120,False,,,,,,,,,,
IRE,under120,2026-10-08T13:41:00Z,morning,7.34,-0.09158415841584161,False,shallow_outside,3-10,True,False,,,7.4058,98.87583444592791,False,,,6.82,-7.084468664850132
BYRN,under120,2026-10-08T13:41:00Z,morning,3.68,-0.09135802469135794,False,shallow_outside,3-10,True,True,2026-10-08T13:40:00Z,5.163043478260868,3.92,,False,,,4.72,28.260869565217376
IREG,under120,2026-10-08T13:41:00Z,morning,6.12,-0.09063893016344729,False,shallow_outside,3-10,True,False,,,6.1899,99.0384,False,,,5.69,-7.026143790849669
HUTG,under120,2026-10-08T13:41:00Z,morning,12.0499,-0.09005165226847103,False,other_price_or_range,10-120,False,,,,,,,,,,
IRIX,under120,2026-10-08T13:41:00Z,morning,0.8,-0.08914949333940558,False,shallow_outside,<1,True,True,2026-10-08T13:50:00Z,7.874999999999993,0.88,,False,,,0.8988,12.35
AMTD,under120,2026-10-08T13:41:00Z,morning,0.6013,-0.08893939393939407,False,shallow_outside,<1,True,True,2026-10-08T18:05:00Z,5.937136204889418,0.65,,True,0.5506,-8.431731248960581,0.5951,-1.0310992848827514
PWCM,under120,2026-10-08T13:41:00Z,morning,0.9202,-0.0889108910891089,False,shallow_outside,<1,True,True,2026-10-08T19:45:00Z,2.0430341230167275,0.941,,False,,,0.9348,1.5866116061725652
CARX,under120,2026-10-08T13:41:00Z,morning,20.14,-0.08848155691332873,False,other_price_or_range,10-120,False,,,,,,,,,,
BTDL,under120,2026-10-08T13:41:00Z,morning,11.7,-0.08807482462977403,False,other_price_or_range,10-120,False,,,,,,,,,,
KUST,under120,2026-10-08T13:41:00Z,morning,4.1001,-0.08785317018909895,False,shallow_outside,3-10,True,False,,,4.18,99.76133651551311,False,,,4.15,1.217043486744227
YXT,under120,2026-10-08T13:41:00Z,morning,2.11,-0.08658008658008666,False,shallow_outside,1-3,True,False,,,2.19,101.38888888888889,False,,,2.08,-1.4218009478672893
GMEX,under120,2026-10-08T13:41:00Z,morning,2.43,-0.08646616541353383,False,shallow_outside,1-3,True,False,,,2.51,101.20967741935483,False,,,1.95,-19.753086419753092
CRWU,under120,2026-10-08T13:41:00Z,morning,33.13,-0.0853119823302042,False,other_price_or_range,10-120,False,,,,,,,,,,
VNCE,under120,2026-10-08T13:41:00Z,morning,12.252,-0.08293413173652686,False,other_price_or_range,10-120,False,,,,,,,,,,
CWVX,under120,2026-10-08T13:41:00Z,morning,14.3,-0.08215661103979456,False,other_price_or_range,10-120,False,,,,,,,,,,
SXTP,under120,2026-10-08T13:41:00Z,morning,1.01,-0.08181818181818189,False,shallow_outside,1-3,True,True,2026-10-08T13:45:00Z,5.940594059405946,1.0799,,False,,,0.9844,-2.5346534653465302
BLSG,under120,2026-10-08T13:41:00Z,morning,2.36,-0.08171206225680933,False,shallow_outside,1-3,True,True,2026-10-08T14:10:00Z,6.355932203389828,2.56,,False,,,2.52,6.779661016949159
SWIM,under120,2026-10-08T13:41:00Z,morning,5.85,-0.08163265306122457,False,shallow_outside,3-10,True,True,2026-10-08T17:30:00Z,4.102564102564107,6.115,,False,,,6.07,3.7606837606837717
CRWG,under120,2026-10-08T13:41:00Z,morning,17.12,-0.08154506437768237,False,other_price_or_range,10-120,False,,,,,,,,,,
CRUC,under120,2026-10-08T13:41:00Z,morning,10.94,-0.0810120627667082,False,other_price_or_range,10-120,False,,,,,,,,,,
TAOX,under120,2026-10-08T13:41:00Z,morning,3.64,-0.08080808080808077,False,shallow_outside,3-10,True,True,2026-10-08T18:30:00Z,3.0219780219780183,3.77,,True,3.47,-4.670329670329668,3.81,4.670329670329668
JBDI,under120,2026-10-08T13:41:00Z,morning,0.9201,-0.07989999999999997,False,shallow_outside,<1,True,False,,,0.955,98.75904860392967,False,,,0.955,3.7930659710900914
ARMA,under120,2026-10-08T13:41:00Z,morning,13.62,-0.07945605450269005,False,other_price_or_range,10-120,False,,,,,,,,,,
ARMG,under120,2026-10-08T13:41:00Z,morning,19.9,-0.07827698008337199,False,other_price_or_range,10-120,False,,,,,,,,,,
HOOX,under120,2026-10-08T13:41:00Z,morning,31.47,-0.07780760259280534,False,other_price_or_range,10-120,False,,,,,,,,,,
QTRX,under120,2026-10-08T13:41:00Z,morning,3.07,-0.07669172932330837,False,shallow_outside,3-10,True,True,2026-10-08T19:20:00Z,3.257328990228016,3.18,,False,,,3.205,4.397394136807825
HOOG,under120,2026-10-08T13:41:00Z,morning,28.0,-0.07651715039577837,False,other_price_or_range,10-120,False,,,,,,,,,,
HODU,under120,2026-10-08T13:41:00Z,morning,11.5818,-0.0764114832535885,False,other_price_or_range,10-120,False,,,,,,,,,,
BGM,under120,2026-10-08T13:41:00Z,morning,8.68,-0.07561235356762522,False,shallow_outside,3-10,True,True,2026-10-08T14:00:00Z,5.990783410138245,9.38,,False,,,9.69,11.635944700460827
CRWX,under120,2026-10-08T13:41:00Z,morning,18.75,-0.07498766650222001,False,other_price_or_range,10-120,False,,,,,,,,,,
HIT,under120,2026-10-08T13:41:00Z,morning,0.7041,-0.07403997895844296,False,shallow_outside,<1,True,True,2026-10-08T13:50:00Z,6.376935094446819,0.764,,False,,,0.7598,7.910808123846056
SVRN,under120,2026-10-08T13:41:00Z,morning,41.51,-0.07364427583128776,False,other_price_or_range,10-120,False,,,,,,,,,,
SSM,under120,2026-10-08T13:41:00Z,morning,1.27,-0.07299270072992707,False,shallow_outside,1-3,True,True,2026-10-08T19:30:00Z,2.362204724409451,1.32,,False,,,1.28,0.7874015748031503
SHAZ,under120,2026-10-08T13:41:00Z,morning,41.86,-0.07225177304964535,False,other_price_or_range,10-120,False,,,,,,,,,,
CHNU,under120,2026-10-08T13:41:00Z,morning,33.29,-0.0720816144497714,False,other_price_or_range,10-120,False,,,,,,,,,,
AAOX,under120,2026-10-08T13:41:00Z,morning,12.7201,-0.07084733382030672,False,other_price_or_range,10-120,False,,,,,,,,,,
GLXU,under120,2026-10-08T13:41:00Z,morning,3.94,-0.07075471698113213,False,shallow_outside,3-10,True,False,,,4.03,100.2487562189055,False,,,3.735,-5.203045685279189
BNC,under120,2026-10-08T13:41:00Z,morning,5.1598,-0.07030630630630633,False,shallow_outside,3-10,True,False,,,5.2605,99.81973434535107,False,,,5.11,-0.9651536881274353
IVVD,under120,2026-10-08T13:41:00Z,morning,0.6774,-0.07027175404886085,False,shallow_outside,<1,True,True,2026-10-08T17:30:00Z,4.074402125775016,0.7124,,False,,,0.7004,3.395335104812521
SCNX,under120,2026-10-08T13:41:00Z,morning,3.84,-0.0702179176755448,False,shallow_outside,3-10,True,True,2026-10-08T14:25:00Z,5.208333333333338,4.1,,False,,,3.92,2.0833333333333353
AAOG,under120,2026-10-08T13:41:00Z,morning,2.82,-0.0693069306930693,False,shallow_outside,1-3,True,False,,,2.88,100.0,False,,,2.2002,-21.97872340425531
INV,under120,2026-10-08T13:41:00Z,morning,0.25,-0.06924795234549518,False,shallow_outside,<1,True,True,2026-10-08T13:45:00Z,5.200000000000005,0.2654,,False,,,0.3017,20.68000000000001
ICU,under120,2026-10-08T13:41:00Z,morning,3.4638,-0.06887096774193553,False,shallow_outside,3-10,True,True,2026-10-08T15:05:00Z,5.086898781684859,3.6594,,False,,,3.48,0.467694439632773
BEX,under120,2026-10-08T13:41:00Z,morning,37.15,-0.06868889445976441,False,other_price_or_range,10-120,False,,,,,,,,,,
BMNG,under120,2026-10-08T13:41:00Z,morning,22.715,-0.06840067588628049,False,other_price_or_range,10-120,False,,,,,,,,,,
CRDX,under120,2026-10-08T13:41:00Z,morning,13.4101,-0.06837428704417718,False,other_price_or_range,10-120,False,,,,,,,,,,
ONFO,under120,2026-10-08T13:41:00Z,morning,0.7613,-0.06817625458996325,False,shallow_outside,<1,True,False,,,0.764,98.32689832689833,False,,,0.74,-2.7978457900958866
BMNU,under120,2026-10-08T13:41:00Z,morning,16.765,-0.06809338521400767,False,other_price_or_range,10-120,False,,,,,,,,,,
SGRX,under120,2026-10-08T13:41:00Z,morning,0.7113,-0.06775884665792918,False,shallow_outside,<1,True,True,2026-10-08T13:40:00Z,5.018979333614502,0.7579,,False,,,0.72,1.2231126107127697
ASTX,under120,2026-10-08T13:41:00Z,morning,9.4095,-0.0665178571428572,False,shallow_outside,3-10,True,False,,,9.4553,98.49270833333334,False,,,8.8301,-6.157606674105954
ASTY,under120,2026-10-08T13:41:00Z,morning,5.0,-0.06629318394024283,False,shallow_outside,3-10,True,False,,,5.0,98.03921568627452,False,,,4.69,-6.199999999999992
CHGA,under120,2026-10-08T13:41:00Z,morning,2.12,-0.06607929515418498,False,shallow_outside,1-3,True,False,,,2.1931,101.06451612903224,False,,,1.96,-7.547169811320761
OKUR,under120,2026-10-08T13:41:00Z,morning,2.195,-0.06595744680851075,False,shallow_outside,1-3,True,True,2026-10-08T18:35:00Z,3.4168564920273434,2.27,,False,,,2.29,4.328018223234634
STKE,under120,2026-10-08T13:41:00Z,morning,1.56,-0.06586826347305381,False,shallow_outside,1-3,True,False,,,1.6338,101.47826086956519,False,,,1.555,-0.3205128205128279
TONX,under120,2026-10-08T13:41:00Z,morning,3.28,-0.06552706552706553,False,shallow_outside,3-10,True,False,,,3.29,98.2089552238806,False,,,3.24,-1.2195121951219388
GLGG,under120,2026-10-08T13:41:00Z,morning,3.38,-0.06539471865062904,False,shallow_outside,3-10,True,False,,,3.41,98.84057971014492,False,,,3.17,-6.213017751479289
DTCX,under120,2026-10-08T13:41:00Z,morning,1.7107,-0.06519125683060106,False,shallow_outside,1-3,True,True,2026-10-08T14:15:00Z,5.2200853451803315,1.8,,False,,,1.75,2.2973051967030975
SONM,under120,2026-10-08T13:41:00Z,morning,3.62,-0.06459948320413436,False,shallow_outside,3-10,True,True,2026-10-08T16:15:00Z,5.248618784530385,3.81,,False,,,3.69,1.933701657458559
ZCMD,under120,2026-10-08T13:41:00Z,morning,1.6,-0.06432748538011689,False,shallow_outside,1-3,True,False,,,1.65,100.60975609756098,False,,,1.58,-1.250000000000001
COZX,under120,2026-10-08T13:41:00Z,morning,6.3394,-0.06429520295202952,False,shallow_outside,3-10,True,False,,,6.53,100.9273570324575,False,,,6.34,0.00946461810265151
ILAG,under120,2026-10-08T13:41:00Z,morning,2.63,-0.06405693950177942,False,shallow_outside,1-3,True,False,,,2.76,99.63898916967509,,,,2.76,4.942965779467677
OLOX,under120,2026-10-08T13:41:00Z,morning,0.936,-0.06371911573472039,False,shallow_outside,<1,True,False,,,0.9786,101.93750000000001,False,,,0.9233,-1.3568376068376116
BULG,under120,2026-10-08T13:41:00Z,morning,19.77,-0.06354800204626838,False,other_price_or_range,10-120,False,,,,,,,,,,
BGIN,under120,2026-10-08T13:41:00Z,morning,2.07,-0.06334841628959281,False,shallow_outside,1-3,True,True,2026-10-08T15:05:00Z,10.144927536231883,2.32,,False,,,2.2,6.280193236714993
SLNH,under120,2026-10-08T13:41:00Z,morning,0.9461,-0.06326732673267323,False,shallow_outside,<1,True,False,,,0.9679,100.19668737060042,False,,,0.9494,0.3488003382306278
CONX,under120,2026-10-08T13:41:00Z,morning,5.96,-0.06289308176100634,False,shallow_outside,3-10,True,True,2026-10-08T14:40:00Z,5.033557046979863,6.33,,False,,,5.88,-1.342281879194632
CONL,under120,2026-10-08T13:41:00Z,morning,4.905,-0.06214149139579353,False,shallow_outside,3-10,True,True,2026-10-08T14:25:00Z,5.1987767584097835,5.16,,False,,,4.845,-1.2232415902140774
COHX,under120,2026-10-08T13:41:00Z,morning,28.04,-0.06189360990297763,False,other_price_or_range,10-120,False,,,,,,,,,,
APPX,under120,2026-10-08T13:41:00Z,morning,9.42,-0.06175298804780869,False,shallow_outside,3-10,True,True,2026-10-08T15:00:00Z,5.0955414012738895,9.92,,False,,,9.9699,5.837579617834405
BEG,under120,2026-10-08T13:41:00Z,morning,51.755,-0.061372168519559664,False,other_price_or_range,10-120,False,,,,,,,,,,
SEED,under120,2026-10-08T13:41:00Z,morning,0.7298,-0.061350482315112496,False,shallow_outside,<1,True,False,,,0.7635,101.93591455273699,False,,,0.7015,-3.8777747328035064
COIA,under120,2026-10-08T13:41:00Z,morning,7.36,-0.06122448979591831,False,shallow_outside,3-10,True,True,2026-10-08T14:25:00Z,5.027173913043479,7.745,,False,,,7.3,-0.8152173913043546
GDTC,under120,2026-10-08T13:41:00Z,morning,0.92,-0.06122448979591831,False,shallow_outside,<1,True,True,2026-10-08T19:55:00Z,2.0652173913043375,0.9449,,False,,,0.9449,2.706521739130426
GAVA,under120,2026-10-08T13:41:00Z,morning,25.7,-0.06083384798663972,False,other_price_or_range,10-120,False,,,,,,,,,,
IMDX,under120,2026-10-08T13:41:00Z,morning,3.25,-0.0606936416184971,False,shallow_outside,3-10,True,False,,,3.3,99.3975903614458,False,,,3.29,1.2307692307692317
COIG,under120,2026-10-08T13:41:00Z,morning,4.8,-0.06066536203522514,False,shallow_outside,3-10,True,True,2026-10-08T14:40:00Z,5.000000000000004,5.0699,,False,,,4.73,-1.4583333333333208
ORBS,under120,2026-10-08T13:41:00Z,morning,0.977,-0.060576923076923125,False,shallow_outside,<1,True,False,,,0.9999,100.29087261785357,False,,,0.9112,-6.734902763561921
FGRU,under120,2026-10-08T13:41:00Z,morning,6.45,-0.060451565914056815,False,shallow_outside,3-10,True,True,2026-10-08T14:00:00Z,5.116279069767442,6.83,,False,,,6.815,5.6589147286821735
GLWG,under120,2026-10-08T13:41:00Z,morning,13.8596,-0.06036610169491523,False,other_price_or_range,10-120,False,,,,,,,,,,
FPSX,under120,2026-10-08T13:41:00Z,morning,4.67,-0.06036217303822934,False,shallow_outside,3-10,True,True,2026-10-08T14:05:00Z,5.139186295503217,4.9288,,False,,,4.75,1.713062098501072
ATHE,under120,2026-10-08T13:41:00Z,morning,3.12,-0.06024096385542161,False,shallow_outside,3-10,True,True,2026-10-08T18:40:00Z,5.128205128205118,3.3399,,False,,,3.07,-1.602564102564111
INTW,under120,2026-10-08T13:41:00Z,morning,25.92,-0.06018854242204484,False,other_price_or_range,10-120,False,,,,,,,,,,
PMAX,under120,2026-10-08T13:41:00Z,morning,0.7002,-0.0601342281879194,False,shallow_outside,<1,True,True,2026-10-08T15:05:00Z,5.112824907169371,0.7441,,False,,,0.77,9.968580405598395
SUIG,under120,2026-10-08T13:41:00Z,morning,1.41,-0.06000000000000005,False,shallow_outside,1-3,True,False,,,1.47,101.37931034482759,False,,,1.35,-4.255319148936159
TWG,under120,2026-10-08T13:41:00Z,morning,0.0929,-0.05971659919028342,False,shallow_outside,<1,True,True,2026-10-08T19:05:00Z,3.3369214208826756,0.0963,,False,,,0.0952,2.475780409041992
COHH,under120,2026-10-08T13:41:00Z,morning,6.9441,-0.05970209884901829,False,shallow_outside,3-10,True,False,,,7.09,100.0,False,,,5.96,-14.171742918448752
GEMI,under120,2026-10-08T13:41:00Z,morning,4.225,-0.05902004454342997,False,shallow_outside,3-10,True,True,2026-10-08T18:30:00Z,3.1952662721893654,4.385,,False,,,4.465,5.68047337278107
BAVA,under120,2026-10-08T13:41:00Z,morning,28.85,-0.05900695062803531,False,other_price_or_range,10-120,False,,,,,,,,,,
RETO,under120,2026-10-08T13:41:00Z,morning,1.4774,-0.05898089171974523,False,shallow_outside,1-3,True,False,,,1.5102,100.01324503311257,False,,,1.4297,-3.228644916745639
NNVC,under120,2026-10-08T13:41:00Z,morning,1.3552,-0.05888888888888888,False,shallow_outside,1-3,True,False,,,1.37,98.5611510791367,False,,,1.31,-3.3353010625737833
CPHI,under120,2026-10-08T13:41:00Z,morning,0.8002,-0.058588235294117594,False,shallow_outside,<1,True,True,2026-10-08T14:10:00Z,8.972756810797296,0.8888,,False,,,0.9599,19.957510622344408
HYPD,under120,2026-10-08T13:41:00Z,morning,3.38,-0.05849582172701949,False,shallow_outside,3-10,True,False,,,3.44,99.71014492753622,False,,,3.37,-0.29585798816567416
LHSW,under120,2026-10-08T13:41:00Z,morning,0.5505,-0.058169375534645046,False,shallow_outside,<1,True,True,2026-10-08T16:40:00Z,6.63033605812897,0.5987,,False,,,0.6121,11.189827429609444
HKIT,under120,2026-10-08T13:41:00Z,morning,2.27,-0.05809128630705399,False,shallow_outside,1-3,True,True,2026-10-08T13:50:00Z,13.215859030836995,2.6197,,False,,,2.5,10.13215859030837
IPDN,under120,2026-10-08T13:41:00Z,morning,4.06,-0.0580046403712297,False,shallow_outside,3-10,True,True,2026-10-08T17:10:00Z,5.172413793103448,4.34,,False,,,4.25,4.679802955665035
YYAI,under120,2026-10-08T13:41:00Z,morning,0.7034,-0.05786230913474419,False,shallow_outside,<1,True,False,,,0.735,101.94174757281553,False,,,0.7106,1.0235996588001113
BEAT,under120,2026-10-08T13:41:00Z,morning,0.51165,-0.05773480662983423,False,shallow_outside,<1,True,False,,,0.52,99.61685823754789,False,,,0.4886,-4.505032737222725
CRAM,under120,2026-10-08T13:41:00Z,morning,22.36,-0.05753424657534255,False,other_price_or_range,10-120,False,,,,,,,,,,
WRD,under120,2026-10-08T13:41:00Z,morning,4.675,-0.05745967741935487,False,shallow_outside,3-10,True,False,,,4.7,98.53249475890986,False,,,4.515,-3.4224598930481314
FHTX,under120,2026-10-08T13:41:00Z,morning,1.97,-0.05741626794258368,False,shallow_outside,1-3,True,True,2026-10-08T19:30:00Z,2.0304568527918687,2.025,,False,,,2.0,1.52284263959391
PUSA,under120,2026-10-08T13:41:00Z,morning,2.39,-0.05719921104536489,False,shallow_outside,1-3,True,True,2026-10-08T13:55:00Z,5.020920502092036,2.52,,False,,,2.55,6.694560669456054
TII,under120,2026-10-08T13:41:00Z,morning,2.15,-0.05701754385964908,False,shallow_outside,1-3,True,False,,,2.21,100.45454545454544,False,,,2.119,-1.441860465116265
APRE,under120,2026-10-08T13:41:00Z,morning,0.5706,-0.056859504132231384,False,shallow_outside,<1,True,False,,,0.5808,99.62264150943396,False,,,0.5612,-1.647388713634764
TOMZ,under120,2026-10-08T13:41:00Z,morning,1.5,-0.05660377358490571,False,shallow_outside,1-3,True,True,2026-10-08T14:10:00Z,5.3333333333333375,1.585,,False,,,1.53,2.0000000000000018
AVAX,under120,2026-10-08T13:41:00Z,morning,10.4938,-0.0565844361334868,False,other_price_or_range,10-120,False,,,,,,,,,,
AXTI,under120,2026-10-08T13:41:00Z,morning,75.29,-0.05639804486777791,False,other_price_or_range,10-120,False,,,,,,,,,,
HOOY,under120,2026-10-08T13:41:00Z,morning,24.8645,-0.05637571157495263,False,other_price_or_range,10-120,False,,,,,,,,,,
JUNS,under120,2026-10-08T13:41:00Z,morning,2.68,-0.05633802816901398,False,shallow_outside,1-3,True,True,2026-10-08T14:45:00Z,5.223880597014913,2.8499,,False,,,2.77,3.358208955223875
AVX,under120,2026-10-08T13:41:00Z,morning,5.8,-0.05614320585842145,False,shallow_outside,3-10,True,False,,,6.0595,102.0117845117845,False,,,4.97,-14.310344827586208
AUID,under120,2026-10-08T13:41:00Z,morning,0.3431,-0.05612104539202194,False,shallow_outside,<1,True,True,2026-10-08T18:20:00Z,4.051296997959769,0.359,,False,,,0.3459,0.8160886039055579
MBIO,under120,2026-10-08T13:41:00Z,morning,0.425,-0.05597512216792537,False,shallow_outside,<1,True,True,2026-10-08T14:10:00Z,5.176470588235299,0.449,,False,,,0.4101,-3.505882352941169
WIMI,under120,2026-10-08T13:41:00Z,morning,0.65055,-0.055805515239477486,False,shallow_outside,<1,True,False,,,0.6758,101.77710843373492,False,,,0.6461,-0.6840365844285534
FMFC,under120,2026-10-08T13:41:00Z,morning,0.1405,-0.05577956989247295,False,shallow_outside,<1,True,False,,,0.1405,97.56944444444446,False,,,0.1309,-6.832740213523149
UPXI,under120,2026-10-08T13:41:00Z,morning,1.02,-0.0555555555555556,False,shallow_outside,1-3,True,True,2026-10-08T14:30:00Z,5.8823529411764754,1.08,,False,,,1.075,5.392156862745092
INT,under120,2026-10-08T13:41:00Z,morning,20.7,-0.05522592423550894,False,other_price_or_range,10-120,False,,,,,,,,,,
DFDV,under120,2026-10-08T13:41:00Z,morning,4.45,-0.05520169851380038,False,shallow_outside,3-10,True,True,2026-10-08T19:20:00Z,3.1460674157303297,4.59,,False,,,4.595,3.258426966292125
XCH,under120,2026-10-08T13:41:00Z,morning,2.91,-0.05519480519480517,False,shallow_outside,1-3,True,True,2026-10-08T19:55:00Z,2.0618556701030943,3.0,,False,,,2.99,2.7491408934707926
RUBI,under120,2026-10-08T13:41:00Z,morning,0.5822,-0.05517689061992847,False,shallow_outside,<1,True,False,,,0.5978,100.63973063973064,False,,,0.5708,-1.9580900034352584
DRAL,under120,2026-10-08T13:41:00Z,morning,10.7201,-0.05466490299823629,False,other_price_or_range,10-120,False,,,,,,,,,,
RIOT,under120,2026-10-08T13:41:00Z,morning,17.53,-0.054476806903991266,False,other_price_or_range,10-120,False,,,,,,,,,,
ICG,under120,2026-10-08T13:41:00Z,morning,0.9554,-0.05405940594059404,False,shallow_outside,<1,True,True,2026-10-08T14:35:00Z,5.714883818295999,1.01,,False,,,1.01,5.714883818295999
SOS,under120,2026-10-08T13:41:00Z,morning,0.2876,-0.053947368421052536,False,shallow_outside,<1,True,True,2026-10-08T17:25:00Z,5.702364394993035,0.3096,,True,0.285,-0.9040333796940356,0.2968,3.198887343532679
TDTH,under120,2026-10-08T13:41:00Z,morning,0.965,-0.053921568627451025,False,shallow_outside,<1,True,False,,,1.0,101.5228426395939,False,,,0.8997,-6.766839378238333
ACRS,under120,2026-10-08T13:41:00Z,morning,3.2167,-0.05391176470588236,False,shallow_outside,3-10,True,True,2026-10-08T13:50:00Z,5.076631330245283,3.4,,False,,,3.79,17.822613237168532
INLF,under120,2026-10-08T13:41:00Z,morning,3.16,-0.053892215568862194,False,shallow_outside,3-10,True,True,2026-10-08T16:00:00Z,5.063291139240497,3.36,,False,,,3.19,0.9493670886075887
ASSX,under120,2026-10-08T13:41:00Z,morning,23.118,-0.05370446172738441,False,other_price_or_range,10-120,False,,,,,,,,,,
AGRZ,under120,2026-10-08T13:41:00Z,morning,3.21,-0.05309734513274341,False,shallow_outside,3-10,True,True,2026-10-08T14:15:00Z,8.41121495327103,3.5499,,False,,,3.677,14.548286604361374
VTIX,under120,2026-10-08T13:41:00Z,morning,1.07,-0.053097345132743216,False,shallow_outside,1-3,True,False,,,1.1,100.0,False,,,1.085,1.4018691588784955
ASTT,under120,2026-10-08T13:41:00Z,morning,15.47,-0.05301175318315365,False,other_price_or_range,10-120,False,,,,,,,,,,
ENA,under120,2026-10-08T13:41:00Z,morning,0.21458,-0.05296142642775183,False,shallow_outside,<1,False,,,,,,,,,,
TRNR,under120,2026-10-08T13:41:00Z,morning,2.15,-0.05286343612334806,False,shallow_outside,1-3,True,False,,,2.18,99.09090909090908,False,,,2.1,-2.3255813953488293
HCTI,under120,2026-10-08T13:41:00Z,morning,0.5341,-0.05267825470024823,False,shallow_outside,<1,True,False,,,0.5488,100.697247706422,False,,,0.5055,-5.354802471447307
WGS,under120,2026-10-08T13:41:00Z,morning,64.93,-0.05253173792499627,False,other_price_or_range,10-120,False,,,,,,,,,,
DGXX,under120,2026-10-08T13:41:00Z,morning,3.165,-0.05239520958083827,False,shallow_outside,3-10,True,False,,,3.26,100.92879256965944,False,,,3.18,0.4739336492891035
FLEL,under120,2026-10-08T13:41:00Z,morning,13.22,-0.052377300063796,False,other_price_or_range,10-120,False,,,,,,,,,,
BTCS,under120,2026-10-08T13:41:00Z,morning,1.27,-0.0522388059701493,False,shallow_outside,1-3,True,False,,,1.3,100.0,False,,,1.28,0.7874015748031503
CIFR,under120,2026-10-08T13:41:00Z,morning,13.8,-0.05219780219780218,False,other_price_or_range,10-120,False,,,,,,,,,,
SLGL,under120,2026-10-08T13:41:00Z,morning,68.2,-0.05205365209535048,False,other_price_or_range,10-120,False,,,,,,,,,,
OLED,under120,2026-10-08T13:41:00Z,morning,73.22,-0.0518000518000518,False,other_price_or_range,10-120,False,,,,,,,,,,
TXG,under120,2026-10-08T13:41:00Z,morning,72.175,-0.05157687253613663,False,other_price_or_range,10-120,False,,,,,,,,,,
PBK,under120,2026-10-08T13:41:00Z,morning,0.24,-0.05100830367734291,False,shallow_outside,<1,True,False,,,0.2481,101.26530612244898,False,,,0.2271,-5.374999999999998
CVRX,under120,2026-10-08T13:41:00Z,morning,1.585,-0.05089820359281435,False,shallow_outside,1-3,True,True,2026-10-08T17:40:00Z,4.100946372239744,1.65,,False,,,1.665,5.047318611987387
GSUN,under120,2026-10-08T13:41:00Z,morning,0.2126,-0.050892857142857115,False,shallow_outside,<1,True,True,2026-10-08T13:55:00Z,13.358419567262455,0.2449,,False,,,0.2197,3.339604891815614
MCRP,under120,2026-10-08T13:41:00Z,morning,0.5487,-0.05085625324338347,False,shallow_outside,<1,True,True,2026-10-08T14:20:00Z,5.157645343539274,0.586,,False,,,0.549,0.05467468562057189
SNTI,under120,2026-10-08T13:41:00Z,morning,0.3133,-0.05060606060606058,False,shallow_outside,<1,True,True,2026-10-08T18:25:00Z,4.053622725821892,0.3288,,False,,,0.3291,5.043089690392588
AARD,under120,2026-10-08T13:41:00Z,morning,4.71,-0.05040322580645162,False,shallow_outside,3-10,True,True,2026-10-08T13:45:00Z,5.0955414012738895,4.985,,False,,,4.665,-0.9554140127388521
HOOC,under120,2026-10-08T13:41:00Z,morning,18.52,-0.05035867932171403,False,other_price_or_range,10-120,False,,,,,,,,,,
RXRX,under120,2026-10-08T13:41:00Z,morning,4.055,-0.05035128805620606,False,shallow_outside,3-10,True,False,,,4.07,98.30917874396137,False,,,3.95,-2.5893958076448715
SHMD,under120,2026-10-08T13:41:00Z,morning,4.265,-0.05011135857461036,False,shallow_outside,3-10,True,False,,,4.32,99.08256880733944,False,,,3.975,-6.7995310668229685
SPPL,under120,2026-10-08T13:41:00Z,morning,1.9,-0.050000000000000044,False,shallow_outside,1-3,True,False,,,,,,,,,
BUUU,under120,2026-10-08T14:40:00Z,morning,29.0,-0.21874999999999994,False,other_price_or_range,10-120,False,,,,,,,,,,
CDLX,under120,2026-10-08T14:40:00Z,morning,1.84,-0.19298245614035078,True,in_bracket,1-3,True,True,2026-10-08T14:50:00Z,5.434782608695644,1.96,,False,,,1.95,5.978260869565211
SMJF,under120,2026-10-08T14:40:00Z,morning,1.315,-0.1516129032258065,True,in_bracket,1-3,True,False,,,1.351,100.07407407407408,True,1.27,-3.422053231939158,1.245,-5.323193916349798
AIFA,under120,2026-10-08T14:40:00Z,morning,6.3501,-0.14303643724696355,True,in_bracket,3-10,True,True,2026-10-08T14:55:00Z,5.037715941481231,6.75,,False,,,6.32,-0.47400828333412093
URGN,under120,2026-10-08T14:40:00Z,morning,35.085,-0.137960687960688,False,other_price_or_range,10-120,False,,,,,,,,,,
BENF,under120,2026-10-08T14:40:00Z,morning,1.07,-0.13008130081300806,True,in_bracket,1-3,True,False,,,1.08,98.18181818181819,False,,,1.06,-0.9345794392523372
PACB,under120,2026-10-08T14:40:00Z,morning,2.44,-0.10294117647058831,True,in_bracket,1-3,True,False,,,2.48,99.59839357429718,False,,,2.2924,-6.049180327868841
AIAI,under120,2026-10-08T14:40:00Z,morning,3.01,-0.09609609609609618,False,shallow_outside,3-10,True,True,2026-10-08T18:50:00Z,3.3222591362126277,3.112,,False,,,3.165,5.149501661129577
CCG,under120,2026-10-08T14:40:00Z,morning,5.2514,-0.08987868284228757,False,shallow_outside,3-10,True,False,,,5.37,99.26062846580407,False,,,5.24,-0.2170849678181071
ADGM,under120,2026-10-08T14:40:00Z,morning,0.1219,-0.08893871449925267,False,shallow_outside,<1,True,True,2026-10-08T17:40:00Z,4.183757178014772,0.1278,,False,,,0.128,5.004101722723551
SCYX,under120,2026-10-08T14:40:00Z,morning,4.36,-0.08786610878661086,False,shallow_outside,3-10,True,False,,,4.3891,98.6314606741573,False,,,4.19,-3.8990825688073376
BRTX,under120,2026-10-08T14:40:00Z,morning,2.044,-0.08750000000000006,False,shallow_outside,1-3,True,False,,,2.01,96.17224880382774,True,1.91,-6.555772994129164,1.91,-6.555772994129164
TCRX,under120,2026-10-08T14:40:00Z,morning,0.2528,-0.08703503069700237,False,shallow_outside,<1,True,False,,,0.2537,98.33333333333333,False,,,0.231,-8.623417721518992
PBLS,under120,2026-10-08T14:40:00Z,morning,26.33,-0.08639833448993761,False,other_price_or_range,10-120,False,,,,,,,,,,
VHUB,under120,2026-10-08T14:40:00Z,morning,0.4266,-0.08297506448839213,False,shallow_outside,<1,True,False,,,0.4265,97.8211009174312,True,0.4143,-2.883263009845283,0.4,-6.235349273323947
CTW,under120,2026-10-08T14:40:00Z,morning,2.02,-0.08181818181818189,False,shallow_outside,1-3,True,True,2026-10-08T15:00:00Z,9.90099009900991,2.26,,False,,,2.39,18.31683168316832
RZLV,under120,2026-10-08T14:40:00Z,morning,1.91,-0.0817307692307693,False,shallow_outside,1-3,True,False,,,1.95,100.0,False,,,1.915,0.26178010471204793
ZNB,under120,2026-10-08T14:40:00Z,morning,0.9745,-0.08066037735849058,False,shallow_outside,<1,True,False,,,0.9799,98.58148893360162,False,,,0.91,-6.618778860954336
DTI,under120,2026-10-08T14:40:00Z,morning,2.175,-0.0783898305084746,False,shallow_outside,1-3,True,False,,,2.2399,100.89639639639638,False,,,1.985,-8.735632183908033
AKAN,under120,2026-10-08T14:40:00Z,morning,1.779,-0.07823834196891193,False,shallow_outside,1-3,True,False,,,1.785,98.07692307692307,False,,,1.771,-0.4496908375491854
FGL,under120,2026-10-08T14:40:00Z,morning,4.1524,-0.07724444444444442,False,shallow_outside,3-10,True,True,2026-10-08T15:00:00Z,5.2403429342067245,4.395,,False,,,4.26,2.591272517098538
JAGX,under120,2026-10-08T14:40:00Z,morning,4.62,-0.07599999999999998,False,shallow_outside,3-10,True,False,,,4.65,98.5169491525424,False,,,4.54,-1.731601731601733
AXG,under120,2026-10-08T14:40:00Z,morning,0.0912,-0.07598784194528868,False,shallow_outside,<1,True,False,,,0.0915,97.34042553191489,False,,,0.0864,-5.263157894736841
AVO,under120,2026-10-08T14:40:00Z,morning,11.57,-0.07513988808952834,False,other_price_or_range,10-120,False,,,,,,,,,,
RCON,under120,2026-10-08T14:40:00Z,morning,1.11,-0.07499999999999989,False,shallow_outside,1-3,True,False,,,1.14,100.0,False,,,1.1,-0.9009009009009016
BZUN,under120,2026-10-08T14:40:00Z,morning,3.285,-0.07464788732394358,False,shallow_outside,3-10,True,False,,,3.305,98.36309523809524,False,,,3.245,-1.2176560121765612
GRNQ,under120,2026-10-08T14:40:00Z,morning,7.82,-0.07455621301775137,False,shallow_outside,3-10,True,True,2026-10-08T15:35:00Z,5.1150895140665,8.28,,False,,,8.8,12.53196930946292
CVKD,under120,2026-10-08T14:40:00Z,morning,0.9,-0.07435976550447396,False,shallow_outside,<1,True,True,2026-10-08T19:30:00Z,2.0000000000000018,0.93,,False,,,0.9296,3.2888888888888843
CNTY,under120,2026-10-08T14:40:00Z,morning,0.9203,-0.07405171546433242,False,shallow_outside,<1,True,False,,,0.96,102.01912858661,False,,,0.8507,-7.562751276757579
NFE,under120,2026-10-08T14:40:00Z,morning,4.59,-0.07366296670030277,False,shallow_outside,3-10,True,False,,,4.61,98.29424307036247,False,,,4.3,-6.318082788671026
FCHL,under120,2026-10-08T14:40:00Z,morning,0.8901,-0.07213593245074537,False,shallow_outside,<1,True,True,2026-10-08T19:55:00Z,2.0110099988765335,0.9182,,False,,,0.9182,3.15694865745422
SGHT,under120,2026-10-08T14:40:00Z,morning,7.86,-0.07201889020070841,False,shallow_outside,3-10,True,True,2026-10-08T17:15:00Z,5.089058524173021,8.27,,False,,,8.46,7.633587786259549
CGTL,under120,2026-10-08T14:40:00Z,morning,3.4,-0.07103825136612028,False,shallow_outside,3-10,True,True,2026-10-08T14:40:00Z,4.999999999999998,3.6,,False,,,3.23,-4.999999999999998
ZBIO,under120,2026-10-08T14:40:00Z,morning,26.21,-0.06990773598296661,False,other_price_or_range,10-120,False,,,,,,,,,,
TRIB,under120,2026-10-08T14:40:00Z,morning,6.285,-0.06888888888888887,False,shallow_outside,3-10,True,True,2026-10-08T15:10:00Z,6.12569610182975,6.8,,False,,,6.04,-3.898170246618936
NXAT,under120,2026-10-08T14:40:00Z,morning,0.6455,-0.06854256854256853,False,shallow_outside,<1,True,True,2026-10-08T14:40:00Z,5.034856700232392,0.6796,,False,,,0.6225,-3.5631293570875155
LTRN,under120,2026-10-08T14:40:00Z,morning,0.8479,-0.0682417582417583,False,shallow_outside,<1,True,False,,,0.88,101.73410404624276,False,,,0.8305,-2.0521287887722575
ARAY,under120,2026-10-08T14:40:00Z,morning,0.2362,-0.06787687450670885,False,shallow_outside,<1,True,True,2026-10-08T19:45:00Z,2.0321761219305667,0.2447,,False,,,0.2415,2.243861134631668
ORIC,under120,2026-10-08T14:40:00Z,morning,11.195,-0.06786011656952536,False,other_price_or_range,10-120,False,,,,,,,,,,
ARQQ,under120,2026-10-08T14:40:00Z,morning,21.03,-0.06740576496674056,False,other_price_or_range,10-120,False,,,,,,,,,,
ABLV,under120,2026-10-08T14:40:00Z,morning,2.36,-0.06719367588932804,False,shallow_outside,1-3,True,False,,,2.3594,97.90041493775932,True,2.2801,-3.3855932203389774,2.2475,-4.766949152542366
OABI,under120,2026-10-08T14:40:00Z,morning,4.255,-0.06688596491228065,False,shallow_outside,3-10,True,True,2026-10-08T16:55:00Z,5.0528789659224405,4.475,,False,,,4.64,9.048178613396
NSPR,under120,2026-10-08T14:40:00Z,morning,0.48,-0.06614785992217904,False,shallow_outside,<1,True,True,2026-10-08T17:00:00Z,7.708333333333341,0.527,,False,,,0.48,0.0
OPTU,under120,2026-10-08T14:40:00Z,morning,0.9353,-0.06469999999999998,False,shallow_outside,<1,True,True,2026-10-08T18:30:00Z,3.068534160162509,0.973,,False,,,0.9794,4.7150646851277696
CIRC,under120,2026-10-08T14:40:00Z,morning,0.4304,-0.06434782608695655,False,shallow_outside,<1,True,True,2026-10-08T15:40:00Z,5.018587360594797,0.4554,,False,,,0.4405,2.3466542750929364
LZM,under120,2026-10-08T14:40:00Z,morning,3.5,-0.06417112299465245,False,shallow_outside,3-10,True,False,,,3.53,98.8795518207283,False,,,3.33,-4.857142857142855
QNRX,under120,2026-10-08T14:40:00Z,morning,4.4,-0.0638297872340425,False,shallow_outside,3-10,True,True,2026-10-08T17:25:00Z,5.227272727272717,4.65,,False,,,4.55,3.409090909090897
OBX,under120,2026-10-08T14:40:00Z,morning,12.36,-0.06363636363636363,False,other_price_or_range,10-120,False,,,,,,,,,,
HSCS,under120,2026-10-08T14:40:00Z,morning,3.27,-0.06303724928366768,False,shallow_outside,3-10,True,False,,,3.24,97.0059880239521,True,3.08,-5.810397553516817,3.04,-7.033639143730887
GMHS,under120,2026-10-08T14:40:00Z,morning,0.575,-0.062754686226569,False,shallow_outside,<1,True,False,,,0.595,99.49832775919732,False,,,0.595,3.478260869565221
PLYX,under120,2026-10-08T14:40:00Z,morning,1.96,-0.06220095693779899,False,shallow_outside,1-3,True,True,2026-10-08T19:35:00Z,2.040816326530614,2.015,,False,,,2.015,2.8061224489796
WRAP,under120,2026-10-08T14:40:00Z,morning,1.51,-0.06211180124223608,False,shallow_outside,1-3,True,False,,,1.51,97.41935483870967,False,,,1.475,-2.3178807947019817
UXIN,under120,2026-10-08T14:40:00Z,morning,1.135,-0.06198347107438013,False,shallow_outside,1-3,True,False,,,1.1498,99.12068965517241,False,,,1.115,-1.7621145374449354
VRAX,under120,2026-10-08T14:40:00Z,morning,1.98,-0.061611374407582895,False,shallow_outside,1-3,True,False,,,2.02,100.0,False,,,1.96,-1.010101010101011
BDRX,under120,2026-10-08T14:40:00Z,morning,0.5291,-0.06154664774742809,False,shallow_outside,<1,True,False,,,0.5445,100.83333333333333,False,,,0.512,-3.2319032319032326
DCX,under120,2026-10-08T14:40:00Z,morning,2.75,-0.06143344709897616,False,shallow_outside,1-3,True,False,,,2.82,99.29577464788733,False,,,2.78,1.090909090909084
RDGT,under120,2026-10-08T14:40:00Z,morning,0.9189,-0.06129328838492179,False,shallow_outside,<1,True,False,,,0.9055,95.61774023231257,True,0.9055,-1.4582653172271278,0.8803,-4.200674719773651
AEON,under120,2026-10-08T14:40:00Z,morning,0.2922,-0.06105398457583536,False,shallow_outside,<1,True,True,2026-10-08T15:35:00Z,5.065023956194381,0.3121,,False,,,0.3145,7.631759069130728
SLXN,under120,2026-10-08T14:40:00Z,morning,0.2382,-0.060725552050473176,False,shallow_outside,<1,True,False,,,0.2364,97.28395061728395,True,0.2289,-3.904282115869019,0.2349,-1.3853904282115859
SRZN,under120,2026-10-08T14:40:00Z,morning,23.625,-0.06044939351759791,False,other_price_or_range,10-120,False,,,,,,,,,,
LFWD,under120,2026-10-08T14:40:00Z,morning,6.11,-0.05999999999999995,False,shallow_outside,3-10,True,True,2026-10-08T15:10:00Z,5.073649754500812,6.42,,False,,,6.43,5.237315875613738
PMT,under120,2026-10-08T14:40:00Z,morning,7.4279,-0.059759493670886094,False,shallow_outside,3-10,True,False,,,7.55,99.6042216358839,True,7.345,-1.1160624133335184,7.5,0.9706646562285414
CLSK,under120,2026-10-08T14:40:00Z,morning,10.835,-0.05946180555555545,False,other_price_or_range,10-120,False,,,,,,,,,,
VOGX,under120,2026-10-08T14:40:00Z,morning,15.2,-0.05940594059405946,False,other_price_or_range,10-120,False,,,,,,,,,,
LFS,under120,2026-10-08T14:40:00Z,morning,2.272,-0.05921325051759844,False,shallow_outside,1-3,True,False,,,2.345,101.07758620689657,False,,,2.2105,-2.7068661971830843
AMIX,under120,2026-10-08T14:40:00Z,morning,3.21,-0.05865102639296193,False,shallow_outside,3-10,True,False,,,3.2289,98.44207317073172,False,,,3.1,-3.4267912772585634
REBN,under120,2026-10-08T14:40:00Z,morning,1.93,-0.058536585365853606,False,shallow_outside,1-3,True,False,,,1.96,99.49238578680203,False,,,1.9076,-1.1606217616580299
MIST,under120,2026-10-08T14:40:00Z,morning,0.71305,-0.05830692023243532,False,shallow_outside,<1,True,False,,,0.7242,99.47802197802199,False,,,0.7122,-0.11920622677230297
OFAL,under120,2026-10-08T14:40:00Z,morning,0.405,-0.05792044661549192,False,shallow_outside,<1,True,False,,,0.4137,99.92753623188406,False,,,0.4036,-0.34567901234568205
VIR,under120,2026-10-08T14:40:00Z,morning,10.855,-0.05772569444444437,False,other_price_or_range,10-120,False,,,,,,,,,,
LOBO,under120,2026-10-08T14:40:00Z,morning,0.49,-0.05751105981919607,False,shallow_outside,<1,True,True,2026-10-08T17:45:00Z,4.081632653061228,0.514,,False,,,0.5001,2.061224489795918
UZX,under120,2026-10-08T14:40:00Z,morning,1.15,-0.05737704918032792,False,shallow_outside,1-3,True,False,,,1.175,99.57627118644069,True,1.13,-1.7391304347826104,1.175,2.1739130434782727
NAMI,under120,2026-10-08T14:40:00Z,morning,2.065,-0.05707762557077626,False,shallow_outside,1-3,True,False,,,2.1101,97.23963133640554,False,,,2.11,2.1791767554479384
NTRB,under120,2026-10-08T14:40:00Z,morning,6.3703,-0.056950407105847464,False,shallow_outside,3-10,True,False,,,6.38,98.15384615384615,False,,,6.09,-4.400106745365217
SMXT,under120,2026-10-08T14:40:00Z,morning,4.1409,-0.05674259681093381,False,shallow_outside,3-10,True,True,2026-10-08T15:25:00Z,5.049626892704469,4.37,,False,,,4.64,12.052935352218103
HUT,under120,2026-10-08T14:40:00Z,morning,84.25,-0.05655095184770434,False,other_price_or_range,10-120,False,,,,,,,,,,
XNCR,under120,2026-10-08T14:40:00Z,morning,22.89,-0.05647155812036277,False,other_price_or_range,10-120,False,,,,,,,,,,
SMMT,under120,2026-10-08T14:40:00Z,morning,16.945,-0.05598885793871861,False,other_price_or_range,10-120,False,,,,,,,,,,
ATMU,under120,2026-10-08T14:40:00Z,morning,41.65,-0.05598368087035356,False,other_price_or_range,10-120,False,,,,,,,,,,
AAOI,under120,2026-10-08T14:40:00Z,morning,115.72,-0.05565529622980257,False,other_price_or_range,10-120,False,,,,,,,,,,
PPCB,under120,2026-10-08T14:40:00Z,morning,0.471,-0.05554441548024865,False,shallow_outside,<1,True,False,,,0.4799,99.77130977130977,False,,,0.471,0.0
INTS,under120,2026-10-08T14:40:00Z,morning,3.59,-0.055263157894736833,False,shallow_outside,3-10,True,True,2026-10-08T15:20:00Z,5.013927576601676,3.8,,False,,,3.68,2.5069637883008444
ATYR,under120,2026-10-08T14:40:00Z,morning,0.263,-0.05497664390945017,False,shallow_outside,<1,True,False,,,0.2631,97.80669144981412,False,,,0.2597,-1.2547528517110362
IBO,under120,2026-10-08T14:40:00Z,morning,4.235,-0.05468750000000002,False,shallow_outside,3-10,True,False,,,4.36,100.92592592592592,False,,,4.12,-2.715466351829993
KPTI,under120,2026-10-08T14:40:00Z,morning,0.61,-0.054263565891472916,False,shallow_outside,<1,True,False,,,0.6204,99.58266452648475,False,,,0.601,-1.475409836065575
HTCO,under120,2026-10-08T14:40:00Z,morning,1.3998,-0.054189189189189226,False,shallow_outside,1-3,True,True,2026-10-08T17:50:00Z,4.300614373481928,1.46,,False,,,1.465,4.657808258322628
ELTX,under120,2026-10-08T14:40:00Z,morning,1.75,-0.0540540540540541,False,shallow_outside,1-3,True,True,2026-10-08T18:15:00Z,4.0000000000000036,1.82,,False,,,1.81,3.4285714285714315
TMCR,under120,2026-10-08T14:40:00Z,morning,2.98,-0.05396825396825395,False,shallow_outside,1-3,True,False,,,3.095,101.8092105263158,False,,,2.96,-0.671140939597316
MYSZ,under120,2026-10-08T14:40:00Z,morning,1.3907,-0.053945578231292465,False,shallow_outside,1-3,True,False,,,1.45,101.3986013986014,False,,,1.37,-1.4884590493995786
TWAV,under120,2026-10-08T14:40:00Z,morning,1.58,-0.053892215568862194,False,shallow_outside,1-3,True,False,,,1.615,99.69135802469134,False,,,1.4574,-7.759493670886078
EQPT,under120,2026-10-08T14:40:00Z,morning,16.73,-0.05373303167420811,False,other_price_or_range,10-120,False,,,,,,,,,,
SEI,under120,2026-10-08T14:40:00Z,morning,72.385,-0.053295840962594675,False,other_price_or_range,10-120,False,,,,,,,,,,
TANH,under120,2026-10-08T14:40:00Z,morning,16.0,-0.0532544378698224,False,other_price_or_range,10-120,False,,,,,,,,,,
VERI,under120,2026-10-08T14:40:00Z,morning,0.6545,-0.05323303920150449,False,shallow_outside,<1,True,False,,,0.67,100.2994011976048,False,,,0.5852,-10.588235294117634
XNDU,under120,2026-10-08T14:40:00Z,morning,4.255,-0.052338530066815214,False,shallow_outside,3-10,True,False,,,4.26,97.93103448275863,False,,,4.115,-3.2902467685076306
POLA,under120,2026-10-08T14:40:00Z,morning,1.09,-0.05217391304347812,False,shallow_outside,1-3,True,True,2026-10-08T18:30:00Z,3.6697247706421847,1.13,,False,,,1.08,-0.9174311926605512
SLN,under120,2026-10-08T14:40:00Z,morning,9.31,-0.051934826883910365,False,shallow_outside,3-10,True,True,2026-10-08T19:55:00Z,2.040816326530607,9.54,,False,,,9.51,2.148227712137479
WULF,under120,2026-10-08T14:40:00Z,morning,13.655,-0.05173611111111118,False,other_price_or_range,10-120,False,,,,,,,,,,
VIVS,under120,2026-10-08T14:40:00Z,morning,0.1816,-0.05169712793733677,False,shallow_outside,<1,True,False,,,0.181,97.31182795698925,True,0.1794,-1.2114537444933962,0.176,-3.0837004405286463
IMVT,under120,2026-10-08T14:40:00Z,morning,30.39,-0.05149812734082393,False,other_price_or_range,10-120,False,,,,,,,,,,
DGNX,under120,2026-10-08T14:40:00Z,morning,1.29,-0.05147058823529416,False,shallow_outside,1-3,True,False,,,1.31,99.24242424242425,False,,,1.215,-5.813953488372089
BTBT,under120,2026-10-08T14:40:00Z,morning,1.385,-0.0513698630136986,False,shallow_outside,1-3,True,False,,,1.39,97.88732394366197,False,,,1.355,-2.1660649819494604
SDGR,under120,2026-10-08T14:40:00Z,morning,25.89,-0.05130084279956023,False,other_price_or_range,10-120,False,,,,,,,,,,
LITS,under120,2026-10-08T14:40:00Z,morning,1.205,-0.05118110236220468,False,shallow_outside,1-3,True,False,,,1.2499,101.61788617886178,False,,,1.225,1.6597510373443998
NNNN,under120,2026-10-08T14:40:00Z,morning,4.65,-0.0510204081632653,False,shallow_outside,3-10,True,False,,,4.68,98.52631578947367,False,,,4.58,-1.5053763440860275
ACH,under120,2026-10-08T14:40:00Z,morning,0.4488,-0.050962148445760226,False,shallow_outside,<1,True,False,,,0.4662,101.79039301310044,False,,,0.4411,-1.7156862745098005
BYSI,under120,2026-10-08T14:40:00Z,morning,0.6117,-0.050892164468580206,False,shallow_outside,<1,True,True,2026-10-08T18:40:00Z,3.155141409187508,0.64,,False,,,0.609,-0.44139283962727416
BNR,under120,2026-10-08T14:40:00Z,morning,14.41,-0.050724637681159396,False,other_price_or_range,10-120,False,,,,,,,,,,
ESAB,under120,2026-10-08T14:40:00Z,morning,63.72,-0.0506555423122766,False,other_price_or_range,10-120,False,,,,,,,,,,
ONT,under120,2026-10-08T14:40:00Z,morning,13.5,-0.050632911392405104,False,other_price_or_range,10-120,False,,,,,,,,,,
HRTX,under120,2026-10-08T14:40:00Z,morning,0.3649,-0.05048139474368976,False,shallow_outside,<1,True,False,,,0.375,100.53619302949062,False,,,0.3615,-0.931762126610034
KEEL,under120,2026-10-08T14:40:00Z,morning,3.1621,-0.0504204204204204,False,shallow_outside,3-10,True,False,,,3.21,99.38080495356037,False,,,3.15,-0.38265709496854056
HTZ,under120,2026-10-08T14:40:00Z,morning,1.9657,-0.05038647342995162,False,shallow_outside,1-3,True,False,,,2.0,99.50248756218907,False,,,1.95,-0.7986976649539629
DCTH,under120,2026-10-08T14:40:00Z,morning,14.61,-0.05006501950585184,False,other_price_or_range,10-120,False,,,,,,,,,,
CLIK,under120,2026-10-08T14:40:00Z,morning,1.0545,-0.05000000000000009,False,shallow_outside,1-3,True,True,2026-10-08T15:00:00Z,16.642958748221908,1.2479,,False,,,1.09,3.3665244191560064
BRLS,under120,2026-10-08T15:41:00Z,morning,1.0036,-0.1566386554621848,True,in_bracket,1-3,True,False,,,1.04,100.97087378640776,False,,,0.9605,-4.29453965723396
MEGL,under120,2026-10-08T15:41:00Z,morning,0.6502,-0.1423295079804775,True,in_bracket,<1,True,True,2026-10-08T15:45:00Z,6.582589972316202,0.7062,,False,,,0.6999,7.643801907105501
NN,under120,2026-10-08T15:41:00Z,morning,11.05,-0.13060582218725414,False,other_price_or_range,10-120,False,,,,,,,,,,
SLMT,under120,2026-10-08T15:41:00Z,morning,3.05,-0.12857142857142861,True,in_bracket,3-10,True,True,2026-10-08T16:05:00Z,5.245901639344267,3.21,,False,,,3.18,4.262295081967225
INLX,under120,2026-10-08T15:41:00Z,morning,4.7,-0.10305343511450382,True,in_bracket,3-10,True,True,2026-10-08T19:10:00Z,12.765957446808502,5.4,,False,,,5.3999,14.891489361702117
ONEN,under120,2026-10-08T15:41:00Z,morning,1.75,-0.09793814432989688,False,shallow_outside,1-3,True,False,,,1.7899,99.99441340782123,False,,,1.71,-2.285714285714288
MOBX,under120,2026-10-08T15:41:00Z,morning,1.1201,-0.09669354838709669,False,shallow_outside,1-3,True,False,,,1.15,100.0,False,,,1.125,0.4374609409874033
CABO,under120,2026-10-08T15:41:00Z,morning,11.985,-0.0927327781983347,False,other_price_or_range,10-120,False,,,,,,,,,,
REFR,under120,2026-10-08T15:41:00Z,morning,0.6246,-0.0863077823288472,False,shallow_outside,<1,True,False,,,0.63,98.74608150470219,False,,,0.594,-4.89913544668589
ALP,under120,2026-10-08T15:41:00Z,morning,3.63,-0.08333333333333336,False,shallow_outside,3-10,True,True,2026-10-08T18:55:00Z,3.030303030303039,3.815,,False,,,3.76,3.5812672176308515
SGLY,under120,2026-10-08T15:41:00Z,morning,0.6848,-0.082529474812433,False,shallow_outside,<1,True,True,2026-10-08T18:55:00Z,3.095794392523364,0.7164,,False,,,0.7081,3.402453271028036
ASTI,under120,2026-10-08T15:41:00Z,morning,2.23,-0.08230452674897126,False,shallow_outside,1-3,True,False,,,2.25,98.6842105263158,False,,,2.235,0.22421524663676654
NCPL,under120,2026-10-08T15:41:00Z,morning,1.46,-0.08176100628930824,False,shallow_outside,1-3,True,False,,,1.49,100.0,False,,,1.305,-10.616438356164386
TSAT,under120,2026-10-08T15:41:00Z,morning,42.94,-0.08130081300813016,False,other_price_or_range,10-120,False,,,,,,,,,,
ANTX,under120,2026-10-08T15:41:00Z,morning,4.46,-0.08041237113402055,False,shallow_outside,3-10,True,True,2026-10-08T18:20:00Z,4.035874439461877,4.64,,False,,,4.68,4.932735426008963
IMNN,under120,2026-10-08T15:41:00Z,morning,1.05,-0.07894736842105252,False,shallow_outside,1-3,True,True,2026-10-08T17:15:00Z,5.714285714285719,1.1199,,False,,,1.07,1.9047619047619064
ASPS,under120,2026-10-08T15:41:00Z,morning,5.4817,-0.0787058823529412,False,shallow_outside,3-10,True,True,2026-10-08T16:20:00Z,5.076892204972905,5.8319,,False,,,5.7625,5.122498494992432
KNDI,under120,2026-10-08T15:41:00Z,morning,0.6197,-0.07782738095238097,False,shallow_outside,<1,True,False,,,0.63,99.52606635071089,True,0.6108,-1.4361787961917087,0.6259,1.0004841052121967
YMT,under120,2026-10-08T15:41:00Z,morning,1.08,-0.0769230769230768,False,shallow_outside,1-3,True,True,2026-10-08T15:40:00Z,5.555555555555539,1.16,,False,,,1.1,1.8518518518518534
BRUN,under120,2026-10-08T15:41:00Z,morning,12.6999,-0.07637090909090913,False,other_price_or_range,10-120,False,,,,,,,,,,
GLAS,under120,2026-10-08T15:41:00Z,morning,4.74,-0.07602339181286544,False,shallow_outside,3-10,True,False,,,4.79,98.96694214876034,False,,,4.42,-6.7510548523206815
LEXX,under120,2026-10-08T15:41:00Z,morning,3.2,-0.07514450867052017,False,shallow_outside,3-10,True,True,2026-10-08T18:35:00Z,3.124999999999989,3.33,,False,,,3.36,4.99999999999999
FRMI,under120,2026-10-08T15:41:00Z,morning,3.675,-0.0743073047858943,False,shallow_outside,3-10,True,False,,,3.6875,98.33333333333333,False,,,3.655,-0.5442176870748304
LGHL,under120,2026-10-08T15:41:00Z,morning,3.28,-0.07344632768361588,False,shallow_outside,3-10,True,True,2026-10-08T16:05:00Z,5.182926829268304,3.45,,False,,,3.4099,3.9603658536585407
INTJ,under120,2026-10-08T15:41:00Z,morning,2.92,-0.073015873015873,False,shallow_outside,1-3,True,True,2026-10-08T16:45:00Z,16.09589041095891,3.45,,False,,,2.85,-2.3972602739725972
MXL,under120,2026-10-08T15:41:00Z,morning,99.545,-0.07279247391952308,False,other_price_or_range,10-120,False,,,,,,,,,,
SVIA,under120,2026-10-08T15:41:00Z,morning,3.71,-0.07250000000000001,False,shallow_outside,3-10,True,True,2026-10-08T18:45:00Z,3.234501347708898,3.835,,False,,,3.78,1.8867924528301845
OPTX,under120,2026-10-08T15:41:00Z,morning,8.25,-0.07199100112485946,False,shallow_outside,3-10,True,False,,,8.47,100.59382422802852,False,,,8.265,0.1818181818181887
TE,under120,2026-10-08T15:41:00Z,morning,3.465,-0.07104557640750674,False,shallow_outside,3-10,True,False,,,3.5299,99.71468926553672,False,,,3.435,-0.8658008658008602
ASTS,under120,2026-10-08T15:41:00Z,morning,56.37,-0.07056883759274528,False,other_price_or_range,10-120,False,,,,,,,,,,
FISN,under120,2026-10-08T15:41:00Z,morning,4.7219,-0.07049212598425203,False,shallow_outside,3-10,True,False,,,4.875,101.14107883817427,False,,,4.65,-1.5226921366398996
NXH,under120,2026-10-08T15:41:00Z,morning,1.65,-0.07042253521126761,False,shallow_outside,1-3,True,True,2026-10-08T19:50:00Z,3.63636363636364,1.7395,,False,,,1.715,3.9393939393939497
CVM,under120,2026-10-08T15:41:00Z,morning,1.98,-0.07042253521126757,False,shallow_outside,1-3,True,False,,,2.0752,101.72549019607844,False,,,1.93,-2.5252525252525277
PCSA,under120,2026-10-08T15:41:00Z,morning,1.32,-0.07042253521126751,False,shallow_outside,1-3,True,True,2026-10-08T19:55:00Z,2.2727272727272747,1.37,,False,,,1.35,2.2727272727272747
ONCY,under120,2026-10-08T15:41:00Z,morning,0.554,-0.07015777106411539,False,shallow_outside,<1,True,False,,,0.56,98.93992932862193,False,,,0.5425,-2.075812274368243
IMSR,under120,2026-10-08T15:41:00Z,morning,3.395,-0.06986301369863011,False,shallow_outside,3-10,True,False,,,3.445,99.27953890489913,False,,,3.39,-0.1472754050073606
RADX,under120,2026-10-08T15:41:00Z,morning,1.07,-0.06956521739130422,False,shallow_outside,1-3,True,True,2026-10-08T15:45:00Z,5.607476635514002,1.131,,False,,,1.15,7.476635514018677
DUOT,under120,2026-10-08T15:41:00Z,morning,7.965,-0.0695093457943926,False,shallow_outside,3-10,True,False,,,8.07,99.2619926199262,False,,,7.8,-2.0715630885122414
SCLX,under120,2026-10-08T15:41:00Z,morning,3.2508,-0.06853868194842415,False,shallow_outside,3-10,True,False,,,3.2,96.3855421686747,True,3.075,-5.407899593946097,2.95,-9.253106927525524
URG,under120,2026-10-08T15:41:00Z,morning,1.025,-0.06818181818181834,False,shallow_outside,1-3,True,False,,,1.0399,99.03809523809524,False,,,1.0,-2.439024390243894
BKYI,under120,2026-10-08T15:41:00Z,morning,1.64,-0.06818181818181825,False,shallow_outside,1-3,True,True,2026-10-08T18:45:00Z,3.048780487804881,1.7113,,False,,,1.779,8.475609756097562
EOSE,under120,2026-10-08T15:41:00Z,morning,2.89,-0.06774193548387096,False,shallow_outside,1-3,True,False,,,2.92,98.98305084745762,False,,,2.7699,-4.155709342560565
BGLC,under120,2026-10-08T15:41:00Z,morning,1.2493,-0.0676865671641791,False,shallow_outside,1-3,True,False,,,,,,,,,
RPID,under120,2026-10-08T15:41:00Z,morning,0.837,-0.06761724406817432,False,shallow_outside,<1,True,True,2026-10-08T19:15:00Z,3.1063321385902056,0.8665,,False,,,0.8641,3.2377538829151753
RCUS,under120,2026-10-08T15:41:00Z,morning,22.87,-0.06729200652528543,False,other_price_or_range,10-120,False,,,,,,,,,,
OKLO,under120,2026-10-08T15:41:00Z,morning,34.35,-0.06708310700706135,False,other_price_or_range,10-120,False,,,,,,,,,,
COSM,under120,2026-10-08T15:41:00Z,morning,0.2995,-0.06668744157058283,False,shallow_outside,<1,True,True,2026-10-08T18:25:00Z,4.173622704507516,0.3128,,False,,,0.3126,4.373956594323873
BURU,under120,2026-10-08T15:41:00Z,morning,0.9619,-0.06611650485436898,False,shallow_outside,<1,True,False,,,0.9838,100.18329938900203,False,,,0.9545,-0.7693107391620712
SKIN,under120,2026-10-08T15:41:00Z,morning,0.551,-0.06594338023393785,False,shallow_outside,<1,True,True,2026-10-08T18:30:00Z,3.0852994555353725,0.5731,,False,,,0.5693,3.3212341197822104
AIRS,under120,2026-10-08T15:41:00Z,morning,1.7,-0.06593406593406599,False,shallow_outside,1-3,True,False,,,1.77,101.72413793103448,False,,,1.65,-2.941176470588238
ALMU,under120,2026-10-08T15:41:00Z,morning,12.05,-0.06589147286821702,False,other_price_or_range,10-120,False,,,,,,,,,,
CFND,under120,2026-10-08T15:41:00Z,morning,2.7,-0.06574394463667818,False,shallow_outside,1-3,True,False,,,2.73,98.91304347826087,False,,,2.69,-0.3703703703703789
CLRO,under120,2026-10-08T15:41:00Z,morning,3.84,-0.06569343065693442,False,shallow_outside,3-10,True,True,2026-10-08T19:45:00Z,2.0833333333333353,3.9237,,False,,,4.06,5.72916666666666
BOT,under120,2026-10-08T15:41:00Z,morning,27.5,-0.06526172671651943,False,other_price_or_range,10-120,False,,,,,,,,,,
PS,under120,2026-10-08T15:41:00Z,morning,54.84,-0.06496163682864442,False,other_price_or_range,10-120,False,,,,,,,,,,
GNLN,under120,2026-10-08T15:41:00Z,morning,2.76,-0.06440677966101707,False,shallow_outside,1-3,True,False,,,2.85,101.06382978723406,False,,,2.77,0.3623188405797185
PALI,under120,2026-10-08T15:41:00Z,morning,1.385,-0.06418918918918917,False,shallow_outside,1-3,True,True,2026-10-08T17:30:00Z,4.693140794223822,1.45,,False,,,1.455,5.054151624548741
VSAT,under120,2026-10-08T15:41:00Z,morning,66.33,-0.06406095668124744,False,other_price_or_range,10-120,False,,,,,,,,,,
MRLN,under120,2026-10-08T15:41:00Z,morning,1.3199,-0.06390070921985805,False,shallow_outside,1-3,True,True,2026-10-08T18:20:00Z,4.553375255701175,1.39,,False,,,1.36,3.038108947647551
MTEN,under120,2026-10-08T15:41:00Z,morning,1.03,-0.06363636363636369,False,shallow_outside,1-3,True,True,2026-10-08T16:45:00Z,5.825242718446607,1.09,,False,,,1.02,-0.9708737864077678
SKYA,under120,2026-10-08T15:41:00Z,morning,1.695,-0.06353591160220994,False,shallow_outside,1-3,True,False,,,1.71,98.84393063583815,True,1.64,-3.2448377581121033,1.7,0.29498525073745685
CCOI,under120,2026-10-08T15:41:00Z,morning,9.31,-0.06338028169014075,False,shallow_outside,3-10,True,True,2026-10-08T18:40:00Z,3.007518796992474,9.6,,False,,,9.55,2.5778732545649863
AIB,under120,2026-10-08T15:41:00Z,morning,1.405,-0.06333333333333331,False,shallow_outside,1-3,True,False,,,1.42,98.6111111111111,False,,,1.405,0.0
NYC,under120,2026-10-08T15:41:00Z,morning,5.78,-0.06320907617504047,False,shallow_outside,3-10,True,False,,,5.7395,94.55518945634266,,,,5.7395,-0.7006920415225025
HUMA,under120,2026-10-08T15:41:00Z,morning,0.44245,-0.06320135507092947,False,shallow_outside,<1,True,False,,,0.4499,99.5353982300885,False,,,0.4465,0.9153576675330541
ABCL,under120,2026-10-08T15:41:00Z,morning,12.021,-0.06305533904910361,False,other_price_or_range,10-120,False,,,,,,,,,,
HSDT,under120,2026-10-08T15:41:00Z,morning,2.38,-0.06299212598425202,False,shallow_outside,1-3,True,False,,,2.4,98.76543209876543,False,,,2.38,0.0
BTDR,under120,2026-10-08T15:41:00Z,morning,9.745,-0.06298076923076934,False,shallow_outside,3-10,True,False,,,9.835,98.943661971831,False,,,9.725,-0.20523345305284327
CAN,under120,2026-10-08T15:41:00Z,morning,0.2905,-0.06290322580645166,False,shallow_outside,<1,True,False,,,0.295,99.32659932659934,False,,,0.2948,1.4802065404475133
CIGL,under120,2026-10-08T15:41:00Z,morning,0.3252,-0.06282420749279535,False,shallow_outside,<1,True,True,2026-10-08T15:40:00Z,5.166051660516617,0.342,,False,,,0.32,-1.5990159901598962
LUNR,under120,2026-10-08T15:41:00Z,morning,13.505,-0.06280360860513527,False,other_price_or_range,10-120,False,,,,,,,,,,
RXT,under120,2026-10-08T15:41:00Z,morning,3.61,-0.06233766233766239,False,shallow_outside,3-10,True,False,,,3.675,99.59349593495934,False,,,3.63,0.5540166204986154
ALMR,under120,2026-10-08T15:41:00Z,morning,26.04,-0.06229744328411957,False,other_price_or_range,10-120,False,,,,,,,,,,
LENZ,under120,2026-10-08T15:41:00Z,morning,3.395,-0.06215469613259671,False,shallow_outside,3-10,True,True,2026-10-08T17:05:00Z,5.154639175257727,3.58,,False,,,3.525,3.8291605301914546
IREN,under120,2026-10-08T15:41:00Z,morning,36.2895,-0.062044455931765344,False,other_price_or_range,10-120,False,,,,,,,,,,
LUMN,under120,2026-10-08T15:41:00Z,morning,5.5435,-0.06201353637901866,False,shallow_outside,3-10,True,False,,,5.62,99.29328621908127,False,,,5.555,0.2074501668620879
TTRX,under120,2026-10-08T15:41:00Z,morning,11.35,-0.06198347107438017,False,other_price_or_range,10-120,False,,,,,,,,,,
UNIT,under120,2026-10-08T15:41:00Z,morning,7.355,-0.061862244897959114,False,shallow_outside,3-10,True,False,,,7.47,99.46737683089214,False,,,7.405,0.6798096532970744
PURR,under120,2026-10-08T15:41:00Z,morning,11.005,-0.061807331628303465,False,other_price_or_range,10-120,False,,,,,,,,,,
WYFI,under120,2026-10-08T15:41:00Z,morning,15.79,-0.06179441473559116,False,other_price_or_range,10-120,False,,,,,,,,,,
BBAI,under120,2026-10-08T15:41:00Z,morning,2.355,-0.06175298804780869,False,shallow_outside,1-3,True,True,2026-10-08T19:30:00Z,2.3354564755838707,2.41,,False,,,2.42,2.760084925690019
GLXY,under120,2026-10-08T15:41:00Z,morning,20.08,-0.061682242990654224,False,other_price_or_range,10-120,False,,,,,,,,,,
TGEN,under120,2026-10-08T15:41:00Z,morning,2.59,-0.06159420289855071,False,shallow_outside,1-3,True,False,,,2.5999,98.10943396226415,False,,,2.48,-4.247104247104243
FBLG,under120,2026-10-08T15:41:00Z,morning,1.07,-0.06140350877192969,False,shallow_outside,1-3,True,True,2026-10-08T18:30:00Z,4.672897196261686,1.14,,False,,,1.125,5.140186915887844
NNOX,under120,2026-10-08T15:41:00Z,morning,0.5585,-0.06134453781512601,False,shallow_outside,<1,True,True,2026-10-08T19:55:00Z,2.0590868397493205,0.57,,False,,,0.57,2.0590868397493205
INSE,under120,2026-10-08T15:41:00Z,morning,3.52,-0.06133333333333333,False,shallow_outside,3-10,True,False,,,3.57,99.16666666666666,False,,,3.515,-0.1420454545454515
KOPN,under120,2026-10-08T15:41:00Z,morning,4.29,-0.06126914660831515,False,shallow_outside,3-10,True,False,,,4.33,98.85844748858447,False,,,4.2,-2.0979020979020944
OPAD,under120,2026-10-08T15:41:00Z,morning,2.7984,-0.06093959731543624,False,shallow_outside,1-3,True,False,,,2.76,96.5034965034965,True,2.745,-1.9082332761578007,2.755,-1.5508862206975453
XXII,under120,2026-10-08T15:41:00Z,morning,0.8373,-0.060796410544026826,False,shallow_outside,<1,True,True,2026-10-08T19:55:00Z,2.113937656753844,0.86,,False,,,0.8416,0.513555475934548
BAER,under120,2026-10-08T15:41:00Z,morning,0.6042,-0.0607803513135396,False,shallow_outside,<1,True,True,2026-10-08T19:50:00Z,2.118503806686533,0.6235,,False,,,0.6174,2.18470705064548
DMRC,under120,2026-10-08T15:41:00Z,morning,6.21,-0.060514372163388855,False,shallow_outside,3-10,True,False,,,6.24,98.42271293375396,True,6.19,-0.3220611916264022,6.23,0.3220611916264165
CNXU,under120,2026-10-08T15:41:00Z,morning,3.42,-0.06043956043956049,False,shallow_outside,3-10,True,False,,,3.4882,99.9484240687679,False,,,3.43,0.2923976608187202
HITI,under120,2026-10-08T15:41:00Z,morning,2.565,-0.060439560439560454,False,shallow_outside,1-3,True,False,,,2.58,98.47328244274809,False,,,2.58,0.5847953216374318
FCEL,under120,2026-10-08T15:41:00Z,morning,17.2559,-0.06039205009528985,False,other_price_or_range,10-120,False,,,,,,,,,,
QNT,under120,2026-10-08T15:41:00Z,morning,41.56,-0.06015377657168695,False,other_price_or_range,10-120,False,,,,,,,,,,
CLRB,under120,2026-10-08T15:41:00Z,morning,1.4192,-0.060132450331125825,False,shallow_outside,1-3,True,False,,,1.4499,99.99310344827586,False,,,1.4,-1.3528748590755428
NYXH,under120,2026-10-08T15:41:00Z,morning,1.335,-0.05985915492957744,False,shallow_outside,1-3,True,False,,,1.355,98.90510948905109,False,,,1.355,1.4981273408239715
BLNK,under120,2026-10-08T15:41:00Z,morning,0.48,-0.05956112852664574,False,shallow_outside,<1,True,False,,,0.4867,99.3265306122449,False,,,0.4765,-0.7291666666666674
DDC,under120,2026-10-08T15:41:00Z,morning,0.1865,-0.05950579929399902,False,shallow_outside,<1,True,True,2026-10-08T19:55:00Z,4.021447721179628,0.197,,False,,,0.1918,2.8418230563002673
SPAI,under120,2026-10-08T15:41:00Z,morning,4.43,-0.05944798301486205,False,shallow_outside,3-10,True,False,,,4.6,101.76991150442478,False,,,4.265,-3.724604966139956
OPNW,under120,2026-10-08T15:41:00Z,morning,5.7,-0.05940594059405931,False,shallow_outside,3-10,True,False,,,5.9197,101.71305841924398,False,,,5.385,-5.526315789473691
CALC,under120,2026-10-08T15:41:00Z,morning,1.3921,-0.05939189189189195,False,shallow_outside,1-3,True,False,,,1.41,99.29577464788733,False,,,1.3,-6.6159040298829
CURV,under120,2026-10-08T15:41:00Z,morning,2.38,-0.059288537549407085,False,shallow_outside,1-3,True,False,,,2.415,99.38271604938271,False,,,2.37,-0.4201680672268818
NTHI,under120,2026-10-08T15:41:00Z,morning,2.55,-0.05904059040590411,False,shallow_outside,1-3,True,False,,,2.59,99.23371647509579,False,,,2.525,-0.9803921568627416
GYGY,under120,2026-10-08T15:41:00Z,morning,0.4757,-0.05895153313550928,False,shallow_outside,<1,True,True,2026-10-08T17:35:00Z,4.057178894261085,0.4991,,False,,,0.4801,0.924952701282324
BKSY,under120,2026-10-08T15:41:00Z,morning,20.565,-0.05881006864988558,False,other_price_or_range,10-120,False,,,,,,,,,,
CYN,under120,2026-10-08T15:41:00Z,morning,0.5721,-0.058736426456071,False,shallow_outside,<1,True,False,,,0.5819,99.64041095890411,False,,,0.5529,-3.3560566334557076
TRVI,under120,2026-10-08T15:41:00Z,morning,12.37,-0.05859969558599706,False,other_price_or_range,10-120,False,,,,,,,,,,
TMS,under120,2026-10-08T15:41:00Z,morning,6.61,-0.0584045584045583,False,shallow_outside,3-10,True,True,2026-10-08T19:50:00Z,2.118003025718603,6.78,,False,,,6.73,1.8154311649016657
INDI,under120,2026-10-08T15:41:00Z,morning,2.58,-0.05839416058394165,False,shallow_outside,1-3,True,False,,,2.62,99.24242424242425,False,,,2.605,0.968992248062012
PL,under120,2026-10-08T15:41:00Z,morning,16.715,-0.05830985915492959,False,other_price_or_range,10-120,False,,,,,,,,,,
BUR,under120,2026-10-08T15:41:00Z,morning,3.296,-0.058285714285714336,False,shallow_outside,3-10,True,True,2026-10-08T18:30:00Z,3.1553398058252453,3.426,,False,,,3.4499,4.669296116504859
PAPL,under120,2026-10-08T15:41:00Z,morning,0.83,-0.05799568720917039,False,shallow_outside,<1,True,False,,,0.8502,100.37780401416765,False,,,0.8245,-0.6626506024096325
IMCC,under120,2026-10-08T15:41:00Z,morning,1.79,-0.0578947368421052,False,shallow_outside,1-3,True,False,,,1.8,98.36065573770492,False,,,1.705,-4.748603351955305
ARMP,under120,2026-10-08T15:41:00Z,morning,3.59,-0.05774278215223102,False,shallow_outside,3-10,True,True,2026-10-08T16:05:00Z,5.013927576601676,3.7766,,False,,,3.85,7.242339832869088
MBX,under120,2026-10-08T15:41:00Z,morning,51.41,-0.057389072240557434,False,other_price_or_range,10-120,False,,,,,,,,,,
GTBP,under120,2026-10-08T15:41:00Z,morning,5.845,-0.0572580645161291,False,shallow_outside,3-10,True,True,2026-10-08T18:40:00Z,3.165098374679222,6.0648,,False,,,5.95,1.7964071856287498
FNGR,under120,2026-10-08T15:41:00Z,morning,0.1912,-0.057199211045364885,False,shallow_outside,<1,True,True,2026-10-08T15:40:00Z,5.125523012552303,0.205,,False,,,0.2039,6.6422594142259355
ARTV,under120,2026-10-08T15:41:00Z,morning,6.6,-0.0571428571428572,False,shallow_outside,3-10,True,True,2026-10-08T18:15:00Z,4.090909090909098,6.88,,False,,,6.805,3.1060606060606073
AUUD,under120,2026-10-08T15:41:00Z,morning,0.99,-0.05714285714285719,False,shallow_outside,<1,True,False,,,1.01,100.0,False,,,0.9553,-3.5050505050505008
NUAI,under120,2026-10-08T15:41:00Z,morning,5.215,-0.056962025316455764,False,shallow_outside,3-10,True,False,,,5.24,98.49624060150376,False,,,4.835,-7.286673058485136
UPC,under120,2026-10-08T15:41:00Z,morning,4.06,-0.05691056910569108,False,shallow_outside,3-10,True,True,2026-10-08T17:35:00Z,4.187192118226622,4.255,,False,,,4.15,2.216748768472925
ZNTL,under120,2026-10-08T15:41:00Z,morning,2.405,-0.05686274509803923,False,shallow_outside,1-3,True,True,2026-10-08T18:10:00Z,4.365904365904365,2.525,,False,,,2.505,4.158004158004162
PONY,under120,2026-10-08T15:41:00Z,morning,5.725,-0.05683690280065908,False,shallow_outside,3-10,True,False,,,5.815,99.57191780821918,False,,,5.755,0.5240174672489127
SAIQ,under120,2026-10-08T15:41:00Z,morning,3.67,-0.05655526992287922,False,shallow_outside,3-10,True,True,2026-10-08T18:10:00Z,4.087193460490461,3.82,,False,,,5.5264,50.58310626702996
CRBP,under120,2026-10-08T15:41:00Z,morning,5.18,-0.0564663023679418,False,shallow_outside,3-10,True,False,,,5.3299,100.75425330812855,False,,,5.26,1.5444015444015458
LU,under120,2026-10-08T15:41:00Z,morning,0.926,-0.056449969431424496,False,shallow_outside,<1,True,True,2026-10-08T19:55:00Z,2.051835853131739,0.9557,,False,,,0.9455,2.1058315334773177
FLUX,under120,2026-10-08T15:41:00Z,morning,0.471,-0.056112224448897845,False,shallow_outside,<1,True,False,,,0.4733,98.3991683991684,False,,,0.4607,-2.186836518046704
NRGV,under120,2026-10-08T15:41:00Z,morning,3.455,-0.056010928961748654,False,shallow_outside,3-10,True,False,,,3.51,99.43342776203966,False,,,3.305,-4.341534008683065
VSTM,under120,2026-10-08T15:41:00Z,morning,7.805,-0.055656382335148316,False,shallow_outside,3-10,True,True,2026-10-08T19:20:00Z,3.010890454836636,8.11,,False,,,8.12,4.035874439461877
NEOV,under120,2026-10-08T15:41:00Z,morning,2.6351,-0.055519713261648757,False,shallow_outside,1-3,True,False,,,2.67,99.25650557620817,False,,,2.61,-0.9525255208531033
TDIC,under120,2026-10-08T15:41:00Z,morning,1.8608,-0.05543147208121826,False,shallow_outside,1-3,True,False,,,1.91,100.52631578947368,False,,,1.8311,-1.5960877042132449
AGPU,under120,2026-10-08T15:41:00Z,morning,11.3742,-0.05529900332225906,False,other_price_or_range,10-120,False,,,,,,,,,,
DFTX,under120,2026-10-08T15:41:00Z,morning,33.15,-0.0552864063835852,False,other_price_or_range,10-120,False,,,,,,,,,,
CRVS,under120,2026-10-08T15:41:00Z,morning,9.835,-0.05523535062439955,False,shallow_outside,3-10,True,True,2026-10-08T18:30:00Z,3.1011692933401087,10.15,,False,,,10.22,3.9145907473309585
ATTO,under120,2026-10-08T15:41:00Z,morning,15.515,-0.05511571254567607,False,other_price_or_range,10-120,False,,,,,,,,,,
ARL,under120,2026-10-08T15:41:00Z,morning,14.92,-0.055098163394553465,False,other_price_or_range,10-120,False,,,,,,,,,,
GSIT,under120,2026-10-08T15:41:00Z,morning,5.09,-0.05478180129990714,False,shallow_outside,3-10,True,False,,,5.1498,99.03461538461538,False,,,4.92,-3.3398821218074644
TGL,under120,2026-10-08T15:41:00Z,morning,1.2383,-0.05473282442748099,False,shallow_outside,1-3,True,True,2026-10-08T19:40:00Z,2.55996123718001,1.29,,False,,,1.2502,0.9609949123798774
EROC,under120,2026-10-08T15:41:00Z,morning,12.365,-0.05466360856269112,False,other_price_or_range,10-120,False,,,,,,,,,,
XE,under120,2026-10-08T15:41:00Z,morning,13.6039,-0.054628214037526136,False,other_price_or_range,10-120,False,,,,,,,,,,
RLAY,under120,2026-10-08T15:41:00Z,morning,16.97,-0.05459610027855156,False,other_price_or_range,10-120,False,,,,,,,,,,
TVRD,under120,2026-10-08T15:41:00Z,morning,1.04,-0.05454545454545459,False,shallow_outside,1-3,True,True,2026-10-08T18:40:00Z,3.8461538461538494,1.08,,False,,,1.07,2.8846153846153872
LTBR,under120,2026-10-08T15:41:00Z,morning,6.07,-0.054517133956386236,False,shallow_outside,3-10,True,False,,,6.145,99.11290322580643,False,,,6.01,-0.9884678747940773
IMRX,under120,2026-10-08T15:41:00Z,morning,3.65,-0.0544041450777202,False,shallow_outside,3-10,True,True,2026-10-08T19:30:00Z,2.1917808219178103,3.77,,False,,,3.73,2.1917808219178103
HLSQ,under120,2026-10-08T15:41:00Z,morning,0.2924,-0.05433376455368688,False,shallow_outside,<1,True,False,,,0.301,100.66889632107024,False,,,0.2855,-2.359781121751032
LABT,under120,2026-10-08T15:41:00Z,morning,0.8039,-0.05401270887267599,False,shallow_outside,<1,True,False,,,0.8199,99.98780487804878,False,,,0.7851,-2.3385993282746522
ZBAO,under120,2026-10-08T15:41:00Z,morning,0.0772,-0.05392156862745099,False,shallow_outside,<1,True,False,,,0.0818,100.98765432098764,False,,,0.0585,-24.22279792746114
GPGI,under120,2026-10-08T15:41:00Z,morning,12.11,-0.0539062500000001,False,other_price_or_range,10-120,False,,,,,,,,,,
MXCT,under120,2026-10-08T15:41:00Z,morning,0.984,-0.05384615384615389,False,shallow_outside,<1,True,True,2026-10-08T19:45:00Z,2.6422764227642297,1.01,,False,,,1.01,2.6422764227642297
PSNY,under120,2026-10-08T15:41:00Z,morning,5.28,-0.05376344086021502,False,shallow_outside,3-10,True,True,2026-10-08T18:30:00Z,3.030303030303033,5.4556,,False,,,5.31,0.568181818181806
ANVS,under120,2026-10-08T15:41:00Z,morning,1.145,-0.05371900826446277,False,shallow_outside,1-3,True,True,2026-10-08T19:55:00Z,2.18340611353711,1.18,,False,,,1.18,3.056768558951958
WATT,under120,2026-10-08T15:41:00Z,morning,11.64,-0.05365853658536586,False,other_price_or_range,10-120,False,,,,,,,,,,
LHAI,under120,2026-10-08T15:41:00Z,morning,1.06,-0.05357142857142862,False,shallow_outside,1-3,True,False,,,1.11,101.83486238532112,False,,,1.04,-1.8867924528301903
RUM,under120,2026-10-08T15:41:00Z,morning,7.1174,-0.053537234042553145,False,shallow_outside,3-10,True,False,,,7.24,99.7245179063361,False,,,7.0,-1.6494787422373332
CDNL,under120,2026-10-08T15:41:00Z,morning,24.675,-0.053509781357882605,False,other_price_or_range,10-120,False,,,,,,,,,,
MRDN,under120,2026-10-08T15:41:00Z,morning,10.7,-0.05309734513274349,False,other_price_or_range,10-120,False,,,,,,,,,,
AKTS,under120,2026-10-08T15:41:00Z,morning,17.045,-0.05305555555555546,False,other_price_or_range,10-120,False,,,,,,,,,,
AVTX,under120,2026-10-08T15:41:00Z,morning,12.86,-0.053019145802651005,False,other_price_or_range,10-120,False,,,,,,,,,,
AKO.B,under120,2026-10-08T15:41:00Z,morning,29.83,-0.05301587301587307,False,other_price_or_range,10-120,False,,,,,,,,,,
IMMP,under120,2026-10-08T15:41:00Z,morning,3.845,-0.0529556650246304,False,shallow_outside,3-10,True,False,,,3.8895,97.97229219143576,False,,,3.8,-1.1703511053316091
CHNR,under120,2026-10-08T15:41:00Z,morning,3.8737,-0.05288508557457211,False,shallow_outside,3-10,True,True,2026-10-08T18:25:00Z,4.034902031649336,4.07,,False,,,3.965,2.3569197408162723
LAKE,under120,2026-10-08T15:41:00Z,morning,10.125,-0.052853133769878345,False,other_price_or_range,10-120,False,,,,,,,,,,
FIP,under120,2026-10-08T15:41:00Z,morning,2.69,-0.052816901408450675,False,shallow_outside,1-3,True,False,,,2.765,100.54545454545456,False,,,2.65,-1.4869888475836444
HIVE,under120,2026-10-08T15:41:00Z,morning,2.605,-0.052727272727272734,False,shallow_outside,1-3,True,False,,,2.62,98.49624060150376,False,,,2.565,-1.5355086372360858
SBET,under120,2026-10-08T15:41:00Z,morning,8.48,-0.0525139664804468,False,shallow_outside,3-10,True,True,2026-10-08T19:20:00Z,3.066037735849054,8.7601,,False,,,8.805,3.8325471698113125
SHEN,under120,2026-10-08T15:41:00Z,morning,11.21,-0.05240912933220619,False,other_price_or_range,10-120,False,,,,,,,,,,
IMTX,under120,2026-10-08T15:41:00Z,morning,7.06,-0.05234899328859068,False,shallow_outside,3-10,True,True,2026-10-08T17:00:00Z,5.099150141643064,7.42,,False,,,7.37,4.390934844192642
SNES,under120,2026-10-08T15:41:00Z,morning,0.7251,-0.05228074761469094,False,shallow_outside,<1,True,False,,,0.7385,99.7972972972973,False,,,0.7031,-3.034064266997658
KLRA,under120,2026-10-08T15:41:00Z,morning,9.98,-0.05223171889838547,False,shallow_outside,3-10,True,False,,,10.09,99.11591355599214,False,,,9.99,0.10020040080160107
VUZI,under120,2026-10-08T15:41:00Z,morning,2.55,-0.05204460966542756,False,shallow_outside,1-3,True,False,,,2.6,99.6168582375479,False,,,2.53,-0.7843137254901967
CWH,under120,2026-10-08T15:41:00Z,morning,4.285,-0.051991150442477756,False,shallow_outside,3-10,True,True,2026-10-08T19:30:00Z,2.2170361726954435,4.445,,False,,,4.4858,4.686114352392067
INFQ,under120,2026-10-08T15:41:00Z,morning,11.035,-0.05197594501718217,False,other_price_or_range,10-120,False,,,,,,,,,,
LOAN,under120,2026-10-08T15:41:00Z,morning,3.4701,-0.05188524590163939,False,shallow_outside,3-10,True,False,,,3.55,100.2824858757062,False,,,3.52,1.4379989049306952
CRWV,under120,2026-10-08T15:41:00Z,morning,83.87,-0.05178066704352739,False,other_price_or_range,10-120,False,,,,,,,,,,
TLSI,under120,2026-10-08T15:41:00Z,morning,4.03,-0.05176470588235288,False,shallow_outside,3-10,True,True,2026-10-08T19:55:00Z,2.233250620347391,4.14,,False,,,4.125,2.3573200992555767
IMMX,under120,2026-10-08T15:41:00Z,morning,9.0,-0.051633298208640696,False,shallow_outside,3-10,True,True,2026-10-08T18:30:00Z,2.9999999999999956,9.35,,False,,,9.31,3.44444444444445
SCKT,under120,2026-10-08T15:41:00Z,morning,0.6301,-0.05133995784402291,False,shallow_outside,<1,True,False,,,0.6446,100.24883359253498,False,,,0.6274,-0.4285034121568062
IFRX,under120,2026-10-08T15:41:00Z,morning,1.48,-0.05128205128205133,False,shallow_outside,1-3,True,True,2026-10-08T19:30:00Z,2.027027027027029,1.52,,False,,,1.54,4.054054054054058
NAUT,under120,2026-10-08T15:41:00Z,morning,1.8599,-0.0510714285714285,False,shallow_outside,1-3,True,False,,,1.89,99.47368421052632,False,,,1.835,-1.3387816549276919
ZLAB,under120,2026-10-08T15:41:00Z,morning,24.025,-0.05077044646384829,False,other_price_or_range,10-120,False,,,,,,,,,,
RMSG,under120,2026-10-08T15:41:00Z,morning,0.3088,-0.050722410083000186,False,shallow_outside,<1,True,False,,,0.3154,100.12698412698413,False,,,0.305,-1.2305699481865366
CLDX,under120,2026-10-08T15:41:00Z,morning,28.89,-0.05060795267827799,False,other_price_or_range,10-120,False,,,,,,,,,,
VYGR,under120,2026-10-08T15:41:00Z,morning,2.345,-0.05060728744939271,False,shallow_outside,1-3,True,False,,,2.38,99.16666666666667,False,,,2.365,0.852878464818764
QBTS,under120,2026-10-08T15:41:00Z,morning,14.4499,-0.05059789750328522,False,other_price_or_range,10-120,False,,,,,,,,,,
FBGL,under120,2026-10-08T15:41:00Z,morning,3.4,-0.05027932960893859,False,shallow_outside,3-10,True,True,2026-10-08T17:30:00Z,6.470588235294124,3.69,,False,,,3.56,4.70588235294118
GRRR,under120,2026-10-08T15:41:00Z,morning,11.1699,-0.0501785714285714,False,other_price_or_range,10-120,False,,,,,,,,,,
HKPD,under120,2026-10-08T15:41:00Z,morning,0.0985,-0.05014464802314365,False,shallow_outside,<1,True,False,,,0.1008,99.8019801980198,False,,,0.1007,2.2335025380710594
DEFT,under120,2026-10-08T15:41:00Z,morning,0.4781,-0.050069541029207125,False,shallow_outside,<1,True,False,,,0.4842,99.22131147540985,False,,,0.476,-0.43923865300147374
VRXA,under120,2026-10-08T15:41:00Z,morning,1.14,-0.050000000000000044,False,shallow_outside,1-3,True,False,,,1.17,100.0,False,,,1.09,-4.385964912280686
NVNI,under120,2026-10-08T19:41:00Z,afternoon,0.58,-0.32558139534883723,False,other_price_or_range,<1,False,,,,,,,,,,
SEGG,under120,2026-10-08T19:41:00Z,afternoon,1.8127,-0.23995807127882593,True,in_bracket,1-3,True,True,2026-10-08T19:45:00Z,2.0577039774921446,1.85,,,,,1.79,-1.2522756109670625
ALIS,under120,2026-10-08T19:41:00Z,afternoon,9.4083,-0.1470262919310969,True,in_bracket,3-10,True,True,2026-10-08T19:55:00Z,2.037562577723915,9.75,,,,,9.75,3.631899493000855
IMA,under120,2026-10-08T19:41:00Z,afternoon,4.0,-0.1323210412147506,True,in_bracket,3-10,True,True,2026-10-08T19:50:00Z,2.0000000000000018,4.16,,,,,4.36,9.000000000000007
AIFU,under120,2026-10-08T19:41:00Z,afternoon,11.15,-0.13229571984435792,False,other_price_or_range,10-120,False,,,,,,,,,,
RIME,under120,2026-10-08T19:41:00Z,afternoon,0.1401,-0.1292728402734617,True,in_bracket,<1,True,False,,,0.1401,97.97202797202799,,,,0.1387,-0.9992862241256334
GIXI,under120,2026-10-08T19:41:00Z,afternoon,3.65,-0.1162227602905569,True,in_bracket,3-10,True,False,,,3.65,97.85522788203752,,,,3.65,0.0
NIKI,under120,2026-10-08T19:41:00Z,afternoon,4.13,-0.1118279569892474,True,in_bracket,3-10,True,True,2026-10-08T19:50:00Z,2.6634382566586035,4.32,,,,,4.32,4.6004842615012205
ZTG,under120,2026-10-08T19:41:00Z,afternoon,0.7007,-0.10807026476578409,True,in_bracket,<1,True,False,,,0.7033,98.36363636363637,,,,0.695,-0.8134722420436761
RENX,under120,2026-10-08T19:41:00Z,afternoon,1.68,-0.10638297872340424,True,in_bracket,1-3,True,False,,,1.715,99.7093023255814,,,,1.71,1.7857142857142874
ENLV,under120,2026-10-08T19:41:00Z,afternoon,0.2757,-0.10019582245430811,True,in_bracket,<1,True,True,2026-10-08T19:50:00Z,2.2850924918389453,0.2858,,,,,0.2746,-0.3989844033369568
OMEX,under120,2026-10-08T19:41:00Z,afternoon,0.65865,-0.09773972602739729,False,shallow_outside,<1,True,False,,,0.66,98.21428571428571,,,,0.6585,-0.022773855613752902
BAND,under120,2026-10-08T19:41:00Z,afternoon,51.92,-0.09657212458674086,False,other_price_or_range,10-120,False,,,,,,,,,,
NAII,under120,2026-10-08T19:41:00Z,afternoon,1.17,-0.09302325581395357,False,shallow_outside,1-3,True,False,,,1.17,97.5,,,,1.17,0.0
FBDT,under120,2026-10-08T19:41:00Z,afternoon,0.86,-0.09186906019007389,False,shallow_outside,<1,True,True,2026-10-08T19:45:00Z,2.0930232558139554,0.8799,,,,,0.8701,1.1744186046511627
MLEC,under120,2026-10-08T19:41:00Z,afternoon,4.37,-0.09147609147609138,False,shallow_outside,3-10,True,False,,,4.37,97.98206278026906,,,,4.19,-4.1189931350114355
SJ,under120,2026-10-08T19:41:00Z,afternoon,0.7091,-0.09089743589743599,False,shallow_outside,<1,True,True,2026-10-08T19:45:00Z,6.472993935975188,0.7699,,,,,0.865,21.98561556903117
DRIO,under120,2026-10-08T19:41:00Z,afternoon,5.53,-0.09046052631578945,False,shallow_outside,3-10,True,False,,,5.54,98.05309734513273,,,,5.54,0.1808318264014428
ELVA,under120,2026-10-08T19:41:00Z,afternoon,5.795,-0.09026687598116172,False,shallow_outside,3-10,True,False,,,5.8,97.97297297297297,,,,5.79,-0.08628127696289721
HODO,under120,2026-10-08T19:41:00Z,afternoon,0.116,-0.09019607843137252,False,shallow_outside,<1,True,False,,,0.1166,97.98319327731092,,,,0.116,0.0
AEHL,under120,2026-10-08T19:41:00Z,afternoon,11.22,-0.08928571428571426,False,other_price_or_range,10-120,False,,,,,,,,,,
CECO,under120,2026-10-08T19:41:00Z,afternoon,64.815,-0.08916526138279932,False,other_price_or_range,10-120,False,,,,,,,,,,
ASYS,under120,2026-10-08T19:41:00Z,afternoon,16.08,-0.08636363636363653,False,other_price_or_range,10-120,False,,,,,,,,,,
BTQ,under120,2026-10-08T19:41:00Z,afternoon,2.815,-0.08603896103896108,False,shallow_outside,1-3,True,False,,,2.83,98.2638888888889,,,,2.8,-0.5328596802841963
MTVA,under120,2026-10-08T19:41:00Z,afternoon,1.335,-0.08561643835616438,False,shallow_outside,1-3,True,False,,,,,,,,,
NTCL,under120,2026-10-08T19:41:00Z,afternoon,1.8,-0.08550525834476447,False,shallow_outside,1-3,True,False,,,1.8361,99.78804347826087,,,,1.795,-0.27777777777778423
TTMI,under120,2026-10-08T19:41:00Z,afternoon,117.26,-0.08533541341653654,False,other_price_or_range,10-120,False,,,,,,,,,,
CNTN,under120,2026-10-08T19:41:00Z,afternoon,2.07,-0.08407079646017697,False,shallow_outside,1-3,True,False,,,2.1,99.05660377358491,,,,2.07,0.0
AMBR,under120,2026-10-08T19:41:00Z,afternoon,2.09,-0.08333333333333331,False,shallow_outside,1-3,True,False,,,2.12,99.06542056074767,,,,2.085,-0.23923444976076047
LUD,under120,2026-10-08T19:41:00Z,afternoon,3.54,-0.08290155440414504,False,shallow_outside,3-10,True,False,,,,,,,,,
KIDZ,under120,2026-10-08T19:41:00Z,afternoon,2.04,-0.08108108108108114,False,shallow_outside,1-3,True,False,,,2.04,97.60765550239235,,,,2.04,0.0
DNN,under120,2026-10-08T19:41:00Z,afternoon,2.355,-0.08007812500000003,False,shallow_outside,1-3,True,False,,,2.36,97.92531120331948,,,,2.36,0.21231422505307404
YAAS,under120,2026-10-08T19:41:00Z,afternoon,1.04,-0.07964601769911493,False,shallow_outside,1-3,True,False,,,1.04,97.19626168224299,,,,1.015,-2.4038461538461666
ARAI,under120,2026-10-08T19:41:00Z,afternoon,0.1759,-0.0780922431865828,False,shallow_outside,<1,True,False,,,0.1761,97.83333333333334,,,,0.1751,-0.45480386583285687
RYDE,under120,2026-10-08T19:41:00Z,afternoon,0.673,-0.07808219178082183,False,shallow_outside,<1,True,False,,,,,,,,,
BIAF,under120,2026-10-08T19:41:00Z,afternoon,5.69,-0.07629870129870125,False,shallow_outside,3-10,True,True,2026-10-08T19:45:00Z,2.108963093145856,5.8248,,,,,5.6493,-0.7152899824253106
GRI,under120,2026-10-08T19:41:00Z,afternoon,1.71,-0.07567567567567574,False,shallow_outside,1-3,True,False,,,1.7,97.14285714285714,,,,1.68,-1.7543859649122824
VSH,under120,2026-10-08T19:41:00Z,afternoon,34.1,-0.07512883102793588,False,other_price_or_range,10-120,False,,,,,,,,,,
CISO,under120,2026-10-08T19:41:00Z,afternoon,0.1934,-0.07464114832535887,False,shallow_outside,<1,True,True,2026-10-08T19:55:00Z,2.3784901758014585,0.2006,,,,,0.2006,3.722854188210968
AHG,under120,2026-10-08T19:41:00Z,afternoon,1.12,-0.07438016528925609,False,shallow_outside,1-3,True,True,2026-10-08T19:50:00Z,2.6785714285714106,1.15,,,,,1.11,-0.8928571428571435
CYAB,under120,2026-10-08T19:41:00Z,afternoon,0.1737,-0.07310565635005345,False,shallow_outside,<1,True,False,,,0.175,98.31460674157303,,,,0.1724,-0.7484168105929739
PRME,under120,2026-10-08T19:41:00Z,afternoon,3.615,-0.073076923076923,False,shallow_outside,3-10,True,False,,,3.625,98.23848238482384,,,,3.575,-1.1065006915629332
FRMM,under120,2026-10-08T19:41:00Z,afternoon,4.41,-0.07255520504731856,False,shallow_outside,3-10,True,True,2026-10-08T19:55:00Z,2.040816326530609,4.54,,,,,4.48,1.5873015873015939
DFNS,under120,2026-10-08T19:41:00Z,afternoon,6.04,-0.07219662058371733,False,shallow_outside,3-10,True,True,2026-10-08T19:45:00Z,2.1523178807947003,6.18,,,,,6.23,3.145695364238417
MRKR,under120,2026-10-08T19:41:00Z,afternoon,0.965,-0.07211538461538468,False,shallow_outside,<1,True,False,,,0.9638,97.84771573604061,,,,0.9502,-1.5336787564766763
ARBK,under120,2026-10-08T19:41:00Z,afternoon,2.0613,-0.0714864864864865,False,shallow_outside,1-3,True,False,,,,,,,,,
LPTH,under120,2026-10-08T19:41:00Z,afternoon,9.66,-0.07115384615384618,False,shallow_outside,3-10,True,False,,,9.79,99.29006085192698,,,,9.745,0.8799171842650009
EZRA,under120,2026-10-08T19:41:00Z,afternoon,2.24,-0.0705394190871369,False,shallow_outside,1-3,True,False,,,2.24,97.81659388646288,,,,2.235,-0.22321428571430074
POAS,under120,2026-10-08T19:41:00Z,afternoon,0.1381,-0.07003367003366999,False,shallow_outside,<1,True,False,,,0.1395,98.93617021276597,,,,0.139,0.6517016654598203
QMCO,under120,2026-10-08T19:41:00Z,afternoon,28.895,-0.07000321853878341,False,other_price_or_range,10-120,False,,,,,,,,,,
OGEN,under120,2026-10-08T19:41:00Z,afternoon,0.465,-0.06981396279255848,False,shallow_outside,<1,True,False,,,,,,,,,
POM,under120,2026-10-08T19:41:00Z,afternoon,0.79,-0.06927426955702164,False,shallow_outside,<1,True,False,,,0.7946,98.58560794044664,,,,0.7902,0.025316455696199742
FLD,under120,2026-10-08T19:41:00Z,afternoon,0.5378,-0.06906698978708681,False,shallow_outside,<1,True,False,,,0.5392,98.21493624772313,,,,0.5317,-1.134250650799553
SILC,under120,2026-10-08T19:41:00Z,afternoon,55.815,-0.0689741451209342,False,other_price_or_range,10-120,False,,,,,,,,,,
OPTT,under120,2026-10-08T19:41:00Z,afternoon,0.8952,-0.06885791553983778,False,shallow_outside,<1,True,True,2026-10-08T19:45:00Z,2.1000893655049193,0.9152,,,,,0.9,0.5361930294906195
GGR,under120,2026-10-08T19:41:00Z,afternoon,2.785,-0.06856187290969902,False,shallow_outside,1-3,True,False,,,2.8,98.24561403508771,,,,2.8,0.5385996409335612
VIDA,under120,2026-10-08T19:41:00Z,afternoon,1.36,-0.06849315068493142,False,shallow_outside,1-3,True,True,2026-10-08T19:55:00Z,2.205882352941162,1.39,,,,,1.389,2.132352941176464
HDRN,under120,2026-10-08T19:41:00Z,afternoon,1.09,-0.06837606837606826,False,shallow_outside,1-3,True,False,,,1.0947,97.74107142857143,,,,1.05,-3.6697247706422047
JAGU,under120,2026-10-08T19:41:00Z,afternoon,1.09,-0.06837606837606826,False,shallow_outside,1-3,True,True,2026-10-08T19:45:00Z,2.7522935779816535,1.12,,,,,1.11,1.8348623853211024
ACET,under120,2026-10-08T19:41:00Z,afternoon,5.76,-0.06796116504854369,False,shallow_outside,3-10,True,False,,,5.775,98.21428571428572,,,,5.75,-0.1736111111111074
RDZN,under120,2026-10-08T19:41:00Z,afternoon,1.11,-0.0672268907563024,False,shallow_outside,1-3,True,False,,,1.12,98.24561403508774,,,,1.12,0.9009009009009016
BAFN,under120,2026-10-08T19:41:00Z,afternoon,6.74,-0.06648199445983373,False,shallow_outside,3-10,True,False,,,6.78,98.54651162790698,,,,6.73,-0.14836795252225204
SWMR,under120,2026-10-08T19:41:00Z,afternoon,13.14,-0.06609808102345413,False,other_price_or_range,10-120,False,,,,,,,,,,
GTEC,under120,2026-10-08T19:41:00Z,afternoon,0.7405,-0.06585088936545971,False,shallow_outside,<1,True,True,2026-10-08T19:45:00Z,2.363268062120184,0.7732,,,,,0.7691,3.862255232950703
HIMX,under120,2026-10-08T19:41:00Z,afternoon,13.165,-0.0656493967352733,False,other_price_or_range,10-120,False,,,,,,,,,,
STM,under120,2026-10-08T19:41:00Z,afternoon,52.505,-0.06541473834104658,False,other_price_or_range,10-120,False,,,,,,,,,,
RBBN,under120,2026-10-08T19:41:00Z,afternoon,1.72,-0.06521739130434788,False,shallow_outside,1-3,True,False,,,1.735,98.57954545454545,,,,1.715,-0.29069767441859845
EU,under120,2026-10-08T19:41:00Z,afternoon,1.01,-0.06481481481481487,False,shallow_outside,1-3,True,False,,,1.03,99.03846153846155,,,,1.025,1.4851485148514756
LIMN,under120,2026-10-08T19:41:00Z,afternoon,3.63,-0.06443298969072166,False,shallow_outside,3-10,True,True,2026-10-08T19:55:00Z,2.203856749311297,3.72,,,,,3.65,0.5509641873278243
BIRD,under120,2026-10-08T19:41:00Z,afternoon,2.865,-0.06372549019607837,False,shallow_outside,1-3,True,False,,,2.89,98.63481228668942,,,,2.885,0.6980802792320968
LWLG,under120,2026-10-08T19:41:00Z,afternoon,5.085,-0.06353591160220991,False,shallow_outside,3-10,True,False,,,5.145,99.1329479768786,,,,5.13,0.884955752212388
CNTB,under120,2026-10-08T19:41:00Z,afternoon,0.8847,-0.06351222610352487,False,shallow_outside,<1,True,True,2026-10-08T19:55:00Z,2.0684977958630024,0.9063,,,,,0.9027,2.034587995930813
PNBK,under120,2026-10-08T19:41:00Z,afternoon,0.8678,-0.06345780271962008,False,shallow_outside,<1,True,True,2026-10-08T19:40:00Z,2.0972574325881532,0.8862,,,,,0.865,-0.3226549896289496
AMSS,under120,2026-10-08T19:41:00Z,afternoon,0.3615,-0.06322881575537712,False,shallow_outside,<1,True,False,,,0.3593,97.37127371273712,,,,0.3572,-1.1894882434301441
GXAI,under120,2026-10-08T19:41:00Z,afternoon,0.4258,-0.06294014084507045,False,shallow_outside,<1,True,False,,,0.4313,99.14942528735634,,,,0.4253,-0.11742602160638808
INIO,under120,2026-10-08T19:41:00Z,afternoon,19.06,-0.06293018682399219,False,other_price_or_range,10-120,False,,,,,,,,,,
CAMP,under120,2026-10-08T19:41:00Z,afternoon,3.6,-0.062499999999999944,False,shallow_outside,3-10,True,True,2026-10-08T19:50:00Z,2.222222222222224,3.73,,,,,3.717,3.2499999999999996
RAYA,under120,2026-10-08T19:41:00Z,afternoon,1.73,-0.062432256665944055,False,shallow_outside,1-3,True,False,,,,,,,,,
MBAI,under120,2026-10-08T19:41:00Z,afternoon,3.01,-0.06230529595015582,False,shallow_outside,3-10,True,False,,,,,,,,,
FEIM,under120,2026-10-08T19:41:00Z,afternoon,74.27,-0.06165508528111193,False,other_price_or_range,10-120,False,,,,,,,,,,
GCTK,under120,2026-10-08T19:41:00Z,afternoon,1.08,-0.06086956521739117,False,shallow_outside,1-3,True,True,2026-10-08T19:55:00Z,2.77777777777778,1.12,,,,,1.105,2.3148148148148064
SMCI,under120,2026-10-08T19:41:00Z,afternoon,42.205,-0.06085892300845571,False,other_price_or_range,10-120,False,,,,,,,,,,
PAVS,under120,2026-10-08T19:41:00Z,afternoon,3.63,-0.060802069857697365,False,shallow_outside,3-10,True,False,,,3.65,98.38274932614554,,,,3.65,0.5509641873278243
UCTT,under120,2026-10-08T19:41:00Z,afternoon,67.08,-0.06076729207504905,False,other_price_or_range,10-120,False,,,,,,,,,,
POET,under120,2026-10-08T19:41:00Z,afternoon,6.965,-0.060687795010114655,False,shallow_outside,3-10,True,False,,,7.055,99.22644163150491,,,,7.05,1.220387652548456
STEM,under120,2026-10-08T19:41:00Z,afternoon,4.2,-0.060402684563758295,False,shallow_outside,3-10,True,False,,,4.205,98.01864801864802,,,,4.205,0.1190476190476165
PESI,under120,2026-10-08T19:41:00Z,afternoon,14.17,-0.060344827586206906,False,other_price_or_range,10-120,False,,,,,,,,,,
ATEX,under120,2026-10-08T19:41:00Z,afternoon,76.3,-0.06011332840601145,False,other_price_or_range,10-120,False,,,,,,,,,,
AKBA,under120,2026-10-08T19:41:00Z,afternoon,0.8209,-0.060109915273643226,False,shallow_outside,<1,True,False,,,0.8233,98.2458233890215,,,,0.8163,-0.560360579851375
ABTC,under120,2026-10-08T19:41:00Z,afternoon,7.73,-0.05961070559610708,False,shallow_outside,3-10,True,False,,,7.75,98.2256020278834,,,,7.73,0.0
VLN,under120,2026-10-08T19:41:00Z,afternoon,1.74,-0.05945945945945951,False,shallow_outside,1-3,True,False,,,1.77,99.43820224719101,,,,1.75,0.5747126436781614
CEVA,under120,2026-10-08T19:41:00Z,afternoon,33.38,-0.05918827508455452,False,other_price_or_range,10-120,False,,,,,,,,,,
WETH,under120,2026-10-08T19:41:00Z,afternoon,0.9164,-0.05894434175395359,False,shallow_outside,<1,True,True,2026-10-08T19:40:00Z,2.684417285028367,0.9598,,,,,0.9353,2.062418158009606
ZKH,under120,2026-10-08T19:41:00Z,afternoon,2.1,-0.05829596412556049,False,shallow_outside,1-3,True,False,,,2.105,97.90697674418605,,,,2.09,-0.47619047619048716
INTC,under120,2026-10-08T19:41:00Z,afternoon,106.535,-0.05821251768033953,False,other_price_or_range,10-120,False,,,,,,,,,,
VIAV,under120,2026-10-08T19:41:00Z,afternoon,43.58,-0.05813702182839863,False,other_price_or_range,10-120,False,,,,,,,,,,
IBIO,under120,2026-10-08T19:41:00Z,afternoon,0.9513,-0.058118811881188094,False,shallow_outside,<1,True,False,,,0.9504,97.87847579814624,,,,0.91,-4.3414275202354675
REVB,under120,2026-10-08T19:41:00Z,afternoon,0.78,-0.058084772370486565,False,shallow_outside,<1,True,False,,,,,,,,,
KC,under120,2026-10-08T19:41:00Z,afternoon,8.695,-0.057963163596966426,False,shallow_outside,3-10,True,False,,,8.76,98.7598647125141,,,,8.75,0.632547441058076
HIMS,under120,2026-10-08T19:41:00Z,afternoon,27.83,-0.057887610020311474,False,other_price_or_range,10-120,False,,,,,,,,,,
ESTA,under120,2026-10-08T19:41:00Z,afternoon,60.155,-0.05787000783085357,False,other_price_or_range,10-120,False,,,,,,,,,,
HAO,under120,2026-10-08T19:41:00Z,afternoon,2.45,-0.057692307692307654,False,shallow_outside,1-3,True,False,,,2.49,99.60000000000001,,,,2.49,1.632653061224491
OUST,under120,2026-10-08T19:41:00Z,afternoon,39.275,-0.05747540196784265,False,other_price_or_range,10-120,False,,,,,,,,,,
FTLF,under120,2026-10-08T19:41:00Z,afternoon,8.7,-0.05742145178764909,False,shallow_outside,3-10,True,True,2026-10-08T19:50:00Z,2.0689655172413968,8.9925,,,,,8.7,0.0
GHI,under120,2026-10-08T19:41:00Z,afternoon,5.1,-0.05730129390018494,False,shallow_outside,3-10,True,False,,,5.14,98.65642994241843,,,,5.11,0.19607843137256228
YCBD,under120,2026-10-08T19:41:00Z,afternoon,0.3837,-0.05724815724815722,False,shallow_outside,<1,True,True,2026-10-08T19:45:00Z,2.163148292937198,0.3932,,,,,0.3933,2.5019546520719302
CANF,under120,2026-10-08T19:41:00Z,afternoon,1.98,-0.05714285714285719,False,shallow_outside,1-3,True,True,2026-10-08T19:55:00Z,2.020202020202022,2.04,,,,,2.04,3.030303030303033
BIVI,under120,2026-10-08T19:41:00Z,afternoon,1.32,-0.05714285714285704,False,shallow_outside,1-3,True,False,,,1.325,98.14814814814814,,,,1.27,-3.7878787878787907
ZEO,under120,2026-10-08T19:41:00Z,afternoon,0.2798,-0.05664194200944027,False,shallow_outside,<1,True,False,,,0.2789,97.51748251748252,,,,0.2756,-1.5010721944245824
MDA,under120,2026-10-08T19:41:00Z,afternoon,27.37,-0.0562068965517241,False,other_price_or_range,10-120,False,,,,,,,,,,
DCOY,under120,2026-10-08T19:41:00Z,afternoon,1.52,-0.055900621118012465,False,shallow_outside,1-3,True,False,,,,,,,,,
WWR,under120,2026-10-08T19:41:00Z,afternoon,0.4485,-0.05578947368421046,False,shallow_outside,<1,True,False,,,0.4546,99.25764192139738,,,,0.4546,1.3600891861761415
AMBQ,under120,2026-10-08T19:41:00Z,afternoon,58.55,-0.055340432397547594,False,other_price_or_range,10-120,False,,,,,,,,,,
LVWR,under120,2026-10-08T19:41:00Z,afternoon,1.5023,-0.055157232704402585,False,shallow_outside,1-3,True,False,,,1.5,97.40259740259741,,,,1.48,-1.4843906010783456
STEX,under120,2026-10-08T19:41:00Z,afternoon,0.5025,-0.05509590071455454,False,shallow_outside,<1,True,False,,,0.5121,99.82456140350877,,,,0.507,0.8955223880597135
PRSO,under120,2026-10-08T19:41:00Z,afternoon,0.4277,-0.0550154661953159,False,shallow_outside,<1,True,False,,,0.4325,98.97025171624713,,,,0.4237,-0.9352349777881701
ATOM,under120,2026-10-08T19:41:00Z,afternoon,4.13,-0.05491990846681927,False,shallow_outside,3-10,True,False,,,4.145,98.22274881516587,,,,4.14,0.24213075060532172
LTRX,under120,2026-10-08T19:41:00Z,afternoon,6.815,-0.05478502080443822,False,shallow_outside,3-10,True,False,,,6.85,98.41954022988504,,,,6.82,0.07336757153338068
TRBG,under120,2026-10-08T19:41:00Z,afternoon,3.46,-0.054644808743169446,False,shallow_outside,3-10,True,False,,,3.49,98.86685552407933,,,,3.45,-0.28901734104045623
BLZE,under120,2026-10-08T19:41:00Z,afternoon,12.98,-0.05462490895848507,False,other_price_or_range,10-120,False,,,,,,,,,,
ZJYL,under120,2026-10-08T19:41:00Z,afternoon,2.0047,-0.054386792452830166,False,shallow_outside,1-3,True,True,2026-10-08T19:55:00Z,3.7561729934653525,2.12,,,,,2.12,5.751484012570457
DVLT,under120,2026-10-08T19:41:00Z,afternoon,0.1461,-0.054368932038834895,False,shallow_outside,<1,True,False,,,0.1463,97.53333333333335,,,,0.1449,-0.8213552361396349
MTC,under120,2026-10-08T19:41:00Z,afternoon,4.72,-0.05410821643286582,False,shallow_outside,3-10,True,False,,,,,,,,,
USBC,under120,2026-10-08T19:41:00Z,afternoon,0.51085,-0.0539814814814815,False,shallow_outside,<1,True,False,,,0.5108,97.8544061302682,,,,0.5001,-2.104335910737014
CCTG,under120,2026-10-08T19:41:00Z,afternoon,0.4515,-0.053855825649622796,False,shallow_outside,<1,True,True,2026-10-08T19:45:00Z,2.104097452934664,0.4699,,,,,0.4744,5.071982281284602
BKHA,under120,2026-10-08T19:41:00Z,afternoon,12.3,-0.053846153846153794,False,other_price_or_range,10-120,False,,,,,,,,,,
SVCO,under120,2026-10-08T19:41:00Z,afternoon,7.95,-0.05357142857142859,False,shallow_outside,3-10,True,False,,,8.03,99.01356350184956,,,,7.99,0.5031446540880508
AHMA,under120,2026-10-08T19:41:00Z,afternoon,1.24,-0.05343511450381684,False,shallow_outside,1-3,True,False,,,,,,,,,
LAES,under120,2026-10-08T19:41:00Z,afternoon,2.215,-0.05341880341880342,False,shallow_outside,1-3,True,True,2026-10-08T19:55:00Z,2.0316027088036086,2.26,,,,,2.26,2.0316027088036086
CMCM,under120,2026-10-08T19:41:00Z,afternoon,2.395,-0.053359683794466324,False,shallow_outside,1-3,True,False,,,,,,,,,
HYFT,under120,2026-10-08T19:41:00Z,afternoon,1.42,-0.05333333333333338,False,shallow_outside,1-3,True,True,2026-10-08T19:55:00Z,2.1126760563380302,1.45,,,,,1.43,0.7042253521126767
GITS,under120,2026-10-08T19:41:00Z,afternoon,1.6,-0.0532544378698224,False,shallow_outside,1-3,True,False,,,,,,,,,
XAIR,under120,2026-10-08T19:41:00Z,afternoon,2.405,-0.05314960629921269,False,shallow_outside,1-3,True,False,,,2.434,98.94308943089432,,,,2.345,-2.4948024948024785
EVH,under120,2026-10-08T19:41:00Z,afternoon,3.92,-0.05314009661835743,False,shallow_outside,3-10,True,False,,,3.985,99.625,,,,3.95,0.765306122448986
BOLD,under120,2026-10-08T19:41:00Z,afternoon,2.5,-0.05303030303030307,False,shallow_outside,1-3,True,True,2026-10-08T19:45:00Z,4.0000000000000036,2.65,,,,,2.6,4.0000000000000036
DSS,under120,2026-10-08T19:41:00Z,afternoon,0.6128,-0.05285935085007729,False,shallow_outside,<1,True,False,,,0.6106,97.53993610223642,,,,0.6106,-0.359007832898169
SRXH,under120,2026-10-08T19:41:00Z,afternoon,1.4114,-0.052751677852348994,False,shallow_outside,1-3,True,False,,,1.415,98.2638888888889,,,,1.39,-1.5162250247980789
QUIK,under120,2026-10-08T19:41:00Z,afternoon,10.6,-0.052725647899910626,False,other_price_or_range,10-120,False,,,,,,,,,,
CMTL,under120,2026-10-08T19:41:00Z,afternoon,1.175,-0.05241935483870964,False,shallow_outside,1-3,True,False,,,1.19,99.16666666666667,,,,1.18,0.4255319148936079
BRNX,under120,2026-10-08T19:41:00Z,afternoon,1.4501,-0.052222222222222274,False,shallow_outside,1-3,True,False,,,1.46,98.64864864864865,,,,1.43,-1.386111302668782
GLND,under120,2026-10-08T19:41:00Z,afternoon,2.5685,-0.05221402214022147,False,shallow_outside,1-3,True,True,2026-10-08T19:55:00Z,2.005061319836493,2.62,,,,,2.61,1.6157290247226046
KZIA,under120,2026-10-08T19:41:00Z,afternoon,8.805,-0.05220667384284171,False,shallow_outside,3-10,True,False,,,8.88,98.77641824249166,,,,8.74,-0.738216922203288
PDCC,under120,2026-10-08T19:41:00Z,afternoon,7.8501,-0.051920289855072355,False,shallow_outside,3-10,True,False,,,,,,,,,
PSIX,under120,2026-10-08T19:41:00Z,afternoon,48.95,-0.05190780553941506,False,other_price_or_range,10-120,False,,,,,,,,,,
BWEN,under120,2026-10-08T19:41:00Z,afternoon,3.8499,-0.05174876847290634,False,shallow_outside,3-10,True,False,,,3.87,98.47328244274809,,,,3.855,0.13247097327203575
CWD,under120,2026-10-08T19:41:00Z,afternoon,0.4807,-0.051499605367008705,False,shallow_outside,<1,True,False,,,0.4813,98.02443991853362,,,,0.472,-1.8098606199292784
NOK,under120,2026-10-08T19:41:00Z,afternoon,10.075,-0.05131826741996233,False,other_price_or_range,10-120,False,,,,,,,,,,
RDIB,under120,2026-10-08T19:41:00Z,afternoon,12.3999,-0.051270084162203494,False,other_price_or_range,10-120,False,,,,,,,,,,
GUTS,under120,2026-10-08T19:41:00Z,afternoon,4.29,-0.050884955752212295,False,shallow_outside,3-10,True,False,,,4.285,97.83105022831052,,,,4.22,-1.6317016317016382
RKDA,under120,2026-10-08T19:41:00Z,afternoon,0.2725,-0.05052264808362355,False,shallow_outside,<1,True,False,,,0.2736,98.41726618705036,,,,0.267,-2.0183486238532127
JEM,under120,2026-10-08T19:41:00Z,afternoon,3.39,-0.050420168067226816,False,shallow_outside,3-10,True,False,,,,,,,,,
ISOU,under120,2026-10-08T19:41:00Z,afternoon,9.23,-0.050411522633744876,False,shallow_outside,3-10,True,False,,,9.31,98.83227176220808,,,,9.29,0.6500541711809179
IPWR,under120,2026-10-08T19:41:00Z,afternoon,3.675,-0.050387596899224875,False,shallow_outside,3-10,True,False,,,3.72,99.20000000000002,,,,3.72,1.2244897959183776
CMRC,under120,2026-10-08T19:41:00Z,afternoon,3.21,-0.05029585798816566,False,shallow_outside,3-10,True,False,,,3.23,98.47560975609757,,,,3.215,0.1557632398753861
RDW,under120,2026-10-08T19:41:00Z,afternoon,9.725,-0.050292968750000056,False,shallow_outside,3-10,True,False,,,9.78,98.58870967741935,,,,9.755,0.3084832904884436
NNE,under120,2026-10-08T19:41:00Z,afternoon,15.205,-0.05028107432854475,False,other_price_or_range,10-120,False,,,,,,,,,,
BFRG,under120,2026-10-08T19:41:00Z,afternoon,0.673,-0.0502399096810612,False,shallow_outside,<1,True,True,2026-10-08T19:50:00Z,2.080237741456168,0.69,,,,,0.6825,1.411589895988106
DPC,under120,2026-10-08T19:41:00Z,afternoon,38.76,-0.050232786081842784,False,other_price_or_range,10-120,False,,,,,,,,,,
ACCS,under120,2026-10-08T19:41:00Z,afternoon,4.56,-0.050000000000000044,False,shallow_outside,3-10,True,False,,,4.6471,99.72317596566523,,,,4.6471,1.9100877192982546
RGEN,120to500,2026-10-08T13:41:00Z,morning,158.52,-0.052027269465374885,False,other_price_or_range,120-500,False,,,,,,,,,,
TWST,120to500,2026-10-08T13:41:00Z,morning,146.91,-0.0561516222293608,False,other_price_or_range,120-500,False,,,,,,,,,,
LINT,120to500,2026-10-08T13:41:00Z,morning,133.0,-0.061793920565688804,False,other_price_or_range,120-500,False,,,,,,,,,,
MRVU,120to500,2026-10-08T13:41:00Z,morning,160.5,-0.05521544619731573,False,other_price_or_range,120-500,False,,,,,,,,,,
SOXL,120to500,2026-10-08T13:41:00Z,morning,149.425,-0.05968787363916673,False,other_price_or_range,120-500,False,,,,,,,,,,
RVMD,120to500,2026-10-08T14:40:00Z,morning,182.655,-0.09068053965251159,False,other_price_or_range,120-500,False,,,,,,,,,,
ONC,120to500,2026-10-08T14:40:00Z,morning,342.435,-0.05929619251689462,False,other_price_or_range,120-500,False,,,,,,,,,,
JAZZ,120to500,2026-10-08T14:40:00Z,morning,219.435,-0.05084562481076169,False,other_price_or_range,120-500,False,,,,,,,,,,
GKOS,120to500,2026-10-08T14:40:00Z,morning,148.94,-0.1349750261354397,False,other_price_or_range,120-500,False,,,,,,,,,,
CURE,120to500,2026-10-08T14:40:00Z,morning,122.66,-0.054934894830110145,False,other_price_or_range,120-500,False,,,,,,,,,,
LABU,120to500,2026-10-08T14:40:00Z,morning,213.19,-0.06392974753018661,False,other_price_or_range,120-500,False,,,,,,,,,,
TSEM,120to500,2026-10-08T15:41:00Z,morning,232.75,-0.06243705941591138,False,other_price_or_range,120-500,False,,,,,,,,,,
COHR,120to500,2026-10-08T15:41:00Z,morning,312.5899,-0.06566863940698231,False,other_price_or_range,120-500,False,,,,,,,,,,
PRAX,120to500,2026-10-08T15:41:00Z,morning,263.45,-0.0524063017049133,False,other_price_or_range,120-500,False,,,,,,,,,,
VICR,120to500,2026-10-08T15:41:00Z,morning,266.06,-0.05912723672112587,False,other_price_or_range,120-500,False,,,,,,,,,,
NOVT,120to500,2026-10-08T15:41:00Z,morning,135.86,-0.05416318574213293,False,other_price_or_range,120-500,False,,,,,,,,,,
BE,120to500,2026-10-08T15:41:00Z,morning,275.554,-0.05402176525112447,False,other_price_or_range,120-500,False,,,,,,,,,,
BCH,120to500,2026-10-08T15:41:00Z,morning,284.65,-0.05145123129727748,False,other_price_or_range,120-500,False,,,,,,,,,,
ALAB,120to500,2026-10-08T19:42:00Z,afternoon,343.36,-0.10173969914977106,False,other_price_or_range,120-500,False,,,,,,,,,,
AMDG,120to500,2026-10-08T19:42:00Z,afternoon,134.405,-0.0980141614561697,False,other_price_or_range,120-500,False,,,,,,,,,,
AMUU,120to500,2026-10-08T19:42:00Z,afternoon,282.1,-0.0934693804099407,False,other_price_or_range,120-500,False,,,,,,,,,,
SIMO,120to500,2026-10-08T19:42:00Z,afternoon,259.44,-0.09216880117572951,False,other_price_or_range,120-500,False,,,,,,,,,,
NBIS,120to500,2026-10-08T19:42:00Z,afternoon,218.4,-0.07906388361796331,False,other_price_or_range,120-500,False,,,,,,,,,,
NVMI,120to500,2026-10-08T19:42:00Z,afternoon,349.345,-0.07524419620403938,False,other_price_or_range,120-500,False,,,,,,,,,,
ARM,120to500,2026-10-08T19:42:00Z,afternoon,272.9046,-0.0729197948160478,False,other_price_or_range,120-500,False,,,,,,,,,,
GLW,120to500,2026-10-08T19:42:00Z,afternoon,151.37,-0.07277182235834606,False,other_price_or_range,120-500,False,,,,,,,,,,
TECL,120to500,2026-10-08T19:42:00Z,afternoon,236.6969,-0.06247514556184893,False,other_price_or_range,120-500,False,,,,,,,,,,
NVDU,120to500,2026-10-08T19:42:00Z,afternoon,147.85,-0.05792022428953743,False,other_price_or_range,120-500,False,,,,,,,,,,
CRDO,120to500,2026-10-08T19:42:00Z,afternoon,207.27,-0.05790645879732731,False,other_price_or_range,120-500,False,,,,,,,,,,
ORCL,120to500,2026-10-08T19:42:00Z,afternoon,135.42,-0.056701030927835155,False,other_price_or_range,120-500,False,,,,,,,,,,
VST,120to500,2026-10-08T19:42:00Z,afternoon,157.35,-0.0562020153550864,False,other_price_or_range,120-500,False,,,,,,,,,,
MKSI,120to500,2026-10-08T19:42:00Z,afternoon,258.49,-0.05367014460918898,False,other_price_or_range,120-500,False,,,,,,,,,,
CEG,120to500,2026-10-08T19:42:00Z,afternoon,283.93,-0.05227143763142952,False,other_price_or_range,120-500,False,,,,,,,,,,
CLS,120to500,2026-10-08T19:42:00Z,afternoon,352.21,-0.05210323761337033,False,other_price_or_range,120-500,False,,,,,,,,,,
LSCC,120to500,2026-10-08T19:42:00Z,afternoon,124.27,-0.05130162607832669,False,other_price_or_range,120-500,False,,,,,,,,,,
MTRN,120to500,2026-10-08T19:42:00Z,afternoon,275.845,-0.05116607044578976,False,other_price_or_range,120-500,False,,,,,,,,,,
AAVE,120to500,2026-10-08T19:42:00Z,afternoon,165.203,-0.05014805232140295,False,other_price_or_range,120-500,False,,,,,,,,,,
AVGO,120to500,2026-10-08T19:42:00Z,afternoon,357.67,-0.05003851159331751,False,other_price_or_range,120-500,False,,,,,,,,,,
