symbol,source_list,first_seen_timestamp,time_bucket,first_seen_price,pct_change_at_first_seen,in_experiment_bracket,decline_bucket,price_bucket,simulated,closed,closed_at,decay_close_roi_pct,peak_price_reached,pct_of_target_reached_if_not_closed,liquidation_triggered,liquidation_exit_price,liquidation_roi_pct,eod_sell_price,eod_sell_roi_pct
AACG,under120,2026-07-29T15:35:00Z,morning,0.91,-0.06185567010309272,False,shallow_outside,<1,True,False,,,0.91,97.01492537313435,False,,,0.9,-1.0989010989010999
AADX,under120,2026-07-29T14:36:00Z,morning,17.52,-0.07104984093319193,False,other_price_or_range,10-120,False,,,,,,,,,,
AALG,under120,2026-07-29T13:37:00Z,morning,13.3452,-0.0699885013415102,False,other_price_or_range,10-120,False,,,,,,,,,,
AAOI,under120,2026-07-29T14:36:00Z,morning,82.06,-0.06898116632629905,False,other_price_or_range,10-120,False,,,,,,,,,,
AAON,under120,2026-07-29T14:36:00Z,morning,87.15,-0.07030083208875602,False,other_price_or_range,10-120,False,,,,,,,,,,
AARD,under120,2026-07-29T14:36:00Z,morning,6.07,-0.054517133956386236,False,shallow_outside,3-10,True,False,,,6.3,101.61290322580645,False,,,5.335,-12.108731466227352
AAUC,under120,2026-07-29T13:37:00Z,morning,17.3439,-0.16775911708253352,False,other_price_or_range,10-120,False,,,,,,,,,,
ABOS,under120,2026-07-29T19:37:00Z,afternoon,2.13,-0.0657894736842105,False,shallow_outside,1-3,True,False,,,2.135,97.93577981651374,,,,2.1,-1.408450704225343
ABTS,under120,2026-07-29T15:35:00Z,morning,1.06,-0.07826086956521727,False,shallow_outside,1-3,True,False,,,1.1189,101.71818181818182,False,,,1.04,-1.8867924528301903
ACCS,under120,2026-07-29T15:35:00Z,morning,7.02,-0.06275033377837125,False,shallow_outside,3-10,True,False,,,7.035,98.11715481171548,False,,,6.8,-3.1339031339031305
ACHC,under120,2026-07-29T14:36:00Z,morning,28.87,-0.1168553074334658,False,other_price_or_range,10-120,False,,,,,,,,,,
ACHR,under120,2026-07-29T19:37:00Z,afternoon,4.575,-0.05082987551867222,False,shallow_outside,3-10,True,False,,,4.585,98.17987152034262,,,,4.475,-2.1857923497267873
ACMR,under120,2026-07-29T14:36:00Z,morning,66.71,-0.07372951957789506,False,other_price_or_range,10-120,False,,,,,,,,,,
ACON,under120,2026-07-29T19:37:00Z,afternoon,2.01,-0.056338028169014134,False,shallow_outside,1-3,True,False,,,2.015,97.81553398058253,,,,2.0,-0.4975124378109347
ACRV,under120,2026-07-29T15:35:00Z,morning,1.43,-0.0714285714285715,False,shallow_outside,1-3,True,False,,,1.47,100.68493150684932,False,,,1.421,-0.6293706293706223
ADEA,under120,2026-07-29T15:35:00Z,morning,23.54,-0.06401590457256459,False,other_price_or_range,10-120,False,,,,,,,,,,
ADTN,under120,2026-07-29T14:36:00Z,morning,8.525,-0.053829078801331795,False,shallow_outside,3-10,True,False,,,8.565,98.44827586206897,True,8.375,-1.7595307917888603,8.34,-2.170087976539595
ADVB,under120,2026-07-29T13:37:00Z,morning,10.0,-0.08088235294117653,False,other_price_or_range,10-120,False,,,,,,,,,,
AEBI,under120,2026-07-29T14:36:00Z,morning,12.93,-0.059636363636363654,False,other_price_or_range,10-120,False,,,,,,,,,,
AEHL,under120,2026-07-29T13:37:00Z,morning,0.5301,-0.0860344827586206,False,shallow_outside,<1,True,True,2026-07-29T13:40:00Z,5.074514242595743,0.5583,,False,,,0.5111,-3.5842293906810068
AEHR,under120,2026-07-29T15:35:00Z,morning,66.14,-0.05514285714285713,False,other_price_or_range,10-120,False,,,,,,,,,,
AEIS,120to500,2026-07-29T14:36:00Z,morning,258.23,-0.055555555555555546,False,other_price_or_range,120-500,False,,,,,,,,,,
AESI,under120,2026-07-29T19:37:00Z,afternoon,10.39,-0.05373406193078323,False,other_price_or_range,10-120,False,,,,,,,,,,
AEVA,under120,2026-07-29T15:35:00Z,morning,13.93,-0.052380952380952354,False,other_price_or_range,10-120,False,,,,,,,,,,
AGCO,under120,2026-07-29T14:36:00Z,morning,116.395,-0.05913022391075902,False,other_price_or_range,10-120,False,,,,,,,,,,
AGL,under120,2026-07-29T19:37:00Z,afternoon,93.89,-0.05295541658261045,False,other_price_or_range,10-120,False,,,,,,,,,,
AGMH,under120,2026-07-29T13:37:00Z,morning,0.7418,-0.061131502341475775,False,shallow_outside,<1,True,True,2026-07-29T14:40:00Z,5.014828794823404,0.78,,False,,,0.708,-4.556484227554604
AGNT,under120,2026-07-29T19:37:00Z,afternoon,3.78,-0.05970149253731338,False,shallow_outside,3-10,True,False,,,3.84,99.48186528497409,,,,3.84,1.587301587301589
AGPU,under120,2026-07-29T15:35:00Z,morning,6.9,-0.058663028649386044,False,shallow_outside,3-10,True,True,2026-07-29T18:00:00Z,4.057971014492744,7.1999,,False,,,7.04,2.028985507246372
AGX,120to500,2026-07-29T15:35:00Z,morning,494.4601,-0.054026975320451566,False,other_price_or_range,120-500,False,,,,,,,,,,
AHMA,under120,2026-07-29T19:37:00Z,afternoon,1.4,-0.09090909090909098,False,shallow_outside,1-3,True,False,,,1.4,,,,,,
AIAI,under120,2026-07-29T14:36:00Z,morning,5.22,-0.05263157894736843,False,shallow_outside,3-10,True,False,,,5.25,98.49906191369607,False,,,4.593,-12.01149425287356
AIB,under120,2026-07-29T14:36:00Z,morning,1.695,-0.09358288770053477,False,shallow_outside,1-3,True,False,,,1.74,100.57803468208093,False,,,1.528,-9.85250737463127
AIDX,under120,2026-07-29T19:37:00Z,afternoon,0.431,-0.05274725274725279,False,shallow_outside,<1,True,False,,,0.438,99.54545454545455,,,,0.438,1.624129930394433
AIFA,under120,2026-07-29T15:35:00Z,morning,1.6101,-0.09544943820224716,False,shallow_outside,1-3,True,True,2026-07-29T15:55:00Z,5.583504130178241,1.7,,False,,,1.6,-0.6272902304204706
AIFC,under120,2026-07-29T14:36:00Z,morning,0.3648,-0.07009941371399432,False,shallow_outside,<1,True,True,2026-07-29T18:50:00Z,3.0701754385964874,0.3791,,False,,,0.3664,0.43859649122806754
AIHS,under120,2026-07-29T15:35:00Z,morning,1.3573,-0.07666666666666669,False,shallow_outside,1-3,True,True,2026-07-29T18:15:00Z,4.61946511456568,1.445,,False,,,1.38,1.6724379282398838
AIIO,under120,2026-07-29T13:37:00Z,morning,2.836,-0.07016393442622951,False,shallow_outside,1-3,True,True,2026-07-29T19:55:00Z,2.256699576868831,2.94,,False,,,2.9,2.256699576868831
AIP,under120,2026-07-29T14:36:00Z,morning,27.45,-0.05214088397790061,False,other_price_or_range,10-120,False,,,,,,,,,,
AIRJ,under120,2026-07-29T14:36:00Z,morning,3.99,-0.07852193995381059,False,shallow_outside,3-10,True,True,2026-07-29T18:00:00Z,4.010025062656645,4.23,,False,,,4.015,0.6265664160400869
AIRO,under120,2026-07-29T14:36:00Z,morning,6.29,-0.07499999999999997,False,shallow_outside,3-10,True,True,2026-07-29T18:40:00Z,3.0206677265500854,6.49,,False,,,6.245,-0.7154213036565967
AISP,under120,2026-07-29T15:35:00Z,morning,1.7812,-0.07709844559585495,False,shallow_outside,1-3,True,False,,,1.79,98.35164835164835,False,,,1.71,-3.9973051875140317
AIXC,under120,2026-07-29T14:36:00Z,morning,0.7723,-0.06228751821272464,False,shallow_outside,<1,True,False,,,0.7949,100.87563451776651,False,,,0.65,-15.835815097759934
ALAR,under120,2026-07-29T14:36:00Z,morning,1.635,-0.08659217877094974,False,shallow_outside,1-3,True,True,2026-07-29T16:50:00Z,5.1987767584097835,1.72,,False,,,1.695,3.6697247706422047
ALK,under120,2026-07-29T15:35:00Z,morning,46.16,-0.05040115202633209,False,other_price_or_range,10-120,False,,,,,,,,,,
ALM,under120,2026-07-29T13:37:00Z,morning,11.58,-0.05314799672935407,False,other_price_or_range,10-120,False,,,,,,,,,,
ALP,under120,2026-07-29T15:35:00Z,morning,0.1846,-0.08839506172839519,False,shallow_outside,<1,True,True,2026-07-29T19:30:00Z,2.3835319609967582,0.19,,False,,,0.1876,1.625135427952331
ALPS,under120,2026-07-29T14:36:00Z,morning,0.44,-0.05457670820799308,False,shallow_outside,<1,True,False,,,0.4403,98.06236080178175,,,,0.4403,0.0681818181818233
ALSN,under120,2026-07-29T19:37:00Z,afternoon,114.305,-0.05618858888613651,False,other_price_or_range,10-120,False,,,,,,,,,,
ALTG,under120,2026-07-29T15:35:00Z,morning,6.05,-0.05023547880690742,False,shallow_outside,3-10,True,False,,,6.27,101.45631067961165,False,,,5.963,-1.4380165289256155
AMAT,120to500,2026-07-29T15:35:00Z,morning,450.6901,-0.054086177223691405,False,other_price_or_range,120-500,False,,,,,,,,,,
AMBP,under120,2026-07-29T14:36:00Z,morning,4.935,-0.05278310940499047,False,shallow_outside,3-10,True,False,,,5.005,99.30555555555556,False,,,4.97,0.7092198581560313
AMBQ,under120,2026-07-29T15:35:00Z,morning,56.91,-0.05653183023872685,False,other_price_or_range,10-120,False,,,,,,,,,,
AMCI,under120,2026-07-29T19:37:00Z,afternoon,4.51,-0.05648535564853566,False,shallow_outside,3-10,True,False,,,4.52,98.04772234273317,,,,4.34,-3.769401330376939
AMD,120to500,2026-07-29T15:35:00Z,morning,430.68,-0.05265936386432624,False,other_price_or_range,120-500,False,,,,,,,,,,
AMPG,under120,2026-07-29T19:37:00Z,afternoon,4.585,-0.06428571428571436,False,shallow_outside,3-10,True,False,,,4.62,98.71794871794873,,,,4.62,0.7633587786259572
AMPX,under120,2026-07-29T15:35:00Z,morning,8.665,-0.05093099671412942,False,shallow_outside,3-10,True,True,2026-07-29T18:45:00Z,3.0582804385458813,8.945,,False,,,8.4436,-2.555106751298317
AMR,120to500,2026-07-29T14:36:00Z,morning,136.66,-0.05797201351071894,False,other_price_or_range,120-500,False,,,,,,,,,,
AMS,under120,2026-07-29T19:37:00Z,afternoon,1.5,-0.050632911392405104,False,shallow_outside,1-3,True,False,,,1.5,,,,,,
AMSC,under120,2026-07-29T14:36:00Z,morning,27.28,-0.051130434782608654,False,other_price_or_range,10-120,False,,,,,,,,,,
AMTM,under120,2026-07-29T15:35:00Z,morning,22.15,-0.055839727195226015,False,other_price_or_range,10-120,False,,,,,,,,,,
AMUU,120to500,2026-07-29T14:36:00Z,morning,154.21,-0.08907791363931705,False,other_price_or_range,120-500,False,,,,,,,,,,
AMZE,under120,2026-07-29T14:36:00Z,morning,0.1845,-0.2649402390438247,False,deep_outside,<1,True,True,2026-07-29T14:35:00Z,5.14905149051491,0.1969,,False,,,0.1868,1.2466124661246594
ANET,120to500,2026-07-29T15:35:00Z,morning,160.5751,-0.053826527605916066,False,other_price_or_range,120-500,False,,,,,,,,,,
ANGH,under120,2026-07-29T15:35:00Z,morning,3.37,-0.07923497267759563,False,shallow_outside,3-10,True,True,2026-07-29T15:45:00Z,5.044510385756674,3.7001,,False,,,3.6834,9.299703264094946
ANY,under120,2026-07-29T19:37:00Z,afternoon,2.07,-0.05909090909090924,False,shallow_outside,1-3,True,False,,,2.07,97.64150943396224,,,,2.02,-2.4154589371980593
AOSL,under120,2026-07-29T15:35:00Z,morning,27.35,-0.05199306759098787,False,other_price_or_range,10-120,False,,,,,,,,,,
APLD,under120,2026-07-29T14:36:00Z,morning,24.2793,-0.08793012772351622,False,other_price_or_range,10-120,False,,,,,,,,,,
APUS,under120,2026-07-29T14:36:00Z,morning,6.1742,-0.228225,True,in_bracket,3-10,True,False,,,6.4899,101.8822605965463,False,,,5.78,-6.384632826924941
APVO,under120,2026-07-29T14:36:00Z,morning,3.99,-0.05225653206650825,False,shallow_outside,3-10,True,False,,,4.07,100.0,False,,,3.98,-0.25062656641604586
ARBE,under120,2026-07-29T19:37:00Z,afternoon,0.606,-0.06409266409266406,False,shallow_outside,<1,True,False,,,0.6069,98.04523424878838,,,,0.5992,-1.1221122112211268
ARCB,120to500,2026-07-29T14:36:00Z,morning,136.74,-0.0852287931495851,False,other_price_or_range,120-500,False,,,,,,,,,,
ARM,120to500,2026-07-29T14:36:00Z,morning,230.89,-0.05659066764729927,False,other_price_or_range,120-500,False,,,,,,,,,,
ARQQ,under120,2026-07-29T14:36:00Z,morning,16.48,-0.060968660968660986,False,other_price_or_range,10-120,False,,,,,,,,,,
ARRY,under120,2026-07-29T19:37:00Z,afternoon,4.8212,-0.05466666666666657,False,shallow_outside,3-10,True,False,,,4.83,98.17073170731707,,,,4.81,-0.2323073093835672
ARTL,under120,2026-07-29T19:37:00Z,afternoon,0.7607,-0.1356664015452789,True,in_bracket,<1,True,False,,,0.7701,99.23969072164948,,,,0.7386,-2.90521887734981
ARTW,under120,2026-07-29T15:35:00Z,morning,2.36,-0.05976095617529877,False,shallow_outside,1-3,True,False,,,2.4,99.58506224066389,True,2.335,-1.0593220338983014,2.22,-5.932203389830495
ARX,under120,2026-07-29T14:36:00Z,morning,13.615,-0.07506793478260872,False,other_price_or_range,10-120,False,,,,,,,,,,
ASBP,under120,2026-07-29T19:37:00Z,afternoon,5.88,-0.1884057971014493,True,in_bracket,3-10,True,False,,,5.99,99.83333333333334,,,,5.63,-4.2517006802721085
ASM,under120,2026-07-29T15:35:00Z,morning,5.225,-0.050000000000000065,False,shallow_outside,3-10,True,True,2026-07-29T18:00:00Z,4.114832535885182,5.465,,False,,,5.275,0.9569377990430759
ASPI,under120,2026-07-29T19:37:00Z,afternoon,3.58,-0.0516556291390728,False,shallow_outside,3-10,True,False,,,3.59,98.08743169398906,,,,3.54,-1.1173184357541908
ASPN,under120,2026-07-29T14:36:00Z,morning,4.17,-0.05011389521640086,False,shallow_outside,3-10,True,False,,,4.225,99.17840375586854,False,,,4.1,-1.6786570743405345
ASST,under120,2026-07-29T19:37:00Z,afternoon,11.295,-0.057178631051752964,False,other_price_or_range,10-120,False,,,,,,,,,,
ASTE,under120,2026-07-29T15:35:00Z,morning,51.42,-0.063217343778466,False,other_price_or_range,10-120,False,,,,,,,,,,
ASTN,under120,2026-07-29T13:37:00Z,morning,6.92,-0.0673854447439353,False,shallow_outside,3-10,True,True,2026-07-29T13:55:00Z,5.057803468208087,7.29,,False,,,8.33,20.3757225433526
ASX,under120,2026-07-29T14:36:00Z,morning,32.1,-0.053934571175950435,False,other_price_or_range,10-120,False,,,,,,,,,,
ASYS,under120,2026-07-29T14:36:00Z,morning,13.86,-0.05585831062670302,False,other_price_or_range,10-120,False,,,,,,,,,,
ATEN,under120,2026-07-29T15:35:00Z,morning,29.465,-0.05922733077905493,False,other_price_or_range,10-120,False,,,,,,,,,,
ATER,under120,2026-07-29T19:37:00Z,afternoon,0.3669,-0.05389375966993289,False,shallow_outside,<1,True,True,2026-07-29T19:50:00Z,2.207686017988552,0.3768,,,,,0.3731,1.6898337421640728
ATKR,under120,2026-07-29T19:37:00Z,afternoon,71.99,-0.07049709489993554,False,other_price_or_range,10-120,False,,,,,,,,,,
ATMU,under120,2026-07-29T15:35:00Z,morning,51.55,-0.05464881716486345,False,other_price_or_range,10-120,False,,,,,,,,,,
ATOM,under120,2026-07-29T14:36:00Z,morning,4.55,-0.05797101449275367,False,shallow_outside,3-10,True,True,2026-07-29T18:45:00Z,3.0769230769230895,4.7,,False,,,4.465,-1.8681318681318675
AUC,under120,2026-07-29T13:37:00Z,morning,6.5,-0.12751677852348994,True,in_bracket,3-10,True,True,2026-07-29T19:10:00Z,3.0769230769230793,6.9,,True,6.31,-2.923076923076929,7.03,8.153846153846157
AUID,under120,2026-07-29T14:36:00Z,morning,0.6456,-0.06488991888760148,False,shallow_outside,<1,True,False,,,0.6699,101.65402124430956,False,,,0.5938,-8.023543990086734
AVAT,under120,2026-07-29T15:35:00Z,morning,0.302,-0.08484848484848492,False,shallow_outside,<1,True,False,,,0.3133,101.39158576051781,False,,,0.305,0.9933774834437095
AVAV,120to500,2026-07-29T14:36:00Z,morning,147.305,-0.057850975375759436,False,other_price_or_range,120-500,False,,,,,,,,,,
AVAZ,under120,2026-07-29T13:37:00Z,morning,7.37,-0.050025135020172425,False,shallow_outside,3-10,True,False,,,7.37,95.21963824289405,,,,7.32,-0.6784260515603775
AVD,under120,2026-07-29T19:37:00Z,afternoon,2.4291,-0.062123552123552056,False,shallow_outside,1-3,True,False,,,2.4291,97.9475806451613,,,,2.405,-0.9921370054752885
AVXX,under120,2026-07-29T13:37:00Z,morning,5.42,-0.05244755244755242,False,shallow_outside,3-10,True,False,,,5.46,98.73417721518987,False,,,4.6804,-13.64575645756458
AXS,under120,2026-07-29T13:37:00Z,morning,109.75,-0.07981889829797935,False,other_price_or_range,10-120,False,,,,,,,,,,
AXTI,under120,2026-07-29T14:36:00Z,morning,40.455,-0.05390551917680075,False,other_price_or_range,10-120,False,,,,,,,,,,
AZ,under120,2026-07-29T19:37:00Z,afternoon,5.43,-0.07966101694915265,False,shallow_outside,3-10,True,False,,,5.45,98.37545126353791,,,,5.42,-0.18416206261509738
AZI,under120,2026-07-29T19:37:00Z,afternoon,1.195,-0.05158730158730154,False,shallow_outside,1-3,True,False,,,1.195,97.95081967213115,,,,1.16,-2.928870292887041
BANC,under120,2026-07-29T13:37:00Z,morning,19.65,-0.0722379603399434,False,other_price_or_range,10-120,False,,,,,,,,,,
BAND,under120,2026-07-29T13:37:00Z,morning,37.97,-0.2733014354066986,False,other_price_or_range,10-120,False,,,,,,,,,,
BAVA,under120,2026-07-29T13:37:00Z,morning,16.72,-0.06211786351346814,False,other_price_or_range,10-120,False,,,,,,,,,,
BBBY,under120,2026-07-29T14:36:00Z,morning,4.995,-0.05397727272727275,False,shallow_outside,3-10,True,False,,,5.1299,100.58627450980393,False,,,5.03,0.7007007007007036
BBGI,under120,2026-07-29T15:35:00Z,morning,19.41,-0.06570397111913351,False,other_price_or_range,10-120,False,,,,,,,,,,
BCAB,under120,2026-07-29T19:37:00Z,afternoon,3.25,-0.07932011331444754,False,shallow_outside,3-10,True,False,,,3.25,97.89156626506025,,,,3.2375,-0.3846153846153901
BCAR,under120,2026-07-29T19:37:00Z,afternoon,5.07,-0.10424028268551234,True,in_bracket,3-10,True,False,,,5.0864,98.1930501930502,,,,4.15,-18.145956607495066
BDL,under120,2026-07-29T19:37:00Z,afternoon,37.09,-0.05886830753615817,False,other_price_or_range,10-120,False,,,,,,,,,,
BDMD,under120,2026-07-29T13:37:00Z,morning,1.0,-0.0654205607476636,False,shallow_outside,1-3,True,True,2026-07-29T15:15:00Z,5.000000000000004,1.05,,False,,,1.03,3.0000000000000027
BDRX,under120,2026-07-29T14:36:00Z,morning,1.21,-0.1597222222222222,True,in_bracket,1-3,True,True,2026-07-29T17:40:00Z,4.132231404958682,1.5315,,True,1.1995,-0.8677685950413185,1.42,17.355371900826444
BDTX,under120,2026-07-29T15:35:00Z,morning,1.665,-0.053977272727272714,False,shallow_outside,1-3,True,True,2026-07-29T18:50:00Z,3.3033033033032995,1.72,,False,,,1.655,-0.6006006006006012
BEEM,under120,2026-07-29T15:35:00Z,morning,0.97905,-0.05860576923076929,False,shallow_outside,<1,True,False,,,0.9996,99.96000000000001,False,,,0.98,0.09703283795516127
BEEP,under120,2026-07-29T13:37:00Z,morning,1.67,-0.07734806629834261,False,shallow_outside,1-3,True,True,2026-07-29T13:50:00Z,5.389221556886232,1.86,,False,,,1.82,8.982035928143722
BESS,under120,2026-07-29T15:35:00Z,morning,2.71,-0.09966777408637868,False,shallow_outside,1-3,True,True,2026-07-29T15:40:00Z,5.16605166051661,2.91,,False,,,2.55,-5.904059040590411
BETA,under120,2026-07-29T14:36:00Z,morning,16.94,-0.07784431137724548,False,other_price_or_range,10-120,False,,,,,,,,,,
BETR,under120,2026-07-29T14:36:00Z,morning,21.11,-0.05926916221033876,False,other_price_or_range,10-120,False,,,,,,,,,,
BEZ,under120,2026-07-29T13:37:00Z,morning,21.34,-0.17954632833525572,False,other_price_or_range,10-120,False,,,,,,,,,,
BG,under120,2026-07-29T13:37:00Z,morning,111.4,-0.05086478657237794,False,other_price_or_range,10-120,False,,,,,,,,,,
BGI,under120,2026-07-29T19:37:00Z,afternoon,0.4586,-0.0581228178270692,False,shallow_outside,<1,True,True,2026-07-29T19:45:00Z,2.049716528565203,0.4752,,,,,0.4651,1.4173571740078512
BGL,under120,2026-07-29T15:35:00Z,morning,0.2004,-0.05427088249174143,False,shallow_outside,<1,True,True,2026-07-29T18:40:00Z,3.293413173652692,0.2072,,False,,,0.2106,5.089820359281445
BHE,under120,2026-07-29T15:35:00Z,morning,72.38,-0.059144676979072025,False,other_price_or_range,10-120,False,,,,,,,,,,
BIOA,under120,2026-07-29T15:35:00Z,morning,20.74,-0.05383211678832131,False,other_price_or_range,10-120,False,,,,,,,,,,
BIOT,under120,2026-07-29T13:37:00Z,morning,0.6509,-0.5106015037593985,False,other_price_or_range,<1,False,,,,,,,,,,
BIRD,under120,2026-07-29T14:36:00Z,morning,2.26,-0.05042016806722694,False,shallow_outside,1-3,True,False,,,2.2999,99.56277056277057,True,2.2,-2.654867256637151,2.205,-2.433628318584059
BIYA,under120,2026-07-29T13:37:00Z,morning,5.4,-0.16149068322981366,True,in_bracket,3-10,True,True,2026-07-29T13:45:00Z,5.185185185185174,6.07,,False,,,5.79,7.222222222222216
BJDX,under120,2026-07-29T19:37:00Z,afternoon,0.8402,-0.15980000000000005,True,in_bracket,<1,True,True,2026-07-29T19:55:00Z,2.1185432039990526,0.8699,,,,,0.8699,3.534872649369205
BKKT,under120,2026-07-29T14:36:00Z,morning,7.085,-0.05153949129852742,False,shallow_outside,3-10,True,False,,,7.1742,99.22821576763485,False,,,6.86,-3.1757233592095933
BKSY,under120,2026-07-29T19:37:00Z,afternoon,20.845,-0.05034168564920275,False,other_price_or_range,10-120,False,,,,,,,,,,
BLDP,under120,2026-07-29T19:37:00Z,afternoon,2.54,-0.0522388059701493,False,shallow_outside,1-3,True,False,,,2.54,97.6923076923077,,,,2.49,-1.968503937007867
BLDR,under120,2026-07-29T14:36:00Z,morning,69.735,-0.05354234527687306,False,other_price_or_range,10-120,False,,,,,,,,,,
BLIN,under120,2026-07-29T15:35:00Z,morning,1.12,-0.0508474576271185,False,shallow_outside,1-3,True,True,2026-07-29T19:05:00Z,3.5714285714285547,1.16,,False,,,1.16,3.5714285714285547
BLNK,under120,2026-07-29T15:35:00Z,morning,0.481,-0.06674427629025997,False,shallow_outside,<1,True,False,,,0.4826,98.28920570264765,False,,,0.47,-2.286902286902289
BMGL,under120,2026-07-29T14:36:00Z,morning,6.0,-0.05808477237048667,False,shallow_outside,3-10,True,False,,,6.0,95.08716323296356,,,,5.98,-0.33333333333332626
BNAI,under120,2026-07-29T14:36:00Z,morning,11.28,-0.08292682926829278,False,other_price_or_range,10-120,False,,,,,,,,,,
BNC,under120,2026-07-29T15:35:00Z,morning,2.63,-0.05054151624548741,False,shallow_outside,1-3,True,False,,,2.665,99.07063197026022,False,,,2.495,-5.133079847908737
BNZI,under120,2026-07-29T19:37:00Z,afternoon,1.795,-0.060209424083769635,False,shallow_outside,1-3,True,False,,,1.795,97.55434782608695,,,,1.75,-2.506963788300832
BODI,under120,2026-07-29T19:37:00Z,afternoon,10.25,-0.05268022181146028,False,other_price_or_range,10-120,False,,,,,,,,,,
BOEU,under120,2026-07-29T13:37:00Z,morning,32.81,-0.06628760390787512,False,other_price_or_range,10-120,False,,,,,,,,,,
BOOT,120to500,2026-07-29T19:38:00Z,afternoon,149.5025,-0.057480141218005334,False,other_price_or_range,120-500,False,,,,,,,,,,
BOT,under120,2026-07-29T13:37:00Z,morning,28.64,-0.056653491436100094,False,other_price_or_range,10-120,False,,,,,,,,,,
BOXL,under120,2026-07-29T19:37:00Z,afternoon,2.74,-0.06164383561643826,False,shallow_outside,1-3,True,False,,,2.74,97.85714285714288,,,,2.73,-0.3649635036496434
BQ,under120,2026-07-29T19:37:00Z,afternoon,0.77,-0.06097560975609748,False,shallow_outside,<1,True,False,,,0.778,98.9821882951654,,,,0.7673,-0.35064935064935526
BRAI,under120,2026-07-29T19:37:00Z,afternoon,5.5025,-0.05047454702329587,False,shallow_outside,3-10,True,True,2026-07-29T19:55:00Z,2.135393003180367,5.66,,,,,5.575,1.3175829168559705
BRKL,under120,2026-07-29T13:37:00Z,morning,24.0,-0.05065919851902833,False,other_price_or_range,10-120,False,,,,,,,,,,
BRLS,under120,2026-07-29T19:37:00Z,afternoon,0.7501,-0.08524390243902435,False,shallow_outside,<1,True,False,,,0.7501,97.9242819843342,,,,0.74,-1.34648713504866
BRSP,under120,2026-07-29T19:37:00Z,afternoon,4.945,-0.056297709923664105,False,shallow_outside,3-10,True,False,,,5.02,99.4059405940594,,,,5.01,1.3144590495449848
BSAA,under120,2026-07-29T19:37:00Z,afternoon,11.41,-0.05191610994781803,False,other_price_or_range,10-120,False,,,,,,,,,,
BSBR,under120,2026-07-29T13:37:00Z,morning,5.17,-0.056569343065693514,False,shallow_outside,3-10,True,False,,,5.221,98.88257575757575,False,,,5.115,-1.0638297872340372
BSX,under120,2026-07-29T13:37:00Z,morning,43.29,-0.06013894919670002,False,other_price_or_range,10-120,False,,,,,,,,,,
BTAI,under120,2026-07-29T19:37:00Z,afternoon,0.7958,-0.058224852071005945,False,shallow_outside,<1,True,False,,,0.8071,99.39655172413792,,,,0.8022,0.8042221663734698
BTBD,under120,2026-07-29T15:35:00Z,morning,1.12,-0.06666666666666654,False,shallow_outside,1-3,True,True,2026-07-29T18:25:00Z,4.4642857142856975,1.18,,False,,,1.06,-5.357142857142862
BTBT,under120,2026-07-29T14:36:00Z,morning,1.225,-0.057692307692307654,False,shallow_outside,1-3,True,True,2026-07-29T18:40:00Z,3.6734693877550963,1.27,,False,,,1.225,0.0
BTCS,under120,2026-07-29T14:36:00Z,morning,0.9865,-0.05144230769230768,False,shallow_outside,<1,True,True,2026-07-29T18:45:00Z,3.3958438925494145,1.025,,False,,,0.99,0.35478966041560545
BTDR,under120,2026-07-29T14:36:00Z,morning,9.335,-0.09192607003891036,False,shallow_outside,3-10,True,False,,,9.58,100.52465897166843,True,9.105,-2.46384574183182,8.91,-4.55275843599358
BTMD,under120,2026-07-29T19:37:00Z,afternoon,2.105,-0.06026785714285724,False,shallow_outside,1-3,True,False,,,2.12,98.6046511627907,,,,2.03,-3.5629453681710297
BTU,under120,2026-07-29T13:37:00Z,morning,20.62,-0.11273666092943191,False,other_price_or_range,10-120,False,,,,,,,,,,
BUUU,under120,2026-07-29T19:37:00Z,afternoon,23.15,-0.06878519710378121,False,other_price_or_range,10-120,False,,,,,,,,,,
BV,under120,2026-07-29T19:37:00Z,afternoon,13.22,-0.05571428571428567,False,other_price_or_range,10-120,False,,,,,,,,,,
BW,under120,2026-07-29T14:36:00Z,morning,8.355,-0.053793884484711174,False,shallow_outside,3-10,True,False,,,8.525,99.94138335287222,True,8.075,-3.351286654697799,7.935,-5.0269299820466875
BWAY,under120,2026-07-29T14:36:00Z,morning,14.52,-0.06262104583602328,False,other_price_or_range,10-120,False,,,,,,,,,,
BWEN,under120,2026-07-29T14:36:00Z,morning,3.76,-0.05289672544080615,False,shallow_outside,3-10,True,False,,,3.815,99.34895833333334,False,,,3.49,-7.180851063829777
BWXT,120to500,2026-07-29T19:38:00Z,afternoon,159.61,-0.05929156598102183,False,other_price_or_range,120-500,False,,,,,,,,,,
BXC,under120,2026-07-29T14:36:00Z,morning,54.46,-0.08944992476174554,False,other_price_or_range,10-120,False,,,,,,,,,,
BZAI,under120,2026-07-29T14:36:00Z,morning,0.7849,-0.08774988377498838,False,shallow_outside,<1,True,False,,,0.8097,101.08614232209736,False,,,0.7629,-2.8029048286405933
BZFD,under120,2026-07-29T14:36:00Z,morning,1.18,-0.05600000000000005,False,shallow_outside,1-3,True,True,2026-07-29T18:00:00Z,4.237288135593224,1.2382,,False,,,1.195,1.2711864406779767
CABO,under120,2026-07-29T14:36:00Z,morning,41.615,-0.050319488817891334,False,other_price_or_range,10-120,False,,,,,,,,,,
CAMT,120to500,2026-07-29T14:36:00Z,morning,131.95,-0.05790375553334295,False,other_price_or_range,120-500,False,,,,,,,,,,
CANG,under120,2026-07-29T13:37:00Z,morning,1.595,-0.06176470588235293,False,shallow_outside,1-3,True,True,2026-07-29T18:00:00Z,4.075235109717865,1.68,,False,,,1.565,-1.8808777429467103
CAPS,under120,2026-07-29T19:37:00Z,afternoon,0.235,-0.053945249597423604,False,shallow_outside,<1,True,True,2026-07-29T19:35:00Z,2.1276595744680873,0.2494,,,,,0.2422,3.063829787234048
CAR,120to500,2026-07-29T13:37:00Z,morning,155.0,-0.06806156806156802,False,other_price_or_range,120-500,False,,,,,,,,,,
CARR,under120,2026-07-29T19:37:00Z,afternoon,59.93,-0.051139962001266574,False,other_price_or_range,10-120,False,,,,,,,,,,
CARU,under120,2026-07-29T13:37:00Z,morning,22.61,-0.08146559253797442,False,other_price_or_range,10-120,False,,,,,,,,,,
CAST,under120,2026-07-29T14:36:00Z,morning,1.49,-0.12352941176470586,True,in_bracket,1-3,True,False,,,1.49,98.02631578947368,False,,,1.2,-19.46308724832215
CATG,under120,2026-07-29T13:37:00Z,morning,10.83,-0.060711188204683374,False,other_price_or_range,10-120,False,,,,,,,,,,
CBIO,under120,2026-07-29T15:35:00Z,morning,15.4,-0.06326034063260345,False,other_price_or_range,10-120,False,,,,,,,,,,
CBRS,120to500,2026-07-29T14:36:00Z,morning,179.12,-0.07056870070568698,False,other_price_or_range,120-500,False,,,,,,,,,,
CCHH,under120,2026-07-29T13:37:00Z,morning,1.32,-0.13442622950819663,True,in_bracket,1-3,True,True,2026-07-29T19:55:00Z,2.2727272727272747,1.42,,False,,,1.37,3.7878787878787907
CCM,under120,2026-07-29T13:37:00Z,morning,4.3,-0.0652173913043478,False,shallow_outside,3-10,True,True,2026-07-29T14:05:00Z,5.116279069767436,4.53,,False,,,4.41,2.5581395348837286
CCOI,under120,2026-07-29T13:37:00Z,morning,12.2,-0.05791505791505792,False,other_price_or_range,10-120,False,,,,,,,,,,
CCTG,under120,2026-07-29T14:36:00Z,morning,0.7028,-0.0628083744499267,False,shallow_outside,<1,True,False,,,0.7209,100.5439330543933,False,,,0.6764,-3.7564029595902078
CCXI,under120,2026-07-29T14:36:00Z,morning,13.18,-0.09228650137741046,False,other_price_or_range,10-120,False,,,,,,,,,,
CDNL,under120,2026-07-29T14:36:00Z,morning,56.905,-0.05551867219917011,False,other_price_or_range,10-120,False,,,,,,,,,,
CDRE,under120,2026-07-29T14:36:00Z,morning,31.575,-0.05464071856287423,False,other_price_or_range,10-120,False,,,,,,,,,,
CDT,under120,2026-07-29T14:36:00Z,morning,2.73,-0.07142857142857142,False,shallow_outside,1-3,True,False,,,2.78,99.6415770609319,False,,,2.56,-6.2271062271062245
CDTG,under120,2026-07-29T15:35:00Z,morning,0.8053,-0.15249421174489583,True,in_bracket,<1,True,True,2026-07-29T16:00:00Z,5.0540171364708755,0.9049,,False,,,0.8487,5.3892959145659995
CECO,under120,2026-07-29T14:36:00Z,morning,63.36,-0.061055127445169,False,other_price_or_range,10-120,False,,,,,,,,,,
CELU,under120,2026-07-29T19:37:00Z,afternoon,0.671,-0.11722141823444278,True,in_bracket,<1,True,False,,,0.671,,,,,,
CELZ,under120,2026-07-29T14:36:00Z,morning,0.6931,-0.05879956545355785,False,shallow_outside,<1,True,False,,,0.7198,101.81046676096182,False,,,0.6921,-0.14427932477276018
CENN,under120,2026-07-29T13:37:00Z,morning,3.2265,-0.06478260869565218,False,shallow_outside,3-10,True,True,2026-07-29T13:40:00Z,5.06741050674105,3.404,,False,,,3.36,4.137610413761033
CEPL,under120,2026-07-29T15:35:00Z,morning,7.0,-0.05787348586810225,False,shallow_outside,3-10,True,True,2026-07-29T17:10:00Z,4.999999999999995,7.38,,False,,,7.09,1.2857142857142836
CETX,under120,2026-07-29T14:36:00Z,morning,2.6,-0.06810035842293904,False,shallow_outside,1-3,True,False,,,2.63,98.87218045112782,False,,,2.51,-3.4615384615384728
CGON,under120,2026-07-29T15:35:00Z,morning,68.25,-0.060176259983475686,False,other_price_or_range,10-120,False,,,,,,,,,,
CHAI,under120,2026-07-29T13:37:00Z,morning,0.4267,-0.09212765957446799,False,shallow_outside,<1,True,True,2026-07-29T13:40:00Z,5.2261542067025974,0.45,,False,,,0.4395,2.9997656433091113
CHGA,under120,2026-07-29T13:37:00Z,morning,0.2151,-0.05657894736842103,False,shallow_outside,<1,True,True,2026-07-29T14:55:00Z,5.067410506741047,0.2299,,False,,,0.184,-14.458391445839153
CHRN,under120,2026-07-29T19:37:00Z,afternoon,18.68,-0.07661888284725658,False,other_price_or_range,10-120,False,,,,,,,,,,
CIFG,under120,2026-07-29T13:37:00Z,morning,7.64,-0.06185149256480483,False,shallow_outside,3-10,True,False,,,7.64,97.94871794871794,True,6.455,-15.510471204188478,5.975,-21.793193717277486
CIFR,under120,2026-07-29T14:36:00Z,morning,18.54,-0.09206660137120481,False,other_price_or_range,10-120,False,,,,,,,,,,
CISS,under120,2026-07-29T13:37:00Z,morning,0.1501,-0.10119760479041914,True,in_bracket,<1,True,True,2026-07-29T13:35:00Z,5.263157894736835,0.1632,,False,,,0.1296,-13.657561625582956
CJMB,under120,2026-07-29T14:36:00Z,morning,1.61,-0.1297297297297297,True,in_bracket,1-3,True,True,2026-07-29T18:55:00Z,3.1055900621117902,1.66,,False,,,1.6,-0.6211180124223608
CLB,under120,2026-07-29T19:37:00Z,afternoon,9.84,-0.07951356407857808,False,shallow_outside,3-10,True,False,,,9.93,98.90438247011953,,,,9.875,0.35569105691057057
CLDI,under120,2026-07-29T13:37:00Z,morning,0.0997,-0.07169459962756052,False,shallow_outside,<1,True,False,,,0.1011,96.28571428571429,False,,,0.0933,-6.419257773319963
CLF,under120,2026-07-29T14:36:00Z,morning,11.2,-0.06510851419031728,False,other_price_or_range,10-120,False,,,,,,,,,,
CLFD,under120,2026-07-29T15:35:00Z,morning,29.13,-0.06784000000000003,False,other_price_or_range,10-120,False,,,,,,,,,,
CLGN,under120,2026-07-29T14:36:00Z,morning,0.3008,-0.08236729713239771,False,shallow_outside,<1,True,True,2026-07-29T15:05:00Z,5.053191489361699,0.3438,,False,,,0.32,6.382978723404253
CLIK,under120,2026-07-29T19:37:00Z,afternoon,1.43,-0.0833333333333334,False,shallow_outside,1-3,True,False,,,1.43,97.94520547945206,,,,1.43,0.0
CLNN,under120,2026-07-29T15:35:00Z,morning,4.64,-0.07014028056112234,False,shallow_outside,3-10,True,True,2026-07-29T17:30:00Z,4.094827586206906,4.835,,False,,,4.73,1.9396551724138096
CLRO,under120,2026-07-29T14:36:00Z,morning,4.7,-0.07662082514734768,False,shallow_outside,3-10,True,True,2026-07-29T19:55:00Z,2.1276595744680775,4.8706,,False,,,4.585,-2.4468085106383026
CLS,120to500,2026-07-29T15:35:00Z,morning,327.77,-0.0640491147915477,False,other_price_or_range,120-500,False,,,,,,,,,,
CLSK,under120,2026-07-29T14:36:00Z,morning,12.335,-0.08494065281899106,False,other_price_or_range,10-120,False,,,,,,,,,,
CLSX,under120,2026-07-29T13:37:00Z,morning,15.525,-0.05103911980440092,False,other_price_or_range,10-120,False,,,,,,,,,,
CLVT,under120,2026-07-29T13:37:00Z,morning,2.01,-0.16250000000000006,True,in_bracket,1-3,True,True,2026-07-29T13:55:00Z,5.472636815920414,2.19,,False,,,2.145,6.716417910447774
CMCO,under120,2026-07-29T14:36:00Z,morning,15.115,-0.06755089450956203,False,other_price_or_range,10-120,False,,,,,,,,,,
CNET,under120,2026-07-29T13:37:00Z,morning,1.271,-0.09858156028368796,False,shallow_outside,1-3,True,True,2026-07-29T14:35:00Z,5.42879622344612,1.34,,False,,,1.5237,19.881982690794665
CNH,under120,2026-07-29T19:37:00Z,afternoon,10.7903,-0.05679195804195798,False,other_price_or_range,10-120,False,,,,,,,,,,
CNTN,under120,2026-07-29T14:36:00Z,morning,1.855,-0.09068627450980395,False,shallow_outside,1-3,True,True,2026-07-29T15:30:00Z,5.121293800539082,1.95,,False,,,1.935,4.312668463611864
COAG,under120,2026-07-29T19:37:00Z,afternoon,44.83,-0.051417689377909435,False,other_price_or_range,10-120,False,,,,,,,,,,
COCH,under120,2026-07-29T19:37:00Z,afternoon,0.63,-0.07202828104286338,False,shallow_outside,<1,True,True,2026-07-29T19:55:00Z,2.063492063492065,0.6475,,,,,0.6475,2.7777777777777715
COCP,under120,2026-07-29T14:36:00Z,morning,0.8424,-0.09894106321531707,False,shallow_outside,<1,True,True,2026-07-29T17:40:00Z,4.10731244064577,0.8836,,False,,,0.8703,3.311965811965803
COHC,under120,2026-07-29T13:37:00Z,morning,10.89,-0.12617152394402362,False,other_price_or_range,10-120,False,,,,,,,,,,
COHR,120to500,2026-07-29T15:35:00Z,morning,226.905,-0.06750092467020101,False,other_price_or_range,120-500,False,,,,,,,,,,
COHU,under120,2026-07-29T15:35:00Z,morning,39.985,-0.058511890746409216,False,other_price_or_range,10-120,False,,,,,,,,,,
COPR,under120,2026-07-29T19:37:00Z,afternoon,2.31,-0.060975609756097525,False,shallow_outside,1-3,True,False,,,2.31,97.88135593220339,,,,2.1601,-6.489177489177496
CORZ,under120,2026-07-29T14:36:00Z,morning,19.2,-0.07447577729573399,False,other_price_or_range,10-120,False,,,,,,,,,,
CPHI,under120,2026-07-29T14:36:00Z,morning,1.225,-0.057692307692307654,False,shallow_outside,1-3,True,False,,,1.24,99.2,False,,,1.18,-3.673469387755114
CPOP,under120,2026-07-29T19:37:00Z,afternoon,0.3521,-0.051199137698733396,False,shallow_outside,<1,True,False,,,0.3563,98.97222222222223,,,,0.3206,-8.94632206759444
CPRI,under120,2026-07-29T14:36:00Z,morning,15.51,-0.05426829268292676,False,other_price_or_range,10-120,False,,,,,,,,,,
CPSH,under120,2026-07-29T15:35:00Z,morning,3.5808,-0.052698412698412654,False,shallow_outside,3-10,True,True,2026-07-29T18:50:00Z,3.049597855227881,3.7,,False,,,3.5086,-2.0163092046470075
CR,120to500,2026-07-29T13:37:00Z,morning,214.43,-0.05261995228417424,False,other_price_or_range,120-500,False,,,,,,,,,,
CRDF,under120,2026-07-29T14:36:00Z,morning,0.7649,-0.06491442542787278,False,shallow_outside,<1,True,True,2026-07-29T17:30:00Z,4.065890966139367,0.8,,False,,,0.8146,6.49758138318734
CRDO,120to500,2026-07-29T14:36:00Z,morning,179.85,-0.06464530892448517,False,other_price_or_range,120-500,False,,,,,,,,,,
CRML,under120,2026-07-29T14:36:00Z,morning,5.32,-0.06007067137809185,False,shallow_outside,3-10,True,False,,,5.46,100.55248618784532,False,,,5.13,-3.5714285714285787
CRMT,under120,2026-07-29T15:35:00Z,morning,3.08,-0.055214723926380285,False,shallow_outside,3-10,True,True,2026-07-29T18:55:00Z,3.2467532467532494,3.215,,False,,,3.12,1.2987012987012998
CRSR,under120,2026-07-29T15:35:00Z,morning,10.17,-0.05307262569832405,False,other_price_or_range,10-120,False,,,,,,,,,,
CRWV,under120,2026-07-29T14:36:00Z,morning,63.88,-0.05081723625557199,False,other_price_or_range,10-120,False,,,,,,,,,,
CSAI,under120,2026-07-29T13:37:00Z,morning,0.2101,-0.14939271255060724,True,in_bracket,<1,True,False,,,0.2197,101.71296296296298,False,,,0.1955,-6.94907187053784
CSEX,under120,2026-07-29T13:37:00Z,morning,15.0,-0.07862407862407869,False,other_price_or_range,10-120,False,,,,,,,,,,
CSGP,under120,2026-07-29T13:37:00Z,morning,27.63,-0.0890207715133531,False,other_price_or_range,10-120,False,,,,,,,,,,
CSL,120to500,2026-07-29T14:36:00Z,morning,325.28,-0.06453468307833904,False,other_price_or_range,120-500,False,,,,,,,,,,
CSW,120to500,2026-07-29T14:36:00Z,morning,282.75,-0.0541263841033018,False,other_price_or_range,120-500,False,,,,,,,,,,
CTM,under120,2026-07-29T19:37:00Z,afternoon,0.67005,-0.05306670435274162,False,shallow_outside,<1,True,False,,,0.6742,98.5672514619883,,,,0.6641,-0.8879934333258727
CTNT,under120,2026-07-29T14:36:00Z,morning,1.7702,-0.06338624338624334,False,shallow_outside,1-3,True,True,2026-07-29T18:55:00Z,3.3781493616540543,1.8346,,False,,,1.79,1.1185176816178986
CTOS,under120,2026-07-29T15:35:00Z,morning,9.72,-0.06086956521739121,False,shallow_outside,3-10,True,False,,,9.96,100.40322580645163,False,,,9.72,0.0
CTRI,under120,2026-07-29T15:35:00Z,morning,24.735,-0.05011520737327188,False,other_price_or_range,10-120,False,,,,,,,,,,
CTW,under120,2026-07-29T15:35:00Z,morning,2.33,-0.06425702811244985,False,shallow_outside,1-3,True,True,2026-07-29T16:50:00Z,5.150214592274683,2.45,,False,,,2.49,6.866952789699576
CUPR,under120,2026-07-29T14:36:00Z,morning,3.15,-0.0540540540540541,False,shallow_outside,3-10,True,True,2026-07-29T15:15:00Z,5.079365079365084,3.42,,False,,,3.2,1.5873015873015959
CURX,under120,2026-07-29T14:36:00Z,morning,0.1881,-0.0500000000000001,False,shallow_outside,<1,True,True,2026-07-29T19:30:00Z,2.073365231259976,0.1936,,,,,0.191,1.5417331206804965
CVEO,under120,2026-07-29T19:37:00Z,afternoon,32.43,-0.05671902268760915,False,other_price_or_range,10-120,False,,,,,,,,,,
CVU,under120,2026-07-29T14:36:00Z,morning,4.74,-0.051999999999999956,False,shallow_outside,3-10,True,False,,,4.8869,100.9690082644628,False,,,4.74,0.0
CYCU,under120,2026-07-29T19:37:00Z,afternoon,0.2767,-0.07581830327321308,False,shallow_outside,<1,True,False,,,0.277,97.87985865724383,,,,0.2733,-1.2287676183592389
DAAQ,under120,2026-07-29T13:37:00Z,morning,8.89,-0.14601344860710852,True,in_bracket,3-10,True,False,,,8.89,98.0154355016538,True,7.1512,-19.559055118110237,7.15,-19.57255343082115
DAIC,under120,2026-07-29T13:37:00Z,morning,0.92,-0.08910891089108908,False,shallow_outside,<1,True,False,,,0.941,100.21299254526093,True,0.7358,-20.021739130434785,0.692,-24.782608695652183
DAVE,120to500,2026-07-29T19:38:00Z,afternoon,377.93,-0.07016853241481112,False,other_price_or_range,120-500,False,,,,,,,,,,
DBD,under120,2026-07-29T13:37:00Z,morning,82.585,-0.08997245179063368,False,other_price_or_range,10-120,False,,,,,,,,,,
DBGI,under120,2026-07-29T13:37:00Z,morning,12.62,-0.13145216792842396,False,other_price_or_range,10-120,False,,,,,,,,,,
DCX,under120,2026-07-29T13:37:00Z,morning,0.8001,-0.11297117516629711,True,in_bracket,<1,True,True,2026-07-29T13:35:00Z,5.11186101737282,0.8824,,False,,,1.12,39.9825021872266
DDFM,under120,2026-07-29T13:37:00Z,morning,18.72,-0.05549949545913226,False,other_price_or_range,10-120,False,,,,,,,,,,
DEFT,under120,2026-07-29T15:35:00Z,morning,0.4012,-0.060421545667447285,False,shallow_outside,<1,True,True,2026-07-29T18:55:00Z,3.190428713858419,0.417,,False,,,0.3901,-2.7666999002991024
DGXX,under120,2026-07-29T14:36:00Z,morning,3.445,-0.06130790190735697,False,shallow_outside,3-10,True,True,2026-07-29T18:45:00Z,3.047895500725689,3.565,,False,,,3.3,-4.2089985486211905
DIOD,under120,2026-07-29T15:35:00Z,morning,75.79,-0.056046830240378626,False,other_price_or_range,10-120,False,,,,,,,,,,
DOMH,under120,2026-07-29T15:35:00Z,morning,2.235,-0.07261410788381753,False,shallow_outside,1-3,True,False,,,2.29,100.43859649122808,False,,,2.25,0.671140939597321
DPRO,under120,2026-07-29T19:37:00Z,afternoon,3.87,-0.056097560975609646,False,shallow_outside,3-10,True,False,,,3.875,98.10126582278481,,,,3.805,-1.6795865633074922
DRIP,under120,2026-07-29T13:37:00Z,morning,42.96,-0.053952873816339925,False,other_price_or_range,10-120,False,,,,,,,,,,
DRNL,under120,2026-07-29T13:37:00Z,morning,4.9993,-0.05751828670537674,False,shallow_outside,3-10,True,False,,,4.9993,98.02549019607844,,,,4.2617,-14.754065569179678
DRS,under120,2026-07-29T14:36:00Z,morning,45.7621,-0.07006502743344857,False,other_price_or_range,10-120,False,,,,,,,,,,
DSS,under120,2026-07-29T19:37:00Z,afternoon,0.5129,-0.05872637181134158,False,shallow_outside,<1,True,False,,,0.5129,97.88167938931298,,,,0.4951,-3.470462078377859
DSWL,under120,2026-07-29T19:37:00Z,afternoon,3.22,-0.06122448979591835,False,shallow_outside,3-10,True,False,,,3.23,98.17629179331307,,,,3.23,0.3105590062111735
DTSS,under120,2026-07-29T13:37:00Z,morning,0.7825,-0.06645192078262942,False,shallow_outside,<1,True,True,2026-07-29T19:00:00Z,3.0031948881789234,0.8194,,False,,,0.85,8.626198083067093
DTST,under120,2026-07-29T14:36:00Z,morning,2.9026,-0.08435331230283907,False,shallow_outside,1-3,True,True,2026-07-29T17:40:00Z,4.044649624474607,3.09,,False,,,2.93,0.9439812581823224
DUG,under120,2026-07-29T13:37:00Z,morning,17.1562,-0.05475482093663914,False,other_price_or_range,10-120,False,,,,,,,,,,
DXF,under120,2026-07-29T13:37:00Z,morning,0.3902,-0.1141884222474461,True,in_bracket,<1,True,True,2026-07-29T13:40:00Z,5.0743208610968695,0.4173,,False,,,0.4382,12.301383905689386
DXPE,120to500,2026-07-29T15:35:00Z,morning,149.35,-0.06813502215012177,False,other_price_or_range,120-500,False,,,,,,,,,,
DXYZ,under120,2026-07-29T14:36:00Z,morning,21.17,-0.06244464127546487,False,other_price_or_range,10-120,False,,,,,,,,,,
DY,120to500,2026-07-29T19:38:00Z,afternoon,376.55,-0.06300544952347772,False,other_price_or_range,120-500,False,,,,,,,,,,
EAF,under120,2026-07-29T15:35:00Z,morning,7.285,-0.051432291666666616,False,shallow_outside,3-10,True,False,,,7.49,100.67204301075267,False,,,7.06,-3.088538091969808
ECG,under120,2026-07-29T15:35:00Z,morning,111.22,-0.051266740595410774,False,other_price_or_range,10-120,False,,,,,,,,,,
EDSA,under120,2026-07-29T14:36:00Z,morning,4.6,-0.07444668008048293,False,shallow_outside,3-10,True,True,2026-07-29T16:30:00Z,5.00000000000001,4.85,,False,,,5.43,18.04347826086957
EEIQ,under120,2026-07-29T14:36:00Z,morning,2.02,-0.07762557077625568,False,shallow_outside,1-3,True,True,2026-07-29T15:00:00Z,5.44554455445544,2.16,,False,,,2.08,2.970297029702973
EGG,under120,2026-07-29T15:35:00Z,morning,3.56,-0.06561679790026247,False,shallow_outside,3-10,True,True,2026-07-29T16:00:00Z,5.056179775280904,3.8,,False,,,3.775,6.039325842696625
EHGO,under120,2026-07-29T13:37:00Z,morning,2.0999,-0.06671111111111117,False,shallow_outside,1-3,True,False,,,2.155,100.23255813953489,False,,,2.075,-1.1857707509881281
EJH,under120,2026-07-29T14:36:00Z,morning,1.1,-0.08333333333333323,False,shallow_outside,1-3,True,True,2026-07-29T14:45:00Z,5.454545454545439,1.1634,,False,,,1.105,0.4545454545454448
ELAB,under120,2026-07-29T15:35:00Z,morning,0.879,-0.07062803975470498,False,shallow_outside,<1,True,True,2026-07-29T18:35:00Z,3.071672354948808,0.91,,False,,,0.8799,0.10238907849829486
ELMT,under120,2026-07-29T14:36:00Z,morning,13.21,-0.08833678398895786,False,other_price_or_range,10-120,False,,,,,,,,,,
ELPW,under120,2026-07-29T14:36:00Z,morning,0.1676,-0.09307359307359304,False,shallow_outside,<1,True,True,2026-07-29T15:40:00Z,5.011933174224338,0.1775,,False,,,0.179,6.80190930787589
EMAT,under120,2026-07-29T19:37:00Z,afternoon,4.47,-0.05993690851735019,False,shallow_outside,3-10,True,False,,,4.53,99.3421052631579,,,,4.45,-0.4474272930648674
ENGS,under120,2026-07-29T15:35:00Z,morning,2.545,-0.09751773049645387,False,shallow_outside,1-3,True,False,,,2.59,99.6153846153846,False,,,2.5,-1.7681728880157142
ENLT,under120,2026-07-29T14:36:00Z,morning,81.905,-0.05672002764021648,False,other_price_or_range,10-120,False,,,,,,,,,,
ENTG,under120,2026-07-29T14:36:00Z,morning,110.29,-0.06660460392687872,False,other_price_or_range,10-120,False,,,,,,,,,,
ENTX,under120,2026-07-29T19:37:00Z,afternoon,3.05,-0.06441717791411042,False,shallow_outside,3-10,True,False,,,3.1,99.35897435897436,,,,2.975,-2.459016393442614
EOSE,under120,2026-07-29T19:37:00Z,afternoon,3.18,-0.056379821958456956,False,shallow_outside,3-10,True,False,,,3.19,98.15384615384615,,,,3.14,-1.2578616352201268
EPOW,under120,2026-07-29T14:36:00Z,morning,0.402,-0.1446808510638297,True,in_bracket,<1,True,True,2026-07-29T14:35:00Z,5.223880597014916,0.439,,False,,,0.4401,9.477611940298498
EQPT,under120,2026-07-29T13:37:00Z,morning,18.31,-0.05325749741468465,False,other_price_or_range,10-120,False,,,,,,,,,,
EQS,under120,2026-07-29T14:36:00Z,morning,1.16,-0.07200000000000006,False,shallow_outside,1-3,True,True,2026-07-29T14:35:00Z,5.172413793103453,1.25,,,,,1.1501,-0.8534482758620707
EROC,under120,2026-07-29T14:36:00Z,morning,9.305,-0.07871287128712871,False,shallow_outside,3-10,True,True,2026-07-29T17:55:00Z,4.030091348737238,9.9,,False,,,9.005,-3.224073078989779
ERY,under120,2026-07-29T13:37:00Z,morning,10.5,-0.05490549054905486,False,other_price_or_range,10-120,False,,,,,,,,,,
ESI,under120,2026-07-29T15:35:00Z,morning,34.57,-0.05287671232876712,False,other_price_or_range,10-120,False,,,,,,,,,,
ESOA,under120,2026-07-29T15:35:00Z,morning,14.27,-0.051827242524917015,False,other_price_or_range,10-120,False,,,,,,,,,,
ETN,120to500,2026-07-29T15:35:00Z,morning,363.5,-0.05892404080153262,False,other_price_or_range,120-500,False,,,,,,,,,,
EU,under120,2026-07-29T19:37:00Z,afternoon,1.08,-0.06086956521739117,False,shallow_outside,1-3,True,False,,,1.09,98.1981981981982,,,,1.0689,-1.027777777777788
EUVX,under120,2026-07-29T13:37:00Z,morning,12.23,-0.07137433561123763,False,other_price_or_range,10-120,False,,,,,,,,,,
EVEX,under120,2026-07-29T14:36:00Z,morning,2.285,-0.06734693877551022,False,shallow_outside,1-3,True,False,,,2.335,99.78632478632478,False,,,2.225,-2.6258205689277925
EVH,under120,2026-07-29T14:36:00Z,morning,3.525,-0.05748663101604286,False,shallow_outside,3-10,True,False,,,3.565,99.02777777777777,False,,,3.295,-6.524822695035461
EVR,120to500,2026-07-29T13:37:00Z,morning,321.86,-0.05474302496328924,False,other_price_or_range,120-500,False,,,,,,,,,,
EVTL,under120,2026-07-29T14:36:00Z,morning,1.25,-0.07407407407407414,False,shallow_outside,1-3,True,False,,,1.26,98.4375,False,,,1.21,-3.200000000000003
EXOD,under120,2026-07-29T14:36:00Z,morning,5.105,-0.05111524163568763,False,shallow_outside,3-10,True,False,,,5.1499,98.84644913627638,False,,,5.07,-0.6856023506366334
EXP,120to500,2026-07-29T19:38:00Z,afternoon,209.1725,-0.05799369511371311,False,other_price_or_range,120-500,False,,,,,,,,,,
EYES,under120,2026-07-29T13:37:00Z,morning,25.09,-0.055925768447827574,False,other_price_or_range,10-120,False,,,,,,,,,,
EZRA,under120,2026-07-29T14:36:00Z,morning,1.84,-0.07070707070707066,False,shallow_outside,1-3,True,False,,,1.87,99.46808510638299,False,,,1.79,-2.7173913043478284
FAC,under120,2026-07-29T14:36:00Z,morning,4.42,-0.05353319057815846,False,shallow_outside,3-10,True,True,2026-07-29T16:00:00Z,5.203619909502272,4.65,,False,,,4.7,6.334841628959281
FBGL,under120,2026-07-29T14:36:00Z,morning,0.5286,-0.05607142857142874,False,shallow_outside,<1,True,True,2026-07-29T15:40:00Z,5.18350359440032,0.57,,False,,,0.5601,5.959137343927372
FBIN,under120,2026-07-29T14:36:00Z,morning,48.44,-0.05186925034253289,False,other_price_or_range,10-120,False,,,,,,,,,,
FCFY,under120,2026-07-29T13:37:00Z,morning,27.36,-0.06594063124114503,False,other_price_or_range,10-120,False,,,,,,,,,,
FCUV,under120,2026-07-29T19:37:00Z,afternoon,1.965,-0.06872037914691934,False,shallow_outside,1-3,True,False,,,1.965,97.76119402985076,,,,1.84,-6.361323155216285
FEAM,under120,2026-07-29T19:37:00Z,afternoon,1.0635,-0.05044642857142876,False,shallow_outside,1-3,True,False,,,1.0699,98.1559633027523,,,,1.055,-0.799247766807706
FEBO,under120,2026-07-29T15:35:00Z,morning,0.8,-0.05882352941176463,False,shallow_outside,<1,True,True,2026-07-29T19:40:00Z,2.124999999999988,0.9,,,,,0.7106,-11.175000000000004
FEIM,under120,2026-07-29T14:36:00Z,morning,59.4699,-0.10517755040625928,False,other_price_or_range,10-120,False,,,,,,,,,,
FFAI,under120,2026-07-29T14:36:00Z,morning,4.095,-0.11555075593952487,True,in_bracket,3-10,True,True,2026-07-29T14:50:00Z,5.006105006105009,4.3,,False,,,4.611,12.600732600732604
FGNX,under120,2026-07-29T13:37:00Z,morning,6.33,-0.081277213352685,False,shallow_outside,3-10,True,True,2026-07-29T13:35:00Z,5.055292259083732,6.85,,False,,,6.83,7.898894154818326
FHTX,under120,2026-07-29T14:36:00Z,morning,4.82,-0.06042884990253404,False,shallow_outside,3-10,True,True,2026-07-29T19:00:00Z,3.1120331950207354,4.99,,False,,,4.74,-1.6597510373443998
FIGR,under120,2026-07-29T14:36:00Z,morning,25.69,-0.06751361161524498,False,other_price_or_range,10-120,False,,,,,,,,,,
FIP,under120,2026-07-29T19:37:00Z,afternoon,3.875,-0.0502450980392157,False,shallow_outside,3-10,True,False,,,3.875,97.85353535353536,,,,3.77,-2.709677419354838
FLEX,under120,2026-07-29T13:37:00Z,morning,106.43,-0.06046963276836153,False,other_price_or_range,10-120,False,,,,,,,,,,
FLUX,under120,2026-07-29T15:35:00Z,morning,0.52,-0.07948309435298273,False,shallow_outside,<1,True,True,2026-07-29T16:00:00Z,5.000000000000004,0.5478,,False,,,0.5288,1.692307692307698
FLY,under120,2026-07-29T14:36:00Z,morning,18.2253,-0.05666149068322979,False,other_price_or_range,10-120,False,,,,,,,,,,
FLZH,under120,2026-07-29T19:37:00Z,afternoon,1.29,-0.08510638297872333,False,shallow_outside,1-3,True,False,,,1.3,98.48484848484848,,,,1.255,-2.7131782945736544
FMC,under120,2026-07-29T14:36:00Z,morning,10.29,-0.059414990859232214,False,other_price_or_range,10-120,False,,,,,,,,,,
FMFC,under120,2026-07-29T19:37:00Z,afternoon,0.2143,-0.05843585237258351,False,shallow_outside,<1,True,False,,,0.2159,98.58447488584476,,,,0.2159,0.7466168922071946
FN,120to500,2026-07-29T15:35:00Z,morning,414.0,-0.07942719914613543,False,other_price_or_range,120-500,False,,,,,,,,,,
FNGR,under120,2026-07-29T19:37:00Z,afternoon,0.2462,-0.0567049808429119,False,shallow_outside,<1,True,False,,,0.2462,97.6984126984127,,,,0.24,-2.5182778229082095
FNUC,under120,2026-07-29T14:36:00Z,morning,1.54,-0.06097560975609748,False,shallow_outside,1-3,True,False,,,1.55,98.10126582278481,False,,,1.485,-3.571428571428567
FOFO,under120,2026-07-29T15:35:00Z,morning,1.89,-0.07352941176470594,False,shallow_outside,1-3,True,False,,,1.91,98.96373056994818,True,1.88,-0.5291005291005296,1.905,0.7936507936508002
FORTY,under120,2026-07-29T14:36:00Z,morning,108.11,-0.05158347223440649,False,other_price_or_range,10-120,False,,,,,,,,,,
FOXX,under120,2026-07-29T19:37:00Z,afternoon,2.37,-0.08135974262568307,False,shallow_outside,1-3,True,False,,,2.37,97.93388429752066,,,,2.33,-1.6877637130801704
FPS,under120,2026-07-29T14:36:00Z,morning,29.7542,-0.08194384449244048,False,other_price_or_range,10-120,False,,,,,,,,,,
FRBT,under120,2026-07-29T14:36:00Z,morning,18.81,-0.0533467539003524,False,other_price_or_range,10-120,False,,,,,,,,,,
FRD,under120,2026-07-29T15:35:00Z,morning,34.715,-0.06655014788921738,False,other_price_or_range,10-120,False,,,,,,,,,,
FRGT,under120,2026-07-29T13:37:00Z,morning,2.6187,-0.07302654867256642,False,shallow_outside,1-3,True,True,2026-07-29T13:40:00Z,5.013938213617443,2.9309,,False,,,2.695,2.9136594493450874
FRMI,under120,2026-07-29T19:37:00Z,afternoon,5.905,-0.059713375796178345,False,shallow_outside,3-10,True,False,,,5.915,98.09286898839137,,,,5.855,-0.8467400508044001
FRVO,under120,2026-07-29T14:36:00Z,morning,19.635,-0.07031249999999997,False,other_price_or_range,10-120,False,,,,,,,,,,
FTAI,120to500,2026-07-29T15:35:00Z,morning,198.515,-0.06567986068621458,False,other_price_or_range,120-500,False,,,,,,,,,,
FTFT,under120,2026-07-29T14:36:00Z,morning,0.9,-0.08583037074657188,False,shallow_outside,<1,True,True,2026-07-29T19:50:00Z,2.0000000000000018,0.94,,True,0.8701,-3.3222222222222264,0.94,4.444444444444437
FTHM,under120,2026-07-29T15:35:00Z,morning,0.811,-0.05697674418604643,False,shallow_outside,<1,True,False,,,0.8283,100.036231884058,False,,,0.7945,-2.034525277435274
FTK,under120,2026-07-29T14:36:00Z,morning,22.27,-0.058748943364328,False,other_price_or_range,10-120,False,,,,,,,,,,
FTRK,under120,2026-07-29T14:36:00Z,morning,0.4004,-0.06644905572394504,False,shallow_outside,<1,True,True,2026-07-29T15:35:00Z,5.144855144855147,0.4295,,False,,,0.4266,6.543456543456544
FTV,under120,2026-07-29T13:37:00Z,morning,59.525,-0.07122796068029341,False,other_price_or_range,10-120,False,,,,,,,,,,
FUSE,under120,2026-07-29T19:37:00Z,afternoon,0.7811,-0.08643274853801165,False,shallow_outside,<1,True,True,2026-07-29T19:35:00Z,2.0355908334400237,0.8022,,,,,0.7818,0.08961720650365304
FVRR,under120,2026-07-29T13:37:00Z,morning,9.057,-0.21855047454702325,True,in_bracket,3-10,True,True,2026-07-29T13:45:00Z,5.001656177542226,9.5463,,False,,,9.205,1.6340951750027568
FXHO,under120,2026-07-29T19:37:00Z,afternoon,9.35,-0.09223300970873796,False,shallow_outside,3-10,True,False,,,9.35,,,,,,
GCDT,under120,2026-07-29T14:36:00Z,morning,0.3606,-0.12005856515373359,True,in_bracket,<1,True,True,2026-07-29T15:05:00Z,5.102606766500285,0.38,,False,,,0.3543,-1.7470881863560657
GCTS,under120,2026-07-29T14:36:00Z,morning,1.785,-0.05053191489361701,False,shallow_outside,1-3,True,False,,,1.82,99.4535519125683,True,1.765,-1.1204481792717098,1.74,-2.521008403361341
GDHG,under120,2026-07-29T13:37:00Z,morning,1.36,-0.06206896551724128,False,shallow_outside,1-3,True,True,2026-07-29T18:35:00Z,3.676470588235281,1.41,,False,,,1.41,3.676470588235281
GELS,under120,2026-07-29T15:35:00Z,morning,0.5505,-0.06202078718691428,False,shallow_outside,<1,True,True,2026-07-29T19:00:00Z,3.178928247048131,0.5964,,False,,,0.55,-0.09082652134422252
GEMI,under120,2026-07-29T14:36:00Z,morning,4.075,-0.06963470319634697,False,shallow_outside,3-10,True,True,2026-07-29T18:40:00Z,3.067484662576687,4.21,,False,,,4.07,-0.12269938650306486
GEOS,under120,2026-07-29T14:36:00Z,morning,6.4449,-0.05638360175695468,False,shallow_outside,3-10,True,False,,,6.6543,101.12917933130699,True,6.3601,-1.3157690577045345,6.48,0.5446166736489442
GETY,under120,2026-07-29T14:36:00Z,morning,0.3821,-0.06439764936336922,False,shallow_outside,<1,True,False,,,0.391,100.25641025641025,False,,,0.3799,-0.5757655064119288
GFEB,under120,2026-07-29T13:37:00Z,morning,41.22,-0.0656175832545614,False,other_price_or_range,10-120,False,,,,,,,,,,
GFF,under120,2026-07-29T19:37:00Z,afternoon,86.88,-0.07050390499625551,False,other_price_or_range,10-120,False,,,,,,,,,,
GHM,under120,2026-07-29T14:36:00Z,morning,92.88,-0.06952514526147063,False,other_price_or_range,10-120,False,,,,,,,,,,
GLAS,under120,2026-07-29T14:36:00Z,morning,9.335,-0.056117290192113214,False,shallow_outside,3-10,True,True,2026-07-29T19:00:00Z,3.053026245313319,9.6347,,False,,,9.44,1.1247991430101623
GLX,under120,2026-07-29T13:37:00Z,morning,11.58,-0.07984966110179655,False,other_price_or_range,10-120,False,,,,,,,,,,
GLXY,under120,2026-07-29T14:36:00Z,morning,19.51,-0.06829035339063991,False,other_price_or_range,10-120,False,,,,,,,,,,
GMEX,under120,2026-07-29T13:37:00Z,morning,1.431,-0.08269230769230769,False,shallow_outside,1-3,True,False,,,1.455,99.65753424657535,False,,,1.26,-11.949685534591199
GMTL,under120,2026-07-29T14:36:00Z,morning,9.27,-0.07669322709163343,False,shallow_outside,3-10,True,False,,,9.45,99.89429175475686,False,,,9.15,-1.2944983818770142
GNLN,under120,2026-07-29T19:37:00Z,afternoon,1.7,-0.05022626962400139,False,shallow_outside,1-3,True,False,,,1.7,97.70114942528735,,,,1.68,-1.176470588235295
GNPX,under120,2026-07-29T19:37:00Z,afternoon,7.27,-0.09464508094645079,False,shallow_outside,3-10,True,False,,,7.27,97.97843665768194,,,,7.215,-0.7565337001375477
GNS,under120,2026-07-29T14:36:00Z,morning,0.15,-0.054224464060529616,False,shallow_outside,<1,True,False,,,0.1535,100.32679738562092,False,,,0.1495,-0.33333333333333365
GOAI,under120,2026-07-29T14:36:00Z,morning,1.8701,-0.060251256281406984,False,shallow_outside,1-3,True,True,2026-07-29T14:45:00Z,5.341960322977374,1.99,,False,,,1.94,3.737768033794976
GOGO,under120,2026-07-29T14:36:00Z,morning,3.821,-0.0611793611793612,False,shallow_outside,3-10,True,True,2026-07-29T18:00:00Z,4.161214341795336,3.985,,False,,,3.89,1.8058099973828827
GORO,under120,2026-07-29T14:36:00Z,morning,1.895,-0.0572139303482586,False,shallow_outside,1-3,True,True,2026-07-29T16:25:00Z,5.0131926121372015,2.0,,False,,,2.045,7.915567282321895
GOSS,under120,2026-07-29T14:36:00Z,morning,0.1902,-0.07264748902974157,False,shallow_outside,<1,True,True,2026-07-29T18:15:00Z,4.100946372239749,0.1997,,False,,,0.207,8.832807570977907
GOVX,under120,2026-07-29T14:36:00Z,morning,0.69,-0.0505022705380488,False,shallow_outside,<1,True,True,2026-07-29T17:20:00Z,5.072463768115947,0.7272,,False,,,0.705,2.173913043478263
GPGI,under120,2026-07-29T15:35:00Z,morning,13.78,-0.054869684499314175,False,other_price_or_range,10-120,False,,,,,,,,,,
GRCE,under120,2026-07-29T15:35:00Z,morning,2.09,-0.07111111111111118,False,shallow_outside,1-3,True,False,,,2.135,99.7663551401869,False,,,2.085,-0.23923444976076047
GRDX,under120,2026-07-29T14:36:00Z,morning,2.7332,-0.0858862876254181,False,shallow_outside,1-3,True,False,,,2.8,100.35842293906809,False,,,2.635,-3.5928581882043127
GRML,under120,2026-07-29T14:36:00Z,morning,0.184,-0.07444668008048293,False,shallow_outside,<1,True,True,2026-07-29T19:35:00Z,2.173913043478263,0.1894,,False,,,0.1879,2.119565217391312
GRRR,under120,2026-07-29T19:37:00Z,afternoon,10.93,-0.06180257510729619,False,other_price_or_range,10-120,False,,,,,,,,,,
GSIW,under120,2026-07-29T15:35:00Z,morning,23.16,-0.05081967213114748,False,other_price_or_range,10-120,False,,,,,,,,,,
GSM,under120,2026-07-29T14:36:00Z,morning,3.185,-0.05208333333333328,False,shallow_outside,3-10,True,False,,,3.22,99.07692307692308,True,3.159,-0.8163265306122526,3.155,-0.9419152276295211
GSUN,under120,2026-07-29T13:37:00Z,morning,0.1808,-0.07282051282051291,False,shallow_outside,<1,True,True,2026-07-29T13:35:00Z,5.088495575221247,0.1909,,False,,,0.32,76.9911504424779
GTBP,under120,2026-07-29T15:35:00Z,morning,0.2973,-0.061256709820018865,False,shallow_outside,<1,True,True,2026-07-29T19:55:00Z,2.2536158762193015,0.3064,,False,,,0.3064,3.0608812647157744
GTES,under120,2026-07-29T19:37:00Z,afternoon,24.91,-0.05715367146101444,False,other_price_or_range,10-120,False,,,,,,,,,,
GVH,under120,2026-07-29T14:36:00Z,morning,0.94,-0.05990599059905997,False,shallow_outside,<1,True,False,,,0.9449,98.52971845672576,True,0.9101,-3.1808510638297793,0.9099,-3.202127659574458
HAO,under120,2026-07-29T13:37:00Z,morning,0.15,-0.07464528069093153,False,shallow_outside,<1,True,False,,,0.156,101.96078431372548,False,,,0.147,-2.0000000000000018
HAWK,under120,2026-07-29T14:36:00Z,morning,19.115,-0.055116164112704,False,other_price_or_range,10-120,False,,,,,,,,,,
HBNB,under120,2026-07-29T13:37:00Z,morning,5.45,-0.05217391304347823,False,shallow_outside,3-10,True,False,,,5.45,,,,,,
HCAI,under120,2026-07-29T19:37:00Z,afternoon,4.3412,-0.10490721649484536,True,in_bracket,3-10,True,True,2026-07-29T19:40:00Z,2.0455173684695476,4.5,,,,,4.4,1.3544642034460663
HCWB,under120,2026-07-29T15:35:00Z,morning,2.44,-0.05609284332688589,False,shallow_outside,1-3,True,True,2026-07-29T19:05:00Z,3.2786885245901667,2.58,,,,,2.64,8.196721311475418
HIHO,under120,2026-07-29T15:35:00Z,morning,1.02,-0.06422018348623859,False,shallow_outside,1-3,True,True,2026-07-29T19:30:00Z,2.9411764705882377,1.05,,False,,,1.07,4.901960784313729
HII,120to500,2026-07-29T19:38:00Z,afternoon,282.525,-0.05793597865955319,False,other_price_or_range,120-500,False,,,,,,,,,,
HIMC,under120,2026-07-29T13:37:00Z,morning,16.2,-0.05396487990609722,False,other_price_or_range,10-120,False,,,,,,,,,,
HIMS,under120,2026-07-29T14:36:00Z,morning,27.515,-0.06156207366984992,False,other_price_or_range,10-120,False,,,,,,,,,,
HIVE,under120,2026-07-29T14:36:00Z,morning,2.67,-0.05985915492957744,False,shallow_outside,1-3,True,False,,,2.71,99.26739926739927,True,2.5995,-2.6404494382022476,2.535,-5.056179775280891
HNRG,under120,2026-07-29T19:37:00Z,afternoon,13.79,-0.0561259411362081,False,other_price_or_range,10-120,False,,,,,,,,,,
HODO,under120,2026-07-29T15:35:00Z,morning,0.8882,-0.06218984267764762,False,shallow_outside,<1,True,True,2026-07-29T16:20:00Z,5.043909029497868,0.9898,,False,,,0.822,-7.453276289124075
HOVR,under120,2026-07-29T14:36:00Z,morning,1.658,-0.052571428571428616,False,shallow_outside,1-3,True,False,,,1.66,97.6470588235294,False,,,1.58,-4.704463208685153
HSCS,under120,2026-07-29T13:37:00Z,morning,2.0205,-0.10597345132743347,True,in_bracket,1-3,True,True,2026-07-29T15:05:00Z,5.419450631031908,2.19,,False,,,2.08,2.9448156396931395
HTCR,under120,2026-07-29T19:37:00Z,afternoon,2.12,-0.06607929515418498,False,shallow_outside,1-3,True,False,,,2.12,97.69585253456222,,,,2.06,-2.8301886792452855
HTZ,under120,2026-07-29T14:36:00Z,morning,1.61,-0.08781869688385259,False,shallow_outside,1-3,True,True,2026-07-29T17:30:00Z,4.347826086956511,1.685,,False,,,1.67,3.7267080745341503
HUHU,under120,2026-07-29T13:37:00Z,morning,5.3,-0.05525846702317299,False,shallow_outside,3-10,True,True,2026-07-29T14:30:00Z,5.094339622641518,5.97,,False,,,6.515,22.92452830188679
HUM,120to500,2026-07-29T14:36:00Z,morning,361.0825,-0.0710748372822927,False,other_price_or_range,120-500,False,,,,,,,,,,
HURA,under120,2026-07-29T14:36:00Z,morning,2.02,-0.05164319248826286,False,shallow_outside,1-3,True,True,2026-07-29T19:00:00Z,3.4653465346534573,2.1,,False,,,2.05,1.4851485148514756
HUT,under120,2026-07-29T14:36:00Z,morning,93.0,-0.08048249950563575,False,other_price_or_range,10-120,False,,,,,,,,,,
HWO,under120,2026-07-29T13:37:00Z,morning,25.57,-0.9963558751693568,False,other_price_or_range,10-120,False,,,,,,,,,,
HWSM,under120,2026-07-29T13:37:00Z,morning,30.05,-0.06084358435843583,False,other_price_or_range,10-120,False,,,,,,,,,,
HY,under120,2026-07-29T15:35:00Z,morning,32.4095,-0.05594232449752395,False,other_price_or_range,10-120,False,,,,,,,,,,
HYFM,under120,2026-07-29T19:37:00Z,afternoon,0.6275,-0.056532852202676405,False,shallow_outside,<1,True,False,,,0.6297,98.23712948517941,,,,0.5583,-11.027888446215128
HYLN,under120,2026-07-29T14:36:00Z,morning,3.345,-0.05508474576271182,False,shallow_outside,3-10,True,False,,,3.395,99.26900584795322,False,,,3.225,-3.5874439461883436
HYMC,under120,2026-07-29T14:36:00Z,morning,19.0099,-0.055173956262425584,False,other_price_or_range,10-120,False,,,,,,,,,,
IART,under120,2026-07-29T13:37:00Z,morning,18.69,-0.054149797570850214,False,other_price_or_range,10-120,False,,,,,,,,,,
ICHR,under120,2026-07-29T14:36:00Z,morning,64.52,-0.052569750367107176,False,other_price_or_range,10-120,False,,,,,,,,,,
ICON,under120,2026-07-29T15:35:00Z,morning,0.96,-0.058823529411764754,False,shallow_outside,<1,True,False,,,0.9999,101.10212335692619,False,,,0.97,1.0416666666666676
IGC,under120,2026-07-29T19:37:00Z,afternoon,0.2405,-0.0714285714285715,False,shallow_outside,<1,True,False,,,0.2413,98.08943089430893,,,,0.241,0.20790020790020808
IIIN,under120,2026-07-29T19:37:00Z,afternoon,30.87,-0.05335786568537254,False,other_price_or_range,10-120,False,,,,,,,,,,
IMOS,under120,2026-07-29T13:37:00Z,morning,46.57,-0.061845286059629336,False,other_price_or_range,10-120,False,,,,,,,,,,
IMRN,under120,2026-07-29T15:35:00Z,morning,1.04,-0.05022831050228305,False,shallow_outside,1-3,True,True,2026-07-29T18:00:00Z,4.807692307692312,1.1199,,False,,,1.075,3.3653846153846074
IMSR,under120,2026-07-29T19:37:00Z,afternoon,4.715,-0.0588822355289421,False,shallow_outside,3-10,True,False,,,4.725,98.23284823284824,,,,4.645,-1.4846235418875988
IMTE,under120,2026-07-29T14:36:00Z,morning,0.4203,-0.06558470431302794,False,shallow_outside,<1,True,True,2026-07-29T17:45:00Z,4.21127765881513,0.4508,,,,,0.4448,5.829169640732801
INDI,under120,2026-07-29T15:35:00Z,morning,3.035,-0.054517133956386236,False,shallow_outside,3-10,True,True,2026-07-29T18:00:00Z,4.118616144975288,3.1704,,False,,,3.0,-1.1532125205930852
INFQ,under120,2026-07-29T14:36:00Z,morning,9.07,-0.051255230125523035,False,shallow_outside,3-10,True,True,2026-07-29T18:50:00Z,3.0871003307607428,9.36,,False,,,8.83,-2.6460859977949305
INIO,under120,2026-07-29T14:36:00Z,morning,23.87,-0.08962623951182296,False,other_price_or_range,10-120,False,,,,,,,,,,
INLF,under120,2026-07-29T13:37:00Z,morning,4.24,-0.19999999999999993,True,in_bracket,3-10,True,True,2026-07-29T14:10:00Z,5.188679245283013,4.5599,,False,,,4.21,-0.7075471698113266
INSG,under120,2026-07-29T15:35:00Z,morning,6.33,-0.07184750733137833,False,shallow_outside,3-10,True,True,2026-07-29T18:45:00Z,3.0015797788309557,6.54,,False,,,6.36,0.4739336492891035
INTJ,under120,2026-07-29T15:35:00Z,morning,3.3006,-0.06365957446808503,False,shallow_outside,3-10,True,False,,,3.3006,,,,,,
INTS,under120,2026-07-29T14:36:00Z,morning,4.3155,-0.05153846153846148,False,shallow_outside,3-10,True,False,,,4.5,102.04081632653062,False,,,4.33,0.3359981462171233
INTT,under120,2026-07-29T14:36:00Z,morning,12.1088,-0.05029019607843134,False,other_price_or_range,10-120,False,,,,,,,,,,
INVZ,under120,2026-07-29T19:37:00Z,afternoon,0.4009,-0.10772312486089473,True,in_bracket,<1,True,False,,,0.4013,98.11735941320295,,,,0.3775,-5.83686704913943
IOND,under120,2026-07-29T13:37:00Z,morning,57.59,-0.08441971383147846,False,other_price_or_range,10-120,False,,,,,,,,,,
IPW,under120,2026-07-29T15:35:00Z,morning,0.5764,-0.08507936507936505,False,shallow_outside,<1,True,True,2026-07-29T17:05:00Z,5.135322692574594,0.61,,False,,,0.5531,-4.042331714087437
IPWR,under120,2026-07-29T15:35:00Z,morning,3.505,-0.06781914893617019,False,shallow_outside,3-10,True,True,2026-07-29T19:15:00Z,3.2810271041369536,3.6225,,False,,,3.33,-4.992867332382306
IPX,under120,2026-07-29T14:36:00Z,morning,20.91,-0.05768364127985584,False,other_price_or_range,10-120,False,,,,,,,,,,
IREN,under120,2026-07-29T14:36:00Z,morning,31.15,-0.0819333922782199,False,other_price_or_range,10-120,False,,,,,,,,,,
IRWD,under120,2026-07-29T19:37:00Z,afternoon,3.605,-0.05131578947368417,False,shallow_outside,3-10,True,False,,,3.619,98.34239130434783,,,,3.555,-1.3869625520110906
ISSC,under120,2026-07-29T14:36:00Z,morning,17.81,-0.07045929018789152,False,other_price_or_range,10-120,False,,,,,,,,,,
ITRI,under120,2026-07-29T14:36:00Z,morning,100.27,-0.06307232293029341,False,other_price_or_range,10-120,False,,,,,,,,,,
IVF,under120,2026-07-29T14:36:00Z,morning,0.9118,-0.06949688743749356,False,shallow_outside,<1,True,False,,,0.9408,101.05263157894736,False,,,0.9199,0.8883527089273958
IVVD,under120,2026-07-29T19:37:00Z,afternoon,0.551,-0.07129614023259734,False,shallow_outside,<1,True,False,,,0.551,97.86856127886325,,,,0.537,-2.5408348457350294
JBLG,under120,2026-07-29T13:37:00Z,morning,10.82,-0.08478045727142772,False,other_price_or_range,10-120,False,,,,,,,,,,
JEM,under120,2026-07-29T14:36:00Z,morning,5.47,-0.07288135593220349,False,shallow_outside,3-10,True,True,2026-07-29T18:55:00Z,3.1078610603290664,5.7,,False,,,5.455,-0.2742230347349119
JOBY,under120,2026-07-29T14:36:00Z,morning,6.9,-0.05089408528198064,False,shallow_outside,3-10,True,False,,,7.03,99.85795454545455,True,6.76,-2.028985507246385,6.67,-3.3333333333333397
JTAI,under120,2026-07-29T14:36:00Z,morning,1.6791,-0.05668539325842696,False,shallow_outside,1-3,True,True,2026-07-29T16:15:00Z,5.413614436305162,1.79,,False,,,1.82,8.391400154844858
JUNS,under120,2026-07-29T14:36:00Z,morning,0.1011,-0.07839562443026445,False,shallow_outside,<1,True,True,2026-07-29T14:35:00Z,5.83580613254204,0.1073,,False,,,0.0975,-3.560830860534117
JYD,under120,2026-07-29T13:37:00Z,morning,0.9621,-0.056764705882353,False,shallow_outside,<1,True,True,2026-07-29T19:55:00Z,2.068392059037525,0.9906,,False,,,0.9906,2.9622700342999773
JZ,under120,2026-07-29T13:37:00Z,morning,2.3,-0.09803921568627452,False,shallow_outside,1-3,True,False,,,2.32,98.72340425531914,False,,,2.2448,-2.399999999999987
JZXN,under120,2026-07-29T15:35:00Z,morning,1.25,-0.060150375939849676,False,shallow_outside,1-3,True,False,,,1.27,99.21875,False,,,1.23,-1.6000000000000014
KALU,120to500,2026-07-29T19:38:00Z,afternoon,152.61,-0.05889245189935855,False,other_price_or_range,120-500,False,,,,,,,,,,
KAZR,under120,2026-07-29T15:35:00Z,morning,1.65,-0.07821229050279337,False,shallow_outside,1-3,True,True,2026-07-29T16:15:00Z,5.4545454545454595,1.7499,,False,,,1.8,9.090909090909099
KBSX,under120,2026-07-29T14:36:00Z,morning,0.85,-0.06593406593406599,False,shallow_outside,<1,True,False,,,0.8891,101.96100917431193,,,,0.8501,0.011764705882351645
KEEL,under120,2026-07-29T14:36:00Z,morning,3.415,-0.08567603748326635,False,shallow_outside,3-10,True,False,,,3.48,99.7134670487106,False,,,3.17,-7.17423133235725
KEX,120to500,2026-07-29T14:36:00Z,morning,137.495,-0.05430222161083969,False,other_price_or_range,120-500,False,,,,,,,,,,
KF,under120,2026-07-29T15:35:00Z,morning,51.04,-0.05917050691244241,False,other_price_or_range,10-120,False,,,,,,,,,,
KIDZ,under120,2026-07-29T13:37:00Z,morning,0.6062,-0.06738461538461547,False,shallow_outside,<1,True,True,2026-07-29T13:40:00Z,5.08083140877599,0.6373,,False,,,0.583,-3.827119762454635
KITT,under120,2026-07-29T14:36:00Z,morning,0.7701,-0.11462405150609337,True,in_bracket,<1,True,True,2026-07-29T18:45:00Z,3.1034930528502835,0.8034,,False,,,0.76,-1.3115179846773144
KLAC,120to500,2026-07-29T14:36:00Z,morning,175.33,-0.0810796645702306,False,other_price_or_range,120-500,False,,,,,,,,,,
KLIC,under120,2026-07-29T14:36:00Z,morning,85.21,-0.06290553172770277,False,other_price_or_range,10-120,False,,,,,,,,,,
KMT,under120,2026-07-29T19:37:00Z,afternoon,33.07,-0.0713282785734344,False,other_price_or_range,10-120,False,,,,,,,,,,
KNRX,under120,2026-07-29T13:37:00Z,morning,0.43,-0.09966499162479069,False,shallow_outside,<1,True,True,2026-07-29T18:15:00Z,4.186046511627911,0.4501,,False,,,0.4797,11.558139534883727
KOPN,under120,2026-07-29T14:36:00Z,morning,3.335,-0.0552407932011331,False,shallow_outside,3-10,True,False,,,3.365,98.68035190615836,True,3.24,-2.8485757121439206,3.16,-5.247376311844073
KPLT,under120,2026-07-29T19:37:00Z,afternoon,6.2377,-0.06760837070254112,False,shallow_outside,3-10,True,True,2026-07-29T19:45:00Z,2.1209740769835013,6.395,,,,,6.37,2.1209740769835013
KRMN,under120,2026-07-29T14:36:00Z,morning,46.36,-0.0641905530884134,False,other_price_or_range,10-120,False,,,,,,,,,,
KSCP,under120,2026-07-29T15:35:00Z,morning,1.415,-0.06907894736842105,False,shallow_outside,1-3,True,False,,,1.42,97.93103448275862,False,,,1.385,-2.1201413427561855
KTOS,under120,2026-07-29T14:36:00Z,morning,45.84,-0.057565789473684154,False,other_price_or_range,10-120,False,,,,,,,,,,
KULR,under120,2026-07-29T15:35:00Z,morning,2.4,-0.051383399209486126,False,shallow_outside,1-3,True,True,2026-07-29T18:45:00Z,3.3333333333333366,2.485,,False,,,2.43,1.2500000000000104
KWM,under120,2026-07-29T15:35:00Z,morning,0.108,-0.072961373390558,False,shallow_outside,<1,True,False,,,0.1121,100.99099099099101,False,,,0.1035,-4.1666666666666705
LABT,under120,2026-07-29T14:36:00Z,morning,1.87,-0.10952380952380951,True,in_bracket,1-3,True,True,2026-07-29T18:00:00Z,4.278074866310152,1.97,,False,,,1.97,5.347593582887693
LASE,under120,2026-07-29T14:36:00Z,morning,0.987,-0.0509615384615385,False,shallow_outside,<1,True,True,2026-07-29T19:00:00Z,3.3434650455927084,1.025,,False,,,0.97,-1.722391084093213
LASR,under120,2026-07-29T15:35:00Z,morning,59.39,-0.06176935229067925,False,other_price_or_range,10-120,False,,,,,,,,,,
LBGJ,under120,2026-07-29T13:37:00Z,morning,0.026,-0.13333333333333333,True,in_bracket,<1,True,False,,,0.0261,96.66666666666669,False,,,0.0236,-9.230769230769228
LCFY,under120,2026-07-29T14:36:00Z,morning,2.185,-0.07802016962741037,False,shallow_outside,1-3,True,True,2026-07-29T17:25:00Z,5.263157894736832,2.35,,False,,,2.4,9.839816933638437
LEDS,under120,2026-07-29T15:35:00Z,morning,1.755,-0.06648936170212766,False,shallow_outside,1-3,True,False,,,1.805,100.27777777777777,False,,,1.712,-2.450142450142446
LEE,under120,2026-07-29T13:37:00Z,morning,6.85,-0.13727959697733005,True,in_bracket,3-10,True,True,2026-07-29T13:40:00Z,5.109489051094899,7.795,,False,,,7.88,15.036496350364967
LESL,under120,2026-07-29T15:35:00Z,morning,0.975,-0.0714285714285715,False,shallow_outside,<1,True,False,,,0.9801,98.00999999999999,False,,,0.8949,-8.215384615384611
LFT,under120,2026-07-29T19:37:00Z,afternoon,0.7376,-0.06372175679106361,False,shallow_outside,<1,True,False,,,0.7413,98.44621513944223,,,,0.736,-0.21691973969631856
LGN,under120,2026-07-29T14:36:00Z,morning,55.3,-0.06603614254348934,False,other_price_or_range,10-120,False,,,,,,,,,,
LGPS,under120,2026-07-29T15:35:00Z,morning,1.02,-0.05116279069767436,False,shallow_outside,1-3,True,True,2026-07-29T19:15:00Z,3.921568627450984,1.06,,False,,,1.06,3.921568627450984
LII,120to500,2026-07-29T13:37:00Z,morning,457.61,-0.15897520721912847,False,other_price_or_range,120-500,False,,,,,,,,,,
LINK,under120,2026-07-29T19:37:00Z,afternoon,4.15,-0.056603773584905585,False,shallow_outside,3-10,True,False,,,4.15,97.87735849056605,,,,3.94,-5.06024096385543
LIQT,under120,2026-07-29T14:36:00Z,morning,0.6026,-0.07477352986335017,False,shallow_outside,<1,True,True,2026-07-29T17:05:00Z,5.044805841354129,0.6361,,False,,,0.6281,4.2316627945569145
LMB,under120,2026-07-29T14:36:00Z,morning,68.54,-0.05449027452062338,False,other_price_or_range,10-120,False,,,,,,,,,,
LMND,under120,2026-07-29T13:37:00Z,morning,50.665,-0.18426984382547096,False,other_price_or_range,10-120,False,,,,,,,,,,
LMNX,under120,2026-07-29T13:37:00Z,morning,8.9895,-0.36256886979089115,False,other_price_or_range,3-10,False,,,,,,,,,,
LMRI,under120,2026-07-29T19:37:00Z,afternoon,10.285,-0.062443026435733864,False,other_price_or_range,10-120,False,,,,,,,,,,
LNKS,under120,2026-07-29T13:37:00Z,morning,1.09,-0.06837606837606826,False,shallow_outside,1-3,True,True,2026-07-29T13:35:00Z,5.5045871559632875,1.1586,,False,,,1.031,-5.412844036697263
LOAR,under120,2026-07-29T14:36:00Z,morning,67.96,-0.05083798882681565,False,other_price_or_range,10-120,False,,,,,,,,,,
LOBO,under120,2026-07-29T19:37:00Z,afternoon,0.7101,-0.0644268774703558,False,shallow_outside,<1,True,False,,,0.7101,,,,,,
LOGI,under120,2026-07-29T13:37:00Z,morning,103.445,-0.0735715565108365,False,other_price_or_range,10-120,False,,,,,,,,,,
LPTH,under120,2026-07-29T14:36:00Z,morning,9.505,-0.0834136933461908,False,shallow_outside,3-10,True,True,2026-07-29T18:50:00Z,3.1036296685954747,9.88,,False,,,9.385,-1.2624934245134243
LSH,under120,2026-07-29T14:36:00Z,morning,0.291,-0.06310367031551838,False,shallow_outside,<1,True,True,2026-07-29T15:35:00Z,5.154639175257737,0.311,,False,,,0.27,-7.216494845360813
LSTA,under120,2026-07-29T14:36:00Z,morning,1.045,-0.09913793103448276,False,shallow_outside,1-3,True,True,2026-07-29T16:00:00Z,5.263157894736858,1.12,,True,1.015,-2.8708133971291896,1.095,4.7846889952153155
LTRX,under120,2026-07-29T15:35:00Z,morning,4.995,-0.06285178236397748,False,shallow_outside,3-10,True,True,2026-07-29T18:45:00Z,3.103103103103108,5.1514,,False,,,4.985,-0.20020020020019594
LUCY,under120,2026-07-29T19:37:00Z,afternoon,0.6903,-0.06842105263157891,False,shallow_outside,<1,True,False,,,0.7028,99.68794326241135,,,,0.665,-3.6650731565985786
LUNR,under120,2026-07-29T19:37:00Z,afternoon,11.555,-0.0658852061438965,False,other_price_or_range,10-120,False,,,,,,,,,,
LVLU,under120,2026-07-29T19:37:00Z,afternoon,16.36,-0.06833712984054666,False,other_price_or_range,10-120,False,,,,,,,,,,
LWLG,under120,2026-07-29T15:35:00Z,morning,5.465,-0.05121527777777777,False,shallow_outside,3-10,True,True,2026-07-29T18:40:00Z,3.0192131747483995,5.67,,False,,,5.35,-2.1043000914913126
LYTS,under120,2026-07-29T19:37:00Z,afternoon,22.74,-0.051314142678347954,False,other_price_or_range,10-120,False,,,,,,,,,,
MARA,under120,2026-07-29T14:36:00Z,morning,10.635,-0.06546572934973646,False,other_price_or_range,10-120,False,,,,,,,,,,
MAS,under120,2026-07-29T13:37:00Z,morning,73.6,-0.09814973655189321,False,other_price_or_range,10-120,False,,,,,,,,,,
MBC,under120,2026-07-29T14:36:00Z,morning,8.445,-0.06374722838137464,False,shallow_outside,3-10,True,False,,,8.64,100.23201856148494,False,,,8.475,0.3552397868561203
MBIO,under120,2026-07-29T14:36:00Z,morning,0.57,-0.09724421919543873,False,shallow_outside,<1,True,True,2026-07-29T17:50:00Z,4.03508771929825,0.5971,,False,,,0.5901,3.526315789473686
MBRX,under120,2026-07-29T14:36:00Z,morning,1.41,-0.35616438356164387,False,other_price_or_range,1-3,False,,,,,,,,,,
MCHX,under120,2026-07-29T15:35:00Z,morning,1.69,-0.05586592178770954,False,shallow_outside,1-3,True,True,2026-07-29T19:05:00Z,3.550295857988169,1.77,,,,,1.757,3.9644970414201155
MEC,under120,2026-07-29T15:35:00Z,morning,25.685,-0.07641136281912982,False,other_price_or_range,10-120,False,,,,,,,,,,
MEDS,under120,2026-07-29T19:37:00Z,afternoon,3.0,-0.1549295774647887,True,in_bracket,3-10,True,False,,,3.05,99.67320261437908,,,,3.0,0.0
MEGL,under120,2026-07-29T19:37:00Z,afternoon,1.135,-0.05416666666666663,False,shallow_outside,1-3,True,False,,,1.135,,,,,,
MEI,under120,2026-07-29T14:36:00Z,morning,13.82,-0.06684672518568537,False,other_price_or_range,10-120,False,,,,,,,,,,
MENS,under120,2026-07-29T19:37:00Z,afternoon,2.225,-0.0690376569037657,False,shallow_outside,1-3,True,True,2026-07-29T19:40:00Z,2.0224719101123565,2.29,,,,,2.3,3.370786516853921
MERC,under120,2026-07-29T19:37:00Z,afternoon,0.5932,-0.12905593892233164,True,in_bracket,<1,True,True,2026-07-29T19:40:00Z,2.1577882670263038,0.61,,,,,0.6001,1.1631827376938668
MGRT,under120,2026-07-29T14:36:00Z,morning,95.55,-0.06314344543582702,False,other_price_or_range,10-120,False,,,,,,,,,,
MGRX,under120,2026-07-29T15:35:00Z,morning,0.5201,-0.06456834532374107,False,shallow_outside,<1,True,True,2026-07-29T18:10:00Z,4.018457988848304,0.5599,,False,,,0.5465,5.075946933282057
MI,under120,2026-07-29T19:37:00Z,afternoon,8.52,-0.07088331515812436,False,shallow_outside,3-10,True,False,,,8.52,97.93103448275863,,,,8.46,-0.704225352112661
MIR,under120,2026-07-29T14:36:00Z,morning,15.71,-0.06432400238237036,False,other_price_or_range,10-120,False,,,,,,,,,,
MKSI,120to500,2026-07-29T14:36:00Z,morning,268.61,-0.05853282394588338,False,other_price_or_range,120-500,False,,,,,,,,,,
MLSS,under120,2026-07-29T19:37:00Z,afternoon,0.399,-0.07209302325581389,False,shallow_outside,<1,True,False,,,0.399,98.03439803439805,,,,0.3777,-5.338345864661664
MNDR,under120,2026-07-29T13:37:00Z,morning,1.52,-0.08982035928143707,False,shallow_outside,1-3,True,True,2026-07-29T13:35:00Z,5.263157894736847,1.68,,False,,,1.47,-3.2894736842105288
MNRO,under120,2026-07-29T13:37:00Z,morning,15.345,-0.10784883720930225,False,other_price_or_range,10-120,False,,,,,,,,,,
MNTS,under120,2026-07-29T19:37:00Z,afternoon,4.24,-0.06401766004415012,False,shallow_outside,3-10,True,False,,,4.25,98.15242494226328,,,,4.15,-2.122641509433959
MOBX,under120,2026-07-29T14:36:00Z,morning,1.85,-0.056122448979591774,False,shallow_outside,1-3,True,False,,,1.89,100.0,False,,,1.82,-1.621621621621623
MOD,120to500,2026-07-29T14:36:00Z,morning,186.875,-0.1018215899259829,False,other_price_or_range,120-500,False,,,,,,,,,,
MODD,under120,2026-07-29T19:37:00Z,afternoon,2.1296,-0.08991452991452989,False,shallow_outside,1-3,True,False,,,2.1296,97.6880733944954,,,,2.07,-2.7986476333583816
MOG.A,120to500,2026-07-29T19:38:00Z,afternoon,390.85,-0.057193168660748694,False,other_price_or_range,120-500,False,,,,,,,,,,
MP,under120,2026-07-29T19:37:00Z,afternoon,38.46,-0.0683139534883721,False,other_price_or_range,10-120,False,,,,,,,,,,
MRAM,under120,2026-07-29T19:37:00Z,afternoon,13.19,-0.05583392984967796,False,other_price_or_range,10-120,False,,,,,,,,,,
MRCY,under120,2026-07-29T14:36:00Z,morning,90.895,-0.0853793519822902,False,other_price_or_range,10-120,False,,,,,,,,,,
MRDN,under120,2026-07-29T13:37:00Z,morning,13.195,-0.06418439716312052,False,other_price_or_range,10-120,False,,,,,,,,,,
MRLN,under120,2026-07-29T19:37:00Z,afternoon,3.38,-0.050561797752809036,False,shallow_outside,3-10,True,False,,,3.3898,98.25507246376812,,,,3.31,-2.071005917159759
MSAI,under120,2026-07-29T19:37:00Z,afternoon,4.55,-0.06570841889117049,False,shallow_outside,3-10,True,False,,,4.55,97.84946236559139,,,,4.46,-1.9780219780219748
MSFC,under120,2026-07-29T13:37:00Z,morning,28.24,-0.07606135162016447,False,other_price_or_range,10-120,False,,,,,,,,,,
MSIX,under120,2026-07-29T13:37:00Z,morning,28.22,-0.10344959048423888,False,other_price_or_range,10-120,False,,,,,,,,,,
MTEN,under120,2026-07-29T19:37:00Z,afternoon,0.95,-0.05940594059405946,False,shallow_outside,<1,True,False,,,0.9657,99.6594427244582,,,,0.9656,1.642105263157901
MTNB,under120,2026-07-29T13:37:00Z,morning,0.271,-0.0750853242320818,False,shallow_outside,<1,True,True,2026-07-29T13:40:00Z,5.1660516605165885,0.2865,,False,,,0.2908,7.306273062730622
MTRN,120to500,2026-07-29T15:35:00Z,morning,194.7,-0.0715307582260372,False,other_price_or_range,120-500,False,,,,,,,,,,
MTSI,120to500,2026-07-29T15:35:00Z,morning,233.645,-0.06253260040926044,False,other_price_or_range,120-500,False,,,,,,,,,,
MTUS,under120,2026-07-29T15:35:00Z,morning,19.995,-0.05281856939838932,False,other_price_or_range,10-120,False,,,,,,,,,,
MTW,under120,2026-07-29T15:35:00Z,morning,13.765,-0.061690524880708884,False,other_price_or_range,10-120,False,,,,,,,,,,
MTZ,120to500,2026-07-29T15:35:00Z,morning,296.175,-0.05205799513506589,False,other_price_or_range,120-500,False,,,,,,,,,,
MVST,under120,2026-07-29T19:37:00Z,afternoon,0.7262,-0.055779482512027106,False,shallow_outside,<1,True,False,,,0.7272,98.13765182186235,,,,0.7161,-1.3908014321123656
MWH,under120,2026-07-29T19:37:00Z,afternoon,24.12,-0.05263157894736841,False,other_price_or_range,10-120,False,,,,,,,,,,
MYRG,120to500,2026-07-29T15:35:00Z,morning,320.32,-0.059873209673632403,False,other_price_or_range,120-500,False,,,,,,,,,,
MYSZ,under120,2026-07-29T14:36:00Z,morning,0.39835,-0.05154761904761906,False,shallow_outside,<1,True,True,2026-07-29T19:30:00Z,2.1714572612024576,0.41,,False,,,0.4198,5.384711936739055
NAAS,under120,2026-07-29T19:37:00Z,afternoon,3.09,-0.07410181883558568,False,shallow_outside,3-10,True,True,2026-07-29T19:55:00Z,2.2653721682847987,3.25,,,,,3.21,3.8834951456310716
NAIL,under120,2026-07-29T13:37:00Z,morning,41.7592,-0.06745868691380083,False,other_price_or_range,10-120,False,,,,,,,,,,
NAUT,under120,2026-07-29T14:36:00Z,morning,1.125,-0.062499999999999965,False,shallow_outside,1-3,True,False,,,1.175,101.29310344827587,False,,,1.035,-8.000000000000007
NBIG,under120,2026-07-29T13:37:00Z,morning,11.675,-0.05388978930307935,False,other_price_or_range,10-120,False,,,,,,,,,,
NBIL,under120,2026-07-29T13:37:00Z,morning,16.84,-0.05711086226203805,False,other_price_or_range,10-120,False,,,,,,,,,,
NBIS,120to500,2026-07-29T14:36:00Z,morning,155.48,-0.08374093936000948,False,other_price_or_range,120-500,False,,,,,,,,,,
NBP,under120,2026-07-29T14:36:00Z,morning,1.655,-0.05428571428571427,False,shallow_outside,1-3,True,False,,,1.68,99.40828402366864,False,,,1.61,-2.7190332326283944
NCTY,under120,2026-07-29T15:35:00Z,morning,4.3,-0.06926406926406932,False,shallow_outside,3-10,True,True,2026-07-29T18:50:00Z,3.0232558139534857,4.4438,,False,,,4.36,1.395348837209314
NEBX,under120,2026-07-29T13:37:00Z,morning,17.38,-0.05543478260869563,False,other_price_or_range,10-120,False,,,,,,,,,,
NEGG,under120,2026-07-29T19:37:00Z,afternoon,13.335,-0.05291193181818176,False,other_price_or_range,10-120,False,,,,,,,,,,
NEPH,under120,2026-07-29T19:37:00Z,afternoon,3.2882,-0.06051428571428578,False,shallow_outside,3-10,True,False,,,3.29,97.91666666666667,,,,3.2401,-1.4628063986375468
NERV,under120,2026-07-29T14:36:00Z,morning,4.03,-0.05841121495327103,False,shallow_outside,3-10,True,True,2026-07-29T15:35:00Z,5.210918114143919,4.24,,False,,,4.11,1.985111662531019
NEXR,under120,2026-07-29T13:37:00Z,morning,0.3065,-0.08698242478403337,False,shallow_outside,<1,True,True,2026-07-29T13:40:00Z,5.057096247960853,0.3281,,False,,,0.2999,-2.1533442088091337
NHTC,under120,2026-07-29T13:37:00Z,morning,1.71,-0.06043956043956049,False,shallow_outside,1-3,True,False,,,1.74,99.42857142857143,False,,,1.72,0.5847953216374274
NIKI,under120,2026-07-29T14:36:00Z,morning,8.23,-0.07838745800671885,False,shallow_outside,3-10,True,True,2026-07-29T16:20:00Z,5.103280680437423,8.79,,False,,,8.502,3.304981773997573
NIPG,under120,2026-07-29T14:36:00Z,morning,13.0,-0.14361001317523056,False,other_price_or_range,10-120,False,,,,,,,,,,
NIVF,under120,2026-07-29T15:35:00Z,morning,0.8301,-0.10741935483870978,True,in_bracket,<1,True,True,2026-07-29T15:45:00Z,5.0475846283580355,0.8847,,False,,,0.8399,1.1805806529333853
NIXX,under120,2026-07-29T15:35:00Z,morning,0.668,-0.05369032440855636,False,shallow_outside,<1,True,True,2026-07-29T18:45:00Z,3.1437125748502854,0.6915,,False,,,0.6493,-2.799401197604798
NKLR,under120,2026-07-29T19:37:00Z,afternoon,4.95,-0.051724137931034406,False,shallow_outside,3-10,True,False,,,4.96,98.21782178217822,,,,4.91,-0.8080808080808087
NMAD,under120,2026-07-29T19:37:00Z,afternoon,4.03,-0.09029345372460486,False,shallow_outside,3-10,True,False,,,4.06,98.54368932038834,,,,4.0,-0.7444168734491377
NMAX,under120,2026-07-29T14:36:00Z,morning,7.54,-0.05395232120451691,False,shallow_outside,3-10,True,True,2026-07-29T18:00:00Z,4.111405835543761,7.88,,False,,,7.64,1.3262599469495973
NMRK,under120,2026-07-29T19:37:00Z,afternoon,14.925,-0.07841926520531026,False,other_price_or_range,10-120,False,,,,,,,,,,
NNBR,under120,2026-07-29T15:35:00Z,morning,3.185,-0.06047197640117996,False,shallow_outside,3-10,True,False,,,3.24,99.69230769230771,False,,,3.085,-3.1397174254317135
NNE,under120,2026-07-29T14:36:00Z,morning,15.195,-0.05386052303860514,False,other_price_or_range,10-120,False,,,,,,,,,,
NPCE,under120,2026-07-29T14:36:00Z,morning,14.3501,-0.06269758327890275,False,other_price_or_range,10-120,False,,,,,,,,,,
NPKI,under120,2026-07-29T19:37:00Z,afternoon,12.095,-0.0653013910355486,False,other_price_or_range,10-120,False,,,,,,,,,,
NRC,under120,2026-07-29T15:35:00Z,morning,20.315,-0.09064458370635625,False,other_price_or_range,10-120,False,,,,,,,,,,
NRGD,under120,2026-07-29T13:37:00Z,morning,19.8,-0.10163339382940102,False,other_price_or_range,10-120,False,,,,,,,,,,
NRGV,under120,2026-07-29T15:35:00Z,morning,2.58,-0.06181818181818179,False,shallow_outside,1-3,True,False,,,2.65,100.37878787878786,False,,,2.51,-2.7131782945736544
NRSN,under120,2026-07-29T15:35:00Z,morning,0.5299,-0.05086870857961666,False,shallow_outside,<1,True,False,,,0.5299,97.9482439926063,True,0.5,-5.642574070579362,0.52,-1.8682770334025323
NRXP,under120,2026-07-29T14:36:00Z,morning,3.345,-0.05508474576271182,False,shallow_outside,3-10,True,False,,,3.39,99.12280701754386,False,,,3.24,-3.1390134529147975
NRXS,under120,2026-07-29T15:35:00Z,morning,6.05,-0.07350689127105672,False,shallow_outside,3-10,True,True,2026-07-29T18:30:00Z,3.1404958677686015,6.3,,False,,,6.037,-0.2148760330578496
NTCL,under120,2026-07-29T19:37:00Z,afternoon,3.08,-0.058103975535168176,False,shallow_outside,3-10,True,True,2026-07-29T19:35:00Z,2.2727272727272676,3.22,,,,,3.17,2.9220779220779174
NTGR,under120,2026-07-29T14:36:00Z,morning,23.37,-0.054611650485436807,False,other_price_or_range,10-120,False,,,,,,,,,,
NUAI,under120,2026-07-29T19:37:00Z,afternoon,4.175,-0.05005688282138789,False,shallow_outside,3-10,True,False,,,4.185,98.2394366197183,,,,4.065,-2.634730538922142
NVA,under120,2026-07-29T15:35:00Z,morning,4.32,-0.05676855895196502,False,shallow_outside,3-10,True,False,,,4.4197,100.21995464852607,False,,,4.24,-1.8518518518518534
NVCR,under120,2026-07-29T15:35:00Z,morning,15.45,-0.05272838749233596,False,other_price_or_range,10-120,False,,,,,,,,,,
NVMI,120to500,2026-07-29T14:36:00Z,morning,376.55,-0.06405348975939547,False,other_price_or_range,120-500,False,,,,,,,,,,
NVNI,under120,2026-07-29T14:36:00Z,morning,1.03,-0.05504587155963307,False,shallow_outside,1-3,True,False,,,1.0518,99.22641509433963,False,,,1.032,0.19417475728155356
NVOC,under120,2026-07-29T13:37:00Z,morning,24.24,-0.08352615580055361,False,other_price_or_range,10-120,False,,,,,,,,,,
NVT,120to500,2026-07-29T14:36:00Z,morning,134.375,-0.05202821869488536,False,other_price_or_range,120-500,False,,,,,,,,,,
NWGL,under120,2026-07-29T13:37:00Z,morning,0.2228,-0.06347204707860446,False,shallow_outside,<1,True,False,,,0.2273,99.69298245614034,False,,,0.2233,0.2244165170556555
NX,under120,2026-07-29T14:36:00Z,morning,18.12,-0.06838046272493564,False,other_price_or_range,10-120,False,,,,,,,,,,
NXB,under120,2026-07-29T15:35:00Z,morning,1.8658,-0.052893401015228464,False,shallow_outside,1-3,True,False,,,1.925,99.74093264248705,False,,,1.925,3.1729017043627477
NXDT,under120,2026-07-29T14:36:00Z,morning,4.9528,-0.07250936329588015,False,shallow_outside,3-10,True,True,2026-07-29T14:45:00Z,5.1930221288967875,5.22,,False,,,4.603,-7.062671620093687
NXPG,under120,2026-07-29T13:37:00Z,morning,9.3903,-0.05052578361981806,False,shallow_outside,3-10,True,False,,,9.3903,98.01983298538623,True,8.575,-8.682363715749238,8.69,-7.457695707272402
NXPI,120to500,2026-07-29T14:36:00Z,morning,244.615,-0.05597792528558195,False,other_price_or_range,120-500,False,,,,,,,,,,
NXPX,under120,2026-07-29T13:37:00Z,morning,14.09,-0.05196369337181995,False,other_price_or_range,10-120,False,,,,,,,,,,
NXTT,under120,2026-07-29T19:37:00Z,afternoon,0.55,-0.08622694799800623,False,shallow_outside,<1,True,True,2026-07-29T19:40:00Z,2.0000000000000018,0.5737,,,,,0.5593,1.6909090909090863
NXXT,under120,2026-07-29T14:36:00Z,morning,0.2818,-0.057840187228351665,False,shallow_outside,<1,True,False,,,0.285,98.95833333333334,False,,,0.2633,-6.56493967352733
OC,120to500,2026-07-29T14:36:00Z,morning,135.47,-0.053517781038216986,False,other_price_or_range,120-500,False,,,,,,,,,,
OCC,under120,2026-07-29T14:36:00Z,morning,12.77,-0.06515373352855056,False,other_price_or_range,10-120,False,,,,,,,,,,
ODD,under120,2026-07-29T15:35:00Z,morning,16.13,-0.05061801059446731,False,other_price_or_range,10-120,False,,,,,,,,,,
OESX,under120,2026-07-29T19:37:00Z,afternoon,9.75,-0.05431619786614941,False,shallow_outside,3-10,True,False,,,9.75,97.98994974874373,,,,9.655,-0.974358974358981
OFAL,under120,2026-07-29T19:37:00Z,afternoon,0.0983,-0.09567617295308194,False,shallow_outside,<1,True,True,2026-07-29T19:40:00Z,2.7466937945066205,0.105,,,,,0.102,3.7639877924720193
OI,under120,2026-07-29T13:37:00Z,morning,7.345,-0.18929359823399566,True,in_bracket,3-10,True,True,2026-07-29T18:30:00Z,3.0633083730428936,7.69,,False,,,7.745,5.445881552076248
OILD,under120,2026-07-29T13:37:00Z,morning,36.4379,-0.0924557907845579,False,other_price_or_range,10-120,False,,,,,,,,,,
OKLO,under120,2026-07-29T19:37:00Z,afternoon,37.42,-0.05457301667508834,False,other_price_or_range,10-120,False,,,,,,,,,,
OLB,under120,2026-07-29T19:37:00Z,afternoon,0.2857,-0.07957474226804123,False,shallow_outside,<1,True,False,,,0.2857,97.84246575342466,,,,0.2826,-1.0850542527126326
OMC,under120,2026-07-29T13:37:00Z,morning,80.98,-0.06077476223614005,False,other_price_or_range,10-120,False,,,,,,,,,,
OMCL,under120,2026-07-29T19:37:00Z,afternoon,40.46,-0.06016260162601618,False,other_price_or_range,10-120,False,,,,,,,,,,
OMH,under120,2026-07-29T13:37:00Z,morning,0.13805,-0.0796666666666666,False,shallow_outside,<1,True,False,,,0.1411,100.07092198581562,True,0.1216,-11.915972473741403,0.125,-9.453096704092724
ONCO,under120,2026-07-29T19:37:00Z,afternoon,0.765,-0.07842428623057456,False,shallow_outside,<1,True,False,,,0.765,97.95134443021767,,,,0.7576,-0.9673202614379036
ONCY,under120,2026-07-29T14:36:00Z,morning,0.7507,-0.052266128014139615,False,shallow_outside,<1,True,False,,,0.7635,99.67362924281984,False,,,0.7486,-0.27973891035033843
ONDS,under120,2026-07-29T14:36:00Z,morning,7.39,-0.059796437659033155,False,shallow_outside,3-10,True,False,,,7.415,98.342175066313,True,7.185,-2.7740189445196224,6.825,-7.645466847090657
ONFO,under120,2026-07-29T13:37:00Z,morning,0.0984,-0.14285714285714285,True,in_bracket,<1,True,False,,,0.102,100.99009900990097,False,,,0.0899,-8.638211382113829
ONTO,120to500,2026-07-29T14:36:00Z,morning,221.625,-0.08377775021704076,False,other_price_or_range,120-500,False,,,,,,,,,,
OPK,under120,2026-07-29T14:36:00Z,morning,1.475,-0.10606060606060595,True,in_bracket,1-3,True,False,,,1.48,98.01324503311258,True,1.44,-2.3728813559322126,1.36,-7.796610169491524
OPTX,under120,2026-07-29T15:35:00Z,morning,6.05,-0.051724137931034496,False,shallow_outside,3-10,True,False,,,6.1376,99.31391585760518,False,,,5.87,-2.9752066115702434
ORIC,under120,2026-07-29T15:35:00Z,morning,11.15,-0.06381192275398823,False,other_price_or_range,10-120,False,,,,,,,,,,
ORKT,under120,2026-07-29T13:37:00Z,morning,0.95,-0.050000000000000044,False,shallow_outside,<1,True,True,2026-07-29T19:50:00Z,2.0000000000000018,1.0,,False,,,0.91,-4.210526315789466
ORN,under120,2026-07-29T13:37:00Z,morning,10.605,-0.11403508771929825,False,other_price_or_range,10-120,False,,,,,,,,,,
OSK,120to500,2026-07-29T14:36:00Z,morning,144.465,-0.05268852459016391,False,other_price_or_range,120-500,False,,,,,,,,,,
OSS,under120,2026-07-29T15:35:00Z,morning,11.08,-0.05702127659574467,False,other_price_or_range,10-120,False,,,,,,,,,,
OSW,under120,2026-07-29T15:35:00Z,morning,26.31,-0.0512080778939777,False,other_price_or_range,10-120,False,,,,,,,,,,
OUST,under120,2026-07-29T14:36:00Z,morning,32.04,-0.05514597463874956,False,other_price_or_range,10-120,False,,,,,,,,,,
OXM,under120,2026-07-29T15:35:00Z,morning,38.95,-0.05185004868549162,False,other_price_or_range,10-120,False,,,,,,,,,,
PACK,under120,2026-07-29T14:36:00Z,morning,5.965,-0.07231726283048209,False,shallow_outside,3-10,True,False,,,6.08,99.83579638752053,False,,,5.855,-1.8440905280804598
PALI,under120,2026-07-29T15:35:00Z,morning,1.91,-0.054455445544554504,False,shallow_outside,1-3,True,True,2026-07-29T18:40:00Z,3.141361256544505,1.98,,False,,,1.97,3.141361256544505
PASW,under120,2026-07-29T19:37:00Z,afternoon,0.1152,-0.06493506493506498,False,shallow_outside,<1,True,False,,,0.116,98.30508474576273,,,,0.116,0.6944444444444523
PAVM,under120,2026-07-29T19:37:00Z,afternoon,5.1,-0.05204460966542756,False,shallow_outside,3-10,True,False,,,5.1,,,,,,
PBM,under120,2026-07-29T19:37:00Z,afternoon,3.0,-0.050632911392405104,False,shallow_outside,3-10,True,False,,,3.01,98.36601307189542,,,,2.981,-0.6333333333333375
PCLA,under120,2026-07-29T13:37:00Z,morning,5.49,-0.061538461538461445,False,shallow_outside,3-10,True,False,,,5.67,101.25,False,,,4.931,-10.182149362477235
PCSA,under120,2026-07-29T13:37:00Z,morning,1.8846,-0.38209836065573766,False,other_price_or_range,1-3,False,,,,,,,,,,
PDC,under120,2026-07-29T19:37:00Z,afternoon,3.1,-0.1689008042895442,True,in_bracket,3-10,True,True,2026-07-29T19:45:00Z,2.2580645161290267,3.5299,,,,,3.77,21.61290322580645
PDFS,under120,2026-07-29T15:35:00Z,morning,42.11,-0.05561785153621897,False,other_price_or_range,10-120,False,,,,,,,,,,
PDS,under120,2026-07-29T14:36:00Z,morning,73.33,-0.06311485882202629,False,other_price_or_range,10-120,False,,,,,,,,,,
PENG,under120,2026-07-29T19:37:00Z,afternoon,45.405,-0.05661749428630794,False,other_price_or_range,10-120,False,,,,,,,,,,
PEPG,under120,2026-07-29T19:37:00Z,afternoon,1.72,-0.06010928961748639,False,shallow_outside,1-3,True,False,,,1.725,98.01136363636364,,,,1.7,-1.1627906976744196
PFSA,under120,2026-07-29T13:37:00Z,morning,0.965,-0.07211538461538468,False,shallow_outside,<1,True,True,2026-07-29T14:15:00Z,5.699481865284979,1.02,,False,,,1.0156,5.243523316062185
PII,under120,2026-07-29T14:36:00Z,morning,66.83,-0.06648973320296138,False,other_price_or_range,10-120,False,,,,,,,,,,
PJT,120to500,2026-07-29T19:38:00Z,afternoon,164.51,-0.05033770132194192,False,other_price_or_range,120-500,False,,,,,,,,,,
PKE,under120,2026-07-29T14:36:00Z,morning,32.5,-0.05413271245634457,False,other_price_or_range,10-120,False,,,,,,,,,,
PLBL,under120,2026-07-29T13:37:00Z,morning,6.37,-0.05629629629629628,False,shallow_outside,3-10,True,True,2026-07-29T14:50:00Z,5.023547880690742,6.73,,False,,,5.77,-9.419152276295142
PLSE,under120,2026-07-29T15:35:00Z,morning,33.38,-0.05892303354947833,False,other_price_or_range,10-120,False,,,,,,,,,,
PLTL,under120,2026-07-29T13:37:00Z,morning,29.8,-0.06738021469032637,False,other_price_or_range,10-120,False,,,,,,,,,,
PLUR,under120,2026-07-29T19:37:00Z,afternoon,1.58,-0.059523809523809444,False,shallow_outside,1-3,True,False,,,1.58,,,,,,
PLXS,120to500,2026-07-29T15:35:00Z,morning,236.39,-0.0547424824056303,False,other_price_or_range,120-500,False,,,,,,,,,,
PMN,under120,2026-07-29T14:36:00Z,morning,13.695,-0.05681818181818177,False,other_price_or_range,10-120,False,,,,,,,,,,
POAS,under120,2026-07-29T15:35:00Z,morning,0.185,-0.1594729668332576,True,in_bracket,<1,True,True,2026-07-29T15:40:00Z,5.405405405405411,0.2079,,False,,,0.2008,8.540540540540546
POCI,under120,2026-07-29T19:37:00Z,afternoon,4.17,-0.06081081081081091,False,shallow_outside,3-10,True,False,,,4.2477,99.71126760563381,,,,4.129,-0.9832134292566037
POLA,under120,2026-07-29T13:37:00Z,morning,1.5,-0.09090909090909086,False,shallow_outside,1-3,True,True,2026-07-29T13:45:00Z,5.3333333333333375,1.6012,,False,,,1.48,-1.3333333333333344
POWL,120to500,2026-07-29T14:36:00Z,morning,189.47,-0.057363184079601996,False,other_price_or_range,120-500,False,,,,,,,,,,
PPCB,under120,2026-07-29T14:36:00Z,morning,1.1168,-0.07702479338842971,False,shallow_outside,1-3,True,False,,,1.1499,100.86842105263159,False,,,0.9801,-12.240329512893986
PPG,under120,2026-07-29T13:37:00Z,morning,111.97,-0.05915469288295106,False,other_price_or_range,10-120,False,,,,,,,,,,
PPIH,under120,2026-07-29T19:37:00Z,afternoon,23.93,-0.058244785517512804,False,other_price_or_range,10-120,False,,,,,,,,,,
PRFX,under120,2026-07-29T19:37:00Z,afternoon,1.01,-0.056074766355140235,False,shallow_outside,1-3,True,False,,,1.02,98.07692307692307,,,,0.9876,-2.2178217821782154
PRG,under120,2026-07-29T13:37:00Z,morning,41.94,-0.06965394853593612,False,other_price_or_range,10-120,False,,,,,,,,,,
PRLD,under120,2026-07-29T14:36:00Z,morning,4.35,-0.06250000000000001,False,shallow_outside,3-10,True,True,2026-07-29T15:05:00Z,5.057471264367831,4.57,,False,,,4.72,8.505747126436784
PRPL,under120,2026-07-29T15:35:00Z,morning,7.7574,-0.05512789281364204,False,shallow_outside,3-10,True,True,2026-07-29T15:45:00Z,5.060974037693051,8.16,,False,,,7.93,2.2249722845283224
PRSO,under120,2026-07-29T14:36:00Z,morning,0.6252,-0.06686567164179114,False,shallow_outside,<1,True,False,,,0.6382,100.03134796238244,False,,,0.619,-0.9916826615483019
PRVT,under120,2026-07-29T13:37:00Z,morning,20.4,-0.05314458110930625,False,other_price_or_range,10-120,False,,,,,,,,,,
PRZO,under120,2026-07-29T15:35:00Z,morning,0.413,-0.07044789556605896,False,shallow_outside,<1,True,False,,,0.4199,99.50236966824644,False,,,0.3887,-5.88377723970944
PSCW,under120,2026-07-29T13:37:00Z,morning,27.74,-0.0787113915642644,False,other_price_or_range,10-120,False,,,,,,,,,,
PSIX,under120,2026-07-29T14:36:00Z,morning,25.99,-0.06845878136200717,False,other_price_or_range,10-120,False,,,,,,,,,,
PSN,under120,2026-07-29T13:37:00Z,morning,43.3,-0.30195066903111406,False,other_price_or_range,10-120,False,,,,,,,,,,
PSNY,under120,2026-07-29T15:35:00Z,morning,13.125,-0.06115879828326183,False,other_price_or_range,10-120,False,,,,,,,,,,
PSQH,under120,2026-07-29T13:37:00Z,morning,3.35,-0.09459459459459461,False,shallow_outside,3-10,True,True,2026-07-29T13:55:00Z,5.07462686567164,3.5899,,False,,,3.68,9.850746268656717
PTHS,under120,2026-07-29T14:36:00Z,morning,26.09,-0.06049693914296002,False,other_price_or_range,10-120,False,,,,,,,,,,
PUSA,under120,2026-07-29T14:36:00Z,morning,2.71,-0.05244755244755242,False,shallow_outside,1-3,True,True,2026-07-29T18:00:00Z,4.0590405904059,2.84,,False,,,2.78,2.583025830258297
PWCM,under120,2026-07-29T13:37:00Z,morning,1.75,-0.10714285714285712,True,in_bracket,1-3,True,True,2026-07-29T13:55:00Z,5.142857142857148,1.84,,False,,,1.76,0.571428571428572
PWP,under120,2026-07-29T14:36:00Z,morning,15.28,-0.0526968381897086,False,other_price_or_range,10-120,False,,,,,,,,,,
QBTS,under120,2026-07-29T14:36:00Z,morning,16.58,-0.05982421321236196,False,other_price_or_range,10-120,False,,,,,,,,,,
QCLS,under120,2026-07-29T19:37:00Z,afternoon,2.64,-0.07042253521126751,False,shallow_outside,1-3,True,False,,,2.64,97.77777777777777,,,,2.51,-4.924242424242436
QH,under120,2026-07-29T19:37:00Z,afternoon,4.29,-0.067391304347826,False,shallow_outside,3-10,True,False,,,4.29,97.94520547945206,,,,4.16,-3.030303030303028
QMLS,under120,2026-07-29T15:35:00Z,morning,6.0254,-0.07015432098765434,False,shallow_outside,3-10,True,True,2026-07-29T16:25:00Z,5.055266040428847,6.33,,False,,,6.325,4.972283997742886
QNC,under120,2026-07-29T19:37:00Z,afternoon,1.955,-0.05097087378640776,False,shallow_outside,1-3,True,False,,,1.97,98.5,,,,1.95,-0.2557544757033307
QNTM,under120,2026-07-29T15:35:00Z,morning,2.83,-0.05666666666666664,False,shallow_outside,1-3,True,False,,,2.89,100.0,False,,,2.82,-0.35335689045937213
QSI,under120,2026-07-29T19:37:00Z,afternoon,0.7222,-0.0504864580594269,False,shallow_outside,<1,True,False,,,0.7236,98.18181818181819,,,,0.7037,-2.5616172805317037
QUCY,under120,2026-07-29T15:35:00Z,morning,1.03,-0.05504587155963307,False,shallow_outside,1-3,True,True,2026-07-29T18:20:00Z,4.854368932038839,1.08,,False,,,1.05,1.9417475728155356
QXL,under120,2026-07-29T14:36:00Z,morning,4.36,-0.05627705627705623,False,shallow_outside,3-10,True,False,,,4.4736,100.53033707865168,False,,,4.211,-3.4174311926605507
QXO,under120,2026-07-29T14:36:00Z,morning,13.485,-0.05368421052631583,False,other_price_or_range,10-120,False,,,,,,,,,,
RADX,under120,2026-07-29T15:35:00Z,morning,3.09,-0.06646525679758314,False,shallow_outside,3-10,True,False,,,3.2,101.26582278481013,False,,,3.12,0.9708737864077751
RAIL,under120,2026-07-29T19:37:00Z,afternoon,8.05,-0.05627198124267276,False,shallow_outside,3-10,True,False,,,8.08,98.29683698296836,,,,8.005,-0.5590062111801233
RAYA,under120,2026-07-29T14:36:00Z,morning,2.25,-0.07028635180364454,False,shallow_outside,1-3,True,False,,,2.25,97.82608695652175,,,,2.13,-5.3333333333333375
RBNE,under120,2026-07-29T19:37:00Z,afternoon,2.5,-0.05303030303030307,False,shallow_outside,1-3,True,True,2026-07-29T19:40:00Z,1.9999999999999927,2.5599,,,,,2.5,0.0
RCAT,under120,2026-07-29T14:36:00Z,morning,7.025,-0.057046979865771785,False,shallow_outside,3-10,True,False,,,7.17,100.0,True,6.89,-1.9217081850533904,6.77,-3.6298932384341747
RCON,under120,2026-07-29T15:35:00Z,morning,0.4052,-0.07255664911879149,False,shallow_outside,<1,True,False,,,0.4258,101.86602870813397,False,,,0.353,-12.882527147087863
RDGT,under120,2026-07-29T13:37:00Z,morning,0.985,-0.15086206896551718,True,in_bracket,<1,True,True,2026-07-29T14:05:00Z,5.58375634517767,1.04,,False,,,0.7607,-22.771573604060908
RDW,under120,2026-07-29T14:36:00Z,morning,8.095,-0.055425904317386185,False,shallow_outside,3-10,True,True,2026-07-29T18:55:00Z,3.026559604694246,8.35,,False,,,7.78,-3.89129092032119
RDWR,under120,2026-07-29T13:37:00Z,morning,26.46,-0.06203473945409429,False,other_price_or_range,10-120,False,,,,,,,,,,
REFR,under120,2026-07-29T19:37:00Z,afternoon,0.4103,-0.06088349736781875,False,shallow_outside,<1,True,False,,,0.4103,97.9236276849642,,,,0.3975,-3.119668535218128
RELL,under120,2026-07-29T15:35:00Z,morning,17.515,-0.06636460554371007,False,other_price_or_range,10-120,False,,,,,,,,,,
REPL,under120,2026-07-29T14:36:00Z,morning,4.8069,-0.10151401869158877,True,in_bracket,3-10,True,True,2026-07-29T14:50:00Z,5.05731344525578,5.08,,False,,,5.43,12.962616239156214
REZI,under120,2026-07-29T15:35:00Z,morning,34.75,-0.05184174624829464,False,other_price_or_range,10-120,False,,,,,,,,,,
RFL,under120,2026-07-29T19:37:00Z,afternoon,1.97,-0.061904761904761955,False,shallow_outside,1-3,True,False,,,1.97,98.00995024875623,,,,1.965,-0.25380710659897937
RGC,under120,2026-07-29T19:37:00Z,afternoon,5.67,-0.05025125628140701,False,shallow_outside,3-10,True,True,2026-07-29T19:55:00Z,2.1164021164021185,5.79,,,,,5.79,2.1164021164021185
RGTI,under120,2026-07-29T14:36:00Z,morning,13.725,-0.05475206611570248,False,other_price_or_range,10-120,False,,,,,,,,,,
RHLD,120to500,2026-07-29T15:35:00Z,morning,125.84,-0.05461648260836909,False,other_price_or_range,120-500,False,,,,,,,,,,
RIOT,under120,2026-07-29T14:36:00Z,morning,19.93,-0.06167608286252348,False,other_price_or_range,10-120,False,,,,,,,,,,
RITR,under120,2026-07-29T13:37:00Z,morning,0.0715,-0.052980132450331174,False,shallow_outside,<1,True,True,2026-07-29T13:55:00Z,6.2937062937062995,0.0766,,False,,,0.0728,1.8181818181818317
RKLB,under120,2026-07-29T19:37:00Z,afternoon,59.705,-0.06550320863984978,False,other_price_or_range,10-120,False,,,,,,,,,,
RKTO,under120,2026-07-29T14:36:00Z,morning,0.7325,-0.06077702269521733,False,shallow_outside,<1,True,True,2026-07-29T15:35:00Z,5.119453924914672,0.7754,,False,,,0.7599,3.740614334470987
RMSG,under120,2026-07-29T13:37:00Z,morning,0.3277,-0.13192052980132454,True,in_bracket,<1,True,True,2026-07-29T13:40:00Z,5.2792187976808,0.3548,,False,,,0.339,3.448275862068975
ROCK,under120,2026-07-29T14:36:00Z,morning,43.64,-0.0661245452600042,False,other_price_or_range,10-120,False,,,,,,,,,,
ROLR,under120,2026-07-29T15:35:00Z,morning,5.75,-0.06807131280388978,False,shallow_outside,3-10,True,False,,,5.9,100.51107325383306,False,,,5.745,-0.08695652173912859
ROOT,under120,2026-07-29T14:36:00Z,morning,57.1876,-0.06860586319218233,False,other_price_or_range,10-120,False,,,,,,,,,,
RR,under120,2026-07-29T14:36:00Z,morning,1.345,-0.06597222222222221,False,shallow_outside,1-3,True,True,2026-07-29T18:00:00Z,4.0892193308550135,1.4,,False,,,1.355,0.7434944237918222
RRX,120to500,2026-07-29T14:36:00Z,morning,190.91,-0.0592322475730548,False,other_price_or_range,120-500,False,,,,,,,,,,
RTB,under120,2026-07-29T19:37:00Z,afternoon,16.35,-0.12939297124600638,False,other_price_or_range,10-120,False,,,,,,,,,,
RYAM,under120,2026-07-29T19:37:00Z,afternoon,8.27,-0.055936073059360755,False,shallow_outside,3-10,True,False,,,8.35,98.93364928909952,,,,8.345,0.9068923821040032
RYM,under120,2026-07-29T19:37:00Z,afternoon,18.0,-0.05263157894736842,False,other_price_or_range,10-120,False,,,,,,,,,,
RYOJ,under120,2026-07-29T13:37:00Z,morning,4.3501,-0.12823647294589177,True,in_bracket,3-10,True,True,2026-07-29T15:10:00Z,5.055056205604468,4.58,,False,,,4.56,4.8251764327256685
RYZ,under120,2026-07-29T15:35:00Z,morning,29.23,-0.05800837898807608,False,other_price_or_range,10-120,False,,,,,,,,,,
SANA,under120,2026-07-29T14:36:00Z,morning,3.075,-0.06534954407294828,False,shallow_outside,3-10,True,True,2026-07-29T18:00:00Z,4.0650406504065035,3.207,,False,,,3.185,3.5772357723577195
SATL,under120,2026-07-29T15:35:00Z,morning,3.34,-0.05382436260623228,False,shallow_outside,3-10,True,True,2026-07-29T18:50:00Z,3.293413173652705,3.465,,False,,,3.31,-0.8982035928143655
SBEV,under120,2026-07-29T14:36:00Z,morning,0.3305,-0.06267725467952356,False,shallow_outside,<1,True,False,,,0.335,99.11242603550295,False,,,0.3175,-3.933434190620275
SBFM,under120,2026-07-29T14:36:00Z,morning,1.3,-0.09090909090909084,False,shallow_outside,1-3,True,False,,,1.32,99.24812030075188,False,,,1.245,-4.230769230769226
SCNI,under120,2026-07-29T15:35:00Z,morning,0.25,-0.05303030303030307,False,shallow_outside,<1,True,True,2026-07-29T18:20:00Z,4.0000000000000036,0.26,,False,,,0.2667,6.679999999999997
SCO,under120,2026-07-29T13:37:00Z,morning,27.3,-0.07739101047651231,False,other_price_or_range,10-120,False,,,,,,,,,,
SCWO,under120,2026-07-29T19:37:00Z,afternoon,2.08,-0.06094808126410826,False,shallow_outside,1-3,True,True,2026-07-29T19:55:00Z,2.4038461538461453,2.136,,,,,2.11,1.4423076923076827
SDOT,under120,2026-07-29T14:36:00Z,morning,14.1,-0.05748663101604286,False,other_price_or_range,10-120,False,,,,,,,,,,
SDST,under120,2026-07-29T14:36:00Z,morning,1.2129,-0.06699999999999996,False,shallow_outside,1-3,True,False,,,1.2299,99.18548387096774,False,,,0.9749,-19.622392612746317
SEAT,under120,2026-07-29T14:36:00Z,morning,7.61,-0.05700123915737298,False,shallow_outside,3-10,True,False,,,7.83,100.77220077220078,True,7.515,-1.2483574244415327,7.505,-1.379763469119585
SECZ,under120,2026-07-29T19:37:00Z,afternoon,6.72,-0.05084745762711869,False,shallow_outside,3-10,True,False,,,6.73,98.10495626822157,,,,6.62,-1.4880952380952328
SEGG,under120,2026-07-29T15:35:00Z,morning,0.55,-0.05498281786941567,False,shallow_outside,<1,True,True,2026-07-29T15:35:00Z,5.090909090909075,0.5798,,False,,,0.554,0.7272727272727278
SEI,under120,2026-07-29T15:35:00Z,morning,44.15,-0.06679348974846763,False,other_price_or_range,10-120,False,,,,,,,,,,
SERV,under120,2026-07-29T14:36:00Z,morning,4.465,-0.050000000000000065,False,shallow_outside,3-10,True,False,,,4.5799,100.43640350877195,False,,,4.37,-2.1276595744680793
SGI,under120,2026-07-29T14:36:00Z,morning,67.82,-0.059361997226074915,False,other_price_or_range,10-120,False,,,,,,,,,,
SHAZ,under120,2026-07-29T14:36:00Z,morning,42.41,-0.05713650511338374,False,other_price_or_range,10-120,False,,,,,,,,,,
SHFS,under120,2026-07-29T14:36:00Z,morning,0.182,-0.06088751289989683,False,shallow_outside,<1,True,False,,,0.1832,98.49462365591398,False,,,0.1735,-4.670329670329674
SHLS,under120,2026-07-29T19:37:00Z,afternoon,7.975,-0.06615925058548004,False,shallow_outside,3-10,True,False,,,8.005,98.34152334152334,,,,7.935,-0.5015673981191228
SHMD,under120,2026-07-29T14:36:00Z,morning,3.8,-0.05236907730673316,False,shallow_outside,3-10,True,False,,,3.88,100.0,False,,,3.63,-4.473684210526314
SHPH,under120,2026-07-29T15:35:00Z,morning,2.63,-0.057347670250896106,False,shallow_outside,1-3,True,True,2026-07-29T18:40:00Z,3.041825095057037,2.75,,True,2.6799,1.8973384030418272,2.79,6.083650190114074
SID,under120,2026-07-29T15:35:00Z,morning,1.045,-0.05000000000000014,False,shallow_outside,1-3,True,False,,,1.06,99.06542056074767,False,,,1.035,-0.956937799043063
SILC,under120,2026-07-29T19:37:00Z,afternoon,35.585,-0.06404523934771178,False,other_price_or_range,10-120,False,,,,,,,,,,
SILO,under120,2026-07-29T15:35:00Z,morning,4.2034,-0.05753363228699545,False,shallow_outside,3-10,True,False,,,4.34,101.16550116550115,True,4.22,0.39491839939095735,4.2,-0.08088690108007968
SITE,under120,2026-07-29T13:37:00Z,morning,93.26,-0.09867594471827577,False,other_price_or_range,10-120,False,,,,,,,,,,
SITM,120to500,2026-07-29T14:36:00Z,morning,465.81,-0.05149664019547957,False,other_price_or_range,120-500,False,,,,,,,,,,
SKIN,under120,2026-07-29T19:37:00Z,afternoon,0.6613,-0.05339249928428285,False,shallow_outside,<1,True,False,,,0.6637,98.32592592592592,,,,0.6511,-1.5424164524421575
SKYA,under120,2026-07-29T14:36:00Z,morning,1.32,-0.05714285714285704,False,shallow_outside,1-3,True,True,2026-07-29T17:45:00Z,4.5454545454545325,1.38,,False,,,1.35,2.2727272727272747
SKYU,under120,2026-07-29T13:37:00Z,morning,35.33,-0.06240462826585994,False,other_price_or_range,10-120,False,,,,,,,,,,
SLGB,under120,2026-07-29T14:36:00Z,morning,0.53,-0.06755805770584093,False,shallow_outside,<1,True,True,2026-07-29T18:55:00Z,3.0188679245283043,0.5499,,False,,,0.5338,0.7169811320754764
SLGN,under120,2026-07-29T13:37:00Z,morning,43.41,-0.09581337221412209,False,other_price_or_range,10-120,False,,,,,,,,,,
SLND,under120,2026-07-29T19:37:00Z,afternoon,0.5756,-0.07146313921600259,False,shallow_outside,<1,True,False,,,0.5846,99.42176870748301,,,,0.5729,-0.4690757470465663
SLQT,under120,2026-07-29T19:37:00Z,afternoon,0.7001,-0.06615979725223434,False,shallow_outside,<1,True,False,,,0.7065,98.81118881118883,,,,0.6984,-0.24282245393514126
SLXN,under120,2026-07-29T13:37:00Z,morning,1.96,-0.20000000000000007,True,in_bracket,1-3,True,True,2026-07-29T13:40:00Z,5.102040816326536,2.06,,False,,,1.6,-18.3673469387755
SMCI,under120,2026-07-29T14:36:00Z,morning,26.99,-0.0513181019332162,False,other_price_or_range,10-120,False,,,,,,,,,,
SMG,under120,2026-07-29T14:36:00Z,morning,67.505,-0.07653898768809848,False,other_price_or_range,10-120,False,,,,,,,,,,
SMR,under120,2026-07-29T19:37:00Z,afternoon,7.7,-0.06326034063260345,False,shallow_outside,3-10,True,False,,,7.725,98.2824427480916,,,,7.58,-1.5584415584415598
SMTC,under120,2026-07-29T15:35:00Z,morning,104.99,-0.056693620844564266,False,other_price_or_range,10-120,False,,,,,,,,,,
SMTK,under120,2026-07-29T13:37:00Z,morning,0.188,-0.09658817876021146,False,shallow_outside,<1,True,True,2026-07-29T13:35:00Z,5.319148936170218,0.2,,False,,,0.201,6.914893617021282
SNT,under120,2026-07-29T19:37:00Z,afternoon,1.63,-0.06321839080459776,False,shallow_outside,1-3,True,True,2026-07-29T19:40:00Z,2.4539877300613524,1.6999,,,,,1.68,3.06748466257669
SNTG,under120,2026-07-29T14:36:00Z,morning,1.7,-0.06077348066298348,False,shallow_outside,1-3,True,False,,,1.7426,100.14942528735631,False,,,1.71,0.5882352941176475
SNTI,under120,2026-07-29T14:36:00Z,morning,0.36,-0.05660377358490568,False,shallow_outside,<1,True,False,,,0.36,97.82608695652173,False,,,0.3437,-4.527777777777773
SOBR,under120,2026-07-29T13:37:00Z,morning,0.575,-0.053497942386831414,False,shallow_outside,<1,True,False,,,0.585,99.65928449744463,False,,,0.5782,0.5565217391304508
SOFA,under120,2026-07-29T13:37:00Z,morning,10.325,-0.18685420866935487,False,other_price_or_range,10-120,False,,,,,,,,,,
SOFI,under120,2026-07-29T13:37:00Z,morning,15.185,-0.09289127837514922,False,other_price_or_range,10-120,False,,,,,,,,,,
SOFX,under120,2026-07-29T13:37:00Z,morning,7.07,-0.181712962962963,True,in_bracket,3-10,True,True,2026-07-29T17:20:00Z,5.091937765205084,7.45,,False,,,7.105,0.49504950495049704
SOLS,under120,2026-07-29T15:35:00Z,morning,54.4,-0.05077647879951149,False,other_price_or_range,10-120,False,,,,,,,,,,
SOUN,under120,2026-07-29T14:36:00Z,morning,5.925,-0.050480769230769294,False,shallow_outside,3-10,True,False,,,5.99,99.00826446280992,False,,,5.72,-3.4599156118143473
SPIR,under120,2026-07-29T14:36:00Z,morning,10.8,-0.050131926121371906,False,other_price_or_range,10-120,False,,,,,,,,,,
SPRU,under120,2026-07-29T19:37:00Z,afternoon,1.95,-0.0714285714285715,False,shallow_outside,1-3,True,True,2026-07-29T19:55:00Z,2.051282051282053,1.99,,,,,1.96,0.5128205128205132
SPXC,120to500,2026-07-29T14:36:00Z,morning,192.905,-0.055683375758762484,False,other_price_or_range,120-500,False,,,,,,,,,,
SRFM,under120,2026-07-29T14:36:00Z,morning,0.7106,-0.07654320987654316,False,shallow_outside,<1,True,False,,,0.7299,100.67586206896553,True,0.7094,-0.16887137630171387,0.6975,-1.8435125246270758
SRI,under120,2026-07-29T19:37:00Z,afternoon,6.98,-0.05420054200541998,False,shallow_outside,3-10,True,False,,,7.1,99.7191011235955,,,,7.09,1.5759312320916823
SSII,under120,2026-07-29T15:35:00Z,morning,3.72,-0.053435114503816786,False,shallow_outside,3-10,True,True,2026-07-29T16:00:00Z,5.107526881720428,3.95,,False,,,3.93,5.645161290322579
SSM,under120,2026-07-29T19:37:00Z,afternoon,3.89,-0.06937799043062191,False,shallow_outside,3-10,True,False,,,3.89,,,,,,
SSMR,under120,2026-07-29T15:35:00Z,morning,13.215,-0.05404438081603441,False,other_price_or_range,10-120,False,,,,,,,,,,
STEM,under120,2026-07-29T15:35:00Z,morning,5.04,-0.05440900562851783,False,shallow_outside,3-10,True,False,,,5.235,101.6504854368932,False,,,4.96,-1.5873015873015885
STEX,under120,2026-07-29T14:36:00Z,morning,0.6765,-0.07303370786516857,False,shallow_outside,<1,True,True,2026-07-29T18:40:00Z,3.030303030303025,0.6977,,False,,,0.6808,0.6356245380635581
STYL,under120,2026-07-29T13:37:00Z,morning,25.57,-0.06398026195374437,False,other_price_or_range,10-120,False,,,,,,,,,,
SUPX,under120,2026-07-29T19:37:00Z,afternoon,5.91,-0.10182370820668692,True,in_bracket,3-10,True,True,2026-07-29T19:35:00Z,2.0304568527918803,6.05,,,,,5.845,-1.099830795262274
SVCO,under120,2026-07-29T15:35:00Z,morning,7.095,-0.05651595744680849,False,shallow_outside,3-10,True,False,,,7.315,101.03591160220995,True,7.04,-0.7751937984496085,6.905,-2.677942212825927
SW,under120,2026-07-29T13:37:00Z,morning,47.75,-0.060039370078740106,False,other_price_or_range,10-120,False,,,,,,,,,,
SWKS,under120,2026-07-29T13:37:00Z,morning,59.56,-0.0791589363017935,False,other_price_or_range,10-120,False,,,,,,,,,,
SXI,120to500,2026-07-29T19:38:00Z,afternoon,278.665,-0.05093317893876433,False,other_price_or_range,120-500,False,,,,,,,,,,
SXTC,under120,2026-07-29T13:37:00Z,morning,0.0476,-0.17361111111111102,True,in_bracket,<1,True,True,2026-07-29T14:20:00Z,5.042016806722687,0.0505,,False,,,0.0519,9.033613445378148
TAOP,under120,2026-07-29T14:36:00Z,morning,0.6543,-0.10369863013698628,True,in_bracket,<1,True,True,2026-07-29T14:45:00Z,5.1505425645728184,0.71,,False,,,0.7,6.98456365581537
TATT,under120,2026-07-29T14:36:00Z,morning,40.03,-0.05029655990510077,False,other_price_or_range,10-120,False,,,,,,,,,,
TBCH,under120,2026-07-29T19:37:00Z,afternoon,12.24,-0.05918524212144501,False,other_price_or_range,10-120,False,,,,,,,,,,
TC,under120,2026-07-29T14:36:00Z,morning,2.18,-0.05627705627705623,False,shallow_outside,1-3,True,True,2026-07-29T19:05:00Z,3.2110091743119193,2.2641,,False,,,2.271,4.174311926605493
TDIC,under120,2026-07-29T14:36:00Z,morning,2.35,-0.06374501992031861,False,shallow_outside,1-3,True,False,,,2.38,99.16666666666667,False,,,2.38,1.2765957446808427
TE,under120,2026-07-29T14:36:00Z,morning,3.82,-0.07951807228915675,False,shallow_outside,3-10,True,True,2026-07-29T18:50:00Z,3.141361256544505,3.94,,False,,,3.72,-2.61780104712041
TECX,under120,2026-07-29T15:35:00Z,morning,28.275,-0.051174496644295374,False,other_price_or_range,10-120,False,,,,,,,,,,
TELG,under120,2026-07-29T13:37:00Z,morning,13.14,-0.08233815210559398,False,other_price_or_range,10-120,False,,,,,,,,,,
TENX,under120,2026-07-29T14:36:00Z,morning,14.96,-0.05316455696202531,False,other_price_or_range,10-120,False,,,,,,,,,,
TEX,under120,2026-07-29T14:36:00Z,morning,64.88,-0.0549162418062638,False,other_price_or_range,10-120,False,,,,,,,,,,
TGL,under120,2026-07-29T13:37:00Z,morning,2.925,-0.07728706624605682,False,shallow_outside,1-3,True,True,2026-07-29T19:45:00Z,2.2222222222222356,3.04,,False,,,3.005,2.7350427350427373
TGLS,under120,2026-07-29T19:37:00Z,afternoon,44.83,-0.050614146548072864,False,other_price_or_range,10-120,False,,,,,,,,,,
TITN,under120,2026-07-29T14:36:00Z,morning,18.535,-0.05626272912423627,False,other_price_or_range,10-120,False,,,,,,,,,,
TKR,120to500,2026-07-29T19:38:00Z,afternoon,132.82,-0.05074328187535731,False,other_price_or_range,120-500,False,,,,,,,,,,
TLRY,under120,2026-07-29T13:37:00Z,morning,3.755,-0.06823821339950381,False,shallow_outside,3-10,True,True,2026-07-29T18:00:00Z,4.127829560585893,3.915,,False,,,3.9899,6.255659121171774
TMS,under120,2026-07-29T19:37:00Z,afternoon,5.365,-0.0628820960698689,False,shallow_outside,3-10,True,False,,,5.425,98.99635036496349,,,,5.425,1.118359739049387
TNMG,under120,2026-07-29T13:37:00Z,morning,0.345,-0.11288248907174094,True,in_bracket,<1,True,True,2026-07-29T13:40:00Z,5.2173913043478315,0.3674,,False,,,0.3799,10.11594202898552
TOMZ,under120,2026-07-29T13:37:00Z,morning,1.545,-0.06363636363636363,False,shallow_outside,1-3,True,True,2026-07-29T13:35:00Z,5.501618122977344,1.6504,,False,,,1.53,-0.9708737864077607
TONX,under120,2026-07-29T14:36:00Z,morning,3.01,-0.07951070336391444,False,shallow_outside,3-10,True,False,,,3.1,100.64935064935065,False,,,3.0,-0.3322259136212554
TOPS,under120,2026-07-29T13:37:00Z,morning,0.68,-0.08306364617044226,False,shallow_outside,<1,True,False,,,0.6921,99.72622478386168,False,,,0.651,-4.264705882352945
TRAW,under120,2026-07-29T15:35:00Z,morning,0.4862,-0.05224171539961012,False,shallow_outside,<1,True,False,,,0.4924,99.2741935483871,False,,,0.486,-0.0411353352529892
TRN,under120,2026-07-29T19:37:00Z,afternoon,35.93,-0.056212240609403746,False,other_price_or_range,10-120,False,,,,,,,,,,
TRNS,under120,2026-07-29T15:35:00Z,morning,81.16,-0.05704658998489598,False,other_price_or_range,10-120,False,,,,,,,,,,
TRT,under120,2026-07-29T14:36:00Z,morning,9.24,-0.06192893401015223,False,shallow_outside,3-10,True,False,,,9.4499,100.21102863202545,False,,,9.008,-2.5108225108225226
TSAT,under120,2026-07-29T14:36:00Z,morning,34.87,-0.05731278723979466,False,other_price_or_range,10-120,False,,,,,,,,,,
TSEM,120to500,2026-07-29T15:35:00Z,morning,190.87,-0.05970737474752453,False,other_price_or_range,120-500,False,,,,,,,,,,
TTAM,under120,2026-07-29T14:36:00Z,morning,16.68,-0.053348467650397344,False,other_price_or_range,10-120,False,,,,,,,,,,
TTMI,under120,2026-07-29T15:35:00Z,morning,102.87,-0.05354678443279044,False,other_price_or_range,10-120,False,,,,,,,,,,
TTRX,under120,2026-07-29T14:36:00Z,morning,7.27,-0.05584415584415592,False,shallow_outside,3-10,True,True,2026-07-29T18:00:00Z,4.126547455295746,7.605,,False,,,7.42,2.063273727647873
TVGN,under120,2026-07-29T13:37:00Z,morning,5.3,-0.051878354203935606,False,shallow_outside,3-10,True,True,2026-07-29T16:35:00Z,5.094339622641518,5.7,,,,,5.76,8.679245283018867
TWAV,under120,2026-07-29T14:36:00Z,morning,1.12,-0.07438016528925609,False,shallow_outside,1-3,True,False,,,1.14,99.13043478260869,False,,,1.1,-1.785714285714287
TWG,under120,2026-07-29T13:37:00Z,morning,2.3801,-0.07410721232397109,False,shallow_outside,1-3,True,True,2026-07-29T13:50:00Z,5.037603462039406,2.5028,,False,,,2.4803,4.2099071467585425
TWI,under120,2026-07-29T14:36:00Z,morning,7.765,-0.05764563106796123,False,shallow_outside,3-10,True,False,,,7.84,98.86506935687264,True,7.565,-2.575660012878291,7.67,-1.2234385061171895
TWN,under120,2026-07-29T15:35:00Z,morning,77.7,-0.05116619855904259,False,other_price_or_range,10-120,False,,,,,,,,,,
UAMY,under120,2026-07-29T15:35:00Z,morning,4.92,-0.055662188099808066,False,shallow_outside,3-10,True,True,2026-07-29T18:40:00Z,3.048780487804885,5.08,,False,,,4.905,-0.3048780487804813
UAVS,under120,2026-07-29T15:35:00Z,morning,0.6644,-0.05017869907076486,False,shallow_outside,<1,True,False,,,0.686,101.17994100294985,False,,,0.666,0.24081878386514838
UCTT,under120,2026-07-29T14:36:00Z,morning,73.1225,-0.056483870967741906,False,other_price_or_range,10-120,False,,,,,,,,,,
UMAC,under120,2026-07-29T14:36:00Z,morning,18.635,-0.06450803212851405,False,other_price_or_range,10-120,False,,,,,,,,,,
UMAL,under120,2026-07-29T13:37:00Z,morning,10.1401,-0.06628913443830563,False,other_price_or_range,10-120,False,,,,,,,,,,
UNM,under120,2026-07-29T14:36:00Z,morning,82.9483,-0.05665529398385083,False,other_price_or_range,10-120,False,,,,,,,,,,
UPSX,under120,2026-07-29T13:37:00Z,morning,12.99,-0.05458515283842795,False,other_price_or_range,10-120,False,,,,,,,,,,
UPXI,under120,2026-07-29T14:36:00Z,morning,0.8296,-0.0583427922814983,False,shallow_outside,<1,True,False,,,0.8308,98.08736717827628,True,0.8058,-2.8688524590163986,0.7937,-4.327386692381876
USAR,under120,2026-07-29T19:37:00Z,afternoon,13.19,-0.061877667140825106,False,other_price_or_range,10-120,False,,,,,,,,,,
USAS,under120,2026-07-29T15:35:00Z,morning,3.685,-0.05025773195876285,False,shallow_outside,3-10,True,True,2026-07-29T18:45:00Z,3.1207598371777414,3.835,,False,,,3.655,-0.8141112618724626
USDE,under120,2026-07-29T15:35:00Z,morning,1.56,-0.07692307692307686,False,shallow_outside,1-3,True,True,2026-07-29T18:50:00Z,3.2051282051282075,1.65,,False,,,1.52,-2.5641025641025665
UXIN,under120,2026-07-29T14:36:00Z,morning,1.345,-0.05944055944055942,False,shallow_outside,1-3,True,True,2026-07-29T18:35:00Z,3.345724907063192,1.4,,False,,,1.395,3.7174721189591113
VBIO,under120,2026-07-29T13:37:00Z,morning,0.27,-0.061848505906879715,False,shallow_outside,<1,True,False,,,0.2782,100.79710144927536,False,,,0.2702,0.07407407407406591
VCIG,under120,2026-07-29T14:36:00Z,morning,0.3256,-0.06329113924050637,False,shallow_outside,<1,True,True,2026-07-29T15:35:00Z,5.036855036855044,0.3434,,False,,,0.3899,19.748157248157256
VEEE,under120,2026-07-29T13:37:00Z,morning,12.785,-0.14194630872483222,False,other_price_or_range,10-120,False,,,,,,,,,,
VEFA,under120,2026-07-29T13:37:00Z,morning,75.73,-0.052394228026006795,False,other_price_or_range,10-120,False,,,,,,,,,,
VELO,under120,2026-07-29T14:36:00Z,morning,8.91,-0.0561440677966101,False,shallow_outside,3-10,True,True,2026-07-29T19:00:00Z,3.0303030303030254,9.18,,False,,,8.435,-5.331088664421993
VENU,under120,2026-07-29T14:36:00Z,morning,2.17,-0.05652173913043474,False,shallow_outside,1-3,True,False,,,2.25,101.35135135135134,False,,,2.08,-4.1474654377880125
VFC,under120,2026-07-29T13:37:00Z,morning,15.69,-0.14027397260273974,False,other_price_or_range,10-120,False,,,,,,,,,,
VGAS,under120,2026-07-29T19:37:00Z,afternoon,1.02,-0.08928571428571436,False,shallow_outside,1-3,True,True,2026-07-29T19:55:00Z,2.9411764705882377,1.06,,,,,1.06,3.921568627450984
VIAV,under120,2026-07-29T14:36:00Z,morning,33.14,-0.05584045584045586,False,other_price_or_range,10-120,False,,,,,,,,,,
VICR,120to500,2026-07-29T15:35:00Z,morning,182.315,-0.05103581095148869,False,other_price_or_range,120-500,False,,,,,,,,,,
VIDA,under120,2026-07-29T14:36:00Z,morning,2.5707,-0.05938529088913286,False,shallow_outside,1-3,True,False,,,2.61,99.23954372623575,False,,,2.35,-8.585210254016411
VIP,under120,2026-07-29T19:37:00Z,afternoon,1.98,-0.05714285714285719,False,shallow_outside,1-3,True,False,,,1.98,98.01980198019803,,,,1.95,-1.5151515151515165
VIVO,under120,2026-07-29T19:37:00Z,afternoon,3.32,-0.1443298969072165,True,in_bracket,3-10,True,False,,,3.35,98.82005899705014,,,,3.18,-4.216867469879508
VIVS,under120,2026-07-29T13:37:00Z,morning,0.3611,-0.054464519507724636,False,shallow_outside,<1,True,False,,,0.37,100.27100271002709,False,,,0.345,-4.4585987261146505
VNET,under120,2026-07-29T14:36:00Z,morning,6.385,-0.05407407407407411,False,shallow_outside,3-10,True,False,,,6.485,99.46319018404908,True,6.21,-2.7407987470634274,6.285,-1.5661707126076687
VNRX,under120,2026-07-29T14:36:00Z,morning,0.765,-0.1013743686127099,True,in_bracket,<1,True,True,2026-07-29T19:15:00Z,3.006535947712421,0.8036,,False,,,0.768,0.39215686274509837
VNSE,under120,2026-07-29T13:37:00Z,morning,36.85,-0.11325971503993335,False,other_price_or_range,10-120,False,,,,,,,,,,
VOYG,under120,2026-07-29T14:36:00Z,morning,23.84,-0.07056530214424947,False,other_price_or_range,10-120,False,,,,,,,,,,
VPG,under120,2026-07-29T14:36:00Z,morning,85.36,-0.07096212451023069,False,other_price_or_range,10-120,False,,,,,,,,,,
VRA,under120,2026-07-29T19:37:00Z,afternoon,3.47,-0.05191256830601091,False,shallow_outside,3-10,True,False,,,3.475,98.1638418079096,,,,3.45,-0.5763688760806921
VRNS,under120,2026-07-29T13:37:00Z,morning,42.24,-0.05439892545332437,False,other_price_or_range,10-120,False,,,,,,,,,,
VRT,120to500,2026-07-29T13:37:00Z,morning,240.66,-0.107211752485532,False,other_price_or_range,120-500,False,,,,,,,,,,
VRTL,under120,2026-07-29T13:37:00Z,morning,25.5,-0.21150278293135444,False,other_price_or_range,10-120,False,,,,,,,,,,
VSA,under120,2026-07-29T15:35:00Z,morning,2.8326,-0.0682236842105264,False,shallow_outside,1-3,True,True,2026-07-29T18:00:00Z,4.144602132316614,3.0583,,,,,3.05,7.674927628327334
VSEC,120to500,2026-07-29T14:36:00Z,morning,187.48,-0.059449154668138375,False,other_price_or_range,120-500,False,,,,,,,,,,
VSEE,under120,2026-07-29T13:37:00Z,morning,0.0763,-0.14269662921348303,True,in_bracket,<1,True,False,,,0.08,101.26582278481013,False,,,0.0757,-0.7863695937090475
VSH,under120,2026-07-29T15:35:00Z,morning,30.53,-0.06693154034229822,False,other_price_or_range,10-120,False,,,,,,,,,,
VSTM,under120,2026-07-29T15:35:00Z,morning,5.855,-0.06019261637239165,False,shallow_outside,3-10,True,True,2026-07-29T18:00:00Z,4.013663535439785,6.12,,False,,,6.0131,2.700256191289483
VTIX,under120,2026-07-29T19:37:00Z,afternoon,1.53,-0.09467455621301771,False,shallow_outside,1-3,True,False,,,1.5691,99.94267515923566,,,,1.5,-1.960784313725492
VVX,under120,2026-07-29T14:36:00Z,morning,85.145,-0.05457472795913842,False,other_price_or_range,10-120,False,,,,,,,,,,
VWAV,under120,2026-07-29T15:35:00Z,morning,2.17,-0.052401746724890876,False,shallow_outside,1-3,True,False,,,2.1875,98.53603603603602,False,,,2.0901,-3.6820276497695787
W,under120,2026-07-29T14:36:00Z,morning,88.105,-0.06806642690924479,False,other_price_or_range,10-120,False,,,,,,,,,,
WCC,120to500,2026-07-29T19:38:00Z,afternoon,314.02,-0.05035231499682473,False,other_price_or_range,120-500,False,,,,,,,,,,
WCT,under120,2026-07-29T13:37:00Z,morning,0.6801,-0.22715909090909087,True,in_bracket,<1,True,True,2026-07-29T13:40:00Z,5.131598294368465,0.7738,,False,,,0.8099,19.085428613439188
WEBX,under120,2026-07-29T13:37:00Z,morning,19.89,-0.11805004367625468,False,other_price_or_range,10-120,False,,,,,,,,,,
WERN,under120,2026-07-29T14:36:00Z,morning,35.93,-0.062124771600104475,False,other_price_or_range,10-120,False,,,,,,,,,,
WETO,under120,2026-07-29T13:37:00Z,morning,0.0398,-0.08715596330275224,False,shallow_outside,<1,True,False,,,0.0412,100.48780487804878,False,,,0.0385,-3.2663316582914637
WILC,under120,2026-07-29T13:37:00Z,morning,28.2,-0.056856187290969876,False,other_price_or_range,10-120,False,,,,,,,,,,
WLDS,under120,2026-07-29T13:37:00Z,morning,3.5,-0.08616187989556137,False,shallow_outside,3-10,True,False,,,3.67,101.94444444444444,False,,,2.975,-14.999999999999996
WNC,under120,2026-07-29T14:36:00Z,morning,12.31,-0.07513148009015777,False,other_price_or_range,10-120,False,,,,,,,,,,
WNEB,under120,2026-07-29T14:36:00Z,morning,13.315,-0.09174624829467944,False,other_price_or_range,10-120,False,,,,,,,,,,
WOLF,under120,2026-07-29T14:36:00Z,morning,20.62,-0.057586837294332636,False,other_price_or_range,10-120,False,,,,,,,,,,
WS,under120,2026-07-29T14:36:00Z,morning,36.21,-0.05035405192761609,False,other_price_or_range,10-120,False,,,,,,,,,,
WSC,under120,2026-07-29T14:36:00Z,morning,24.03,-0.0657076205287713,False,other_price_or_range,10-120,False,,,,,,,,,,
WSO,120to500,2026-07-29T13:37:00Z,morning,337.755,-0.08096378329841364,False,other_price_or_range,120-500,False,,,,,,,,,,
WSO.B,120to500,2026-07-29T14:36:00Z,morning,320.56,-0.11805651085371563,False,other_price_or_range,120-500,False,,,,,,,,,,
WT,under120,2026-07-29T19:37:00Z,afternoon,18.26,-0.05924781040700662,False,other_price_or_range,10-120,False,,,,,,,,,,
WTID,under120,2026-07-29T13:37:00Z,morning,3.78,-0.0956937799043062,False,shallow_outside,3-10,True,False,,,3.86,100.0,False,,,3.822,1.111111111111118
WULF,under120,2026-07-29T14:36:00Z,morning,15.94,-0.0672908133411352,False,other_price_or_range,10-120,False,,,,,,,,,,
WW,under120,2026-07-29T19:37:00Z,afternoon,13.04,-0.05232558139534888,False,other_price_or_range,10-120,False,,,,,,,,,,
WWR,under120,2026-07-29T15:35:00Z,morning,0.3855,-0.050492610837438466,False,shallow_outside,<1,True,False,,,0.3975,100.88832487309645,False,,,0.3882,0.7003891050583606
WYFI,under120,2026-07-29T15:35:00Z,morning,22.1,-0.059974478945129736,False,other_price_or_range,10-120,False,,,,,,,,,,
XBP,under120,2026-07-29T19:37:00Z,afternoon,3.4275,-0.05578512396694206,False,shallow_outside,3-10,True,False,,,3.4275,97.92857142857143,,,,3.4,-0.8023340627279446
XCH,under120,2026-07-29T19:37:00Z,afternoon,0.4594,-0.08120000000000005,False,shallow_outside,<1,True,True,2026-07-29T19:45:00Z,2.0896821941663033,0.4797,,,,,0.4595,0.021767522855908685
XEML,under120,2026-07-29T13:37:00Z,morning,23.7199,-0.0855824424920683,False,other_price_or_range,10-120,False,,,,,,,,,,
XHLD,under120,2026-07-29T14:36:00Z,morning,1.35,-0.11764705882352937,True,in_bracket,1-3,True,False,,,1.375,99.6376811594203,False,,,1.25,-7.407407407407414
XIFR,under120,2026-07-29T19:37:00Z,afternoon,11.16,-0.05583756345177666,False,other_price_or_range,10-120,False,,,,,,,,,,
XLBX,under120,2026-07-29T13:37:00Z,morning,23.58,-0.07208462210469158,False,other_price_or_range,10-120,False,,,,,,,,,,
XRXDW,under120,2026-07-29T13:37:00Z,morning,0.23,-0.07999999999999996,False,shallow_outside,<1,True,True,2026-07-29T14:10:00Z,5.217391304347818,0.2595,,False,,,0.234,1.7391304347826102
XTLB,under120,2026-07-29T14:36:00Z,morning,2.71,-0.08445945945945946,False,shallow_outside,1-3,True,True,2026-07-29T18:05:00Z,4.0590405904059,2.9595,,False,,,2.9595,9.20664206642066
YAAS,under120,2026-07-29T14:36:00Z,morning,0.5619,-0.10639312977099248,True,in_bracket,<1,True,True,2026-07-29T15:35:00Z,5.000889838049478,0.5951,,False,,,0.5915,5.267841252891987
YI,under120,2026-07-29T19:37:00Z,afternoon,3.65,-0.07594936708860765,False,shallow_outside,3-10,True,False,,,3.65,97.85522788203752,,,,3.56,-2.4657534246575303
YOUL,under120,2026-07-29T15:35:00Z,morning,0.3511,-0.06820594479830148,False,shallow_outside,<1,True,False,,,0.3651,101.69916434540389,False,,,0.35,-0.31330105383083034
YRD,under120,2026-07-29T15:35:00Z,morning,1.07,-0.053097345132743216,False,shallow_outside,1-3,True,False,,,1.099,99.9090909090909,True,1.0457,-2.2710280373831764,1.07,0.0
YSS,under120,2026-07-29T13:37:00Z,morning,16.885,-0.051937113980909444,False,other_price_or_range,10-120,False,,,,,,,,,,
YYAI,under120,2026-07-29T13:37:00Z,morning,0.4816,-0.462739848282017,False,other_price_or_range,<1,False,,,,,,,,,,
ZBAO,under120,2026-07-29T15:35:00Z,morning,0.1573,-0.055255255255255334,False,shallow_outside,<1,True,True,2026-07-29T19:30:00Z,2.3521932612841763,0.1624,,False,,,0.1621,3.0514939605848688
ZCMD,under120,2026-07-29T13:37:00Z,morning,1.0199,-0.12829059829059822,True,in_bracket,1-3,True,True,2026-07-29T14:25:00Z,5.892734581821752,1.09,,False,,,1.045,2.4610255907441805
ZDAI,under120,2026-07-29T15:35:00Z,morning,1.575,-0.07352941176470588,False,shallow_outside,1-3,True,True,2026-07-29T18:10:00Z,4.126984126984123,1.65,,False,,,1.6439,4.374603174603172
ZEPP,under120,2026-07-29T15:35:00Z,morning,4.36,-0.06034482758620676,False,shallow_outside,3-10,True,True,2026-07-29T18:00:00Z,4.1284403669724705,4.57,,False,,,4.359,-0.02293577981652142
ZIP,under120,2026-07-29T14:36:00Z,morning,4.04,-0.05386416861826688,False,shallow_outside,3-10,True,True,2026-07-29T16:50:00Z,5.198019801980197,4.2601,,False,,,4.16,2.970297029702973
ZJK,under120,2026-07-29T19:37:00Z,afternoon,1.71,-0.050000000000000044,False,shallow_outside,1-3,True,False,,,1.71,97.71428571428571,,,,1.7,-0.5847953216374274
ZNB,under120,2026-07-29T14:36:00Z,morning,2.31,-0.21160409556313994,True,in_bracket,1-3,True,True,2026-07-29T18:55:00Z,3.0303030303030236,2.38,,False,,,2.38,3.0303030303030236
ZONE,under120,2026-07-29T13:37:00Z,morning,0.5293,-0.24385714285714283,True,in_bracket,<1,True,True,2026-07-29T14:00:00Z,5.044398261855291,0.58,,False,,,0.3183,-39.86397128282636
ZOOZ,under120,2026-07-29T19:37:00Z,afternoon,5.07,-0.06972477064220181,False,shallow_outside,3-10,True,False,,,5.07,97.8764478764479,,,,5.07,0.0
ZUMZ,under120,2026-07-29T19:37:00Z,afternoon,19.52,-0.0501216545012166,False,other_price_or_range,10-120,False,,,,,,,,,,
ZYBT,under120,2026-07-29T14:36:00Z,morning,1.225,-0.07894736842105261,False,shallow_outside,1-3,True,False,,,1.2898,101.55905511811024,False,,,1.25,2.0408163265306047
