entry_date,entry_timestamp,symbol,firing,skip_reason,guardrail_detail,fundamentals_guardrails_failed,entry_price,status,exit_date,exit_timestamp,exit_price,exit_reason,roi_pct,sessions_held,peak_pct,max_drawdown_pct
2026-08-25,2026-08-25T13:38:00Z,HUDI,9:30,a1_spread,spread_pct=0.1083,,0.8302,closed,2026-08-25,2026-08-25T14:00:00Z,0.872,paper_target,5.034931341845332,0,7.3115,0.0
2026-08-25,2026-08-25T13:38:00Z,ARBB,9:30,a1_spread,spread_pct=0.1777,,4.22,closed,2026-08-25,2026-08-25T14:55:00Z,4.44,paper_target,5.213270142180111,0,6.0427,0.0
2026-08-25,2026-08-25T13:38:00Z,BRIA,9:30,a1_spread,spread_pct=0.2428,,1.25,closed,2026-08-25,2026-08-25T14:40:00Z,1.32,paper_target,5.600000000000005,0,12.0,0.0
2026-08-25,2026-08-25T13:38:00Z,LGCL,9:30,a1_spread,spread_pct=0.0859,,0.0421,closed,2026-08-25,2026-08-25T15:55:00Z,0.045,paper_target,6.88836104513064,0,16.3895,-2.6128
2026-08-25,2026-08-25T13:38:00Z,XPON,9:30,a3_prior_spike,peak_to_baseline_ratio=2.764;volume_spike_ratio=3329.3,,5.163,closed,2026-08-25,2026-08-25T13:40:00Z,5.43,paper_target,5.171411969784998,0,5.5588,0.0
2026-08-25,2026-08-25T13:38:00Z,SUGP,9:30,a3_prior_spike,peak_to_baseline_ratio=2.048;volume_spike_ratio=87.71,,1.1201,closed,2026-08-25,2026-08-25T14:05:00Z,1.18,paper_target,5.3477368092134485,0,7.1244,-1.7945
2026-08-25,2026-08-25T13:38:00Z,TRUG,9:30,a3_prior_spike,peak_to_baseline_ratio=2.128;volume_spike_ratio=15.3,,0.568,closed,2026-08-25,2026-08-25T17:55:00Z,0.591,paper_target,4.049295774647891,0,8.2746,-6.6725
2026-08-25,2026-08-25T13:38:00Z,CDTG,9:30,a3_prior_spike,peak_to_baseline_ratio=7.051;volume_spike_ratio=1.69,,1.03,closed,2026-08-26,2026-08-26T20:00:00Z,1.06,paper_target,2.9126,1,33.9806,-9.534
2026-08-25,2026-08-25T13:38:00Z,RDAC,9:30,a3_prior_spike,peak_to_baseline_ratio=3.625;volume_spike_ratio=53.05,,5.32,closed,2026-08-25,2026-08-25T13:50:00Z,5.59,paper_target,5.075187969924803,0,5.2632,0.0
2026-08-25,2026-08-25T13:38:00Z,PSIG,9:30,a3_prior_spike,peak_to_baseline_ratio=2.539;volume_spike_ratio=12.87,,2.0,closed,2026-08-25,2026-08-25T13:45:00Z,2.1,paper_target,5.000000000000004,0,5.5,-0.5
2026-08-25,2026-08-25T13:38:00Z,IPST,9:30,a3_prior_spike,peak_to_baseline_ratio=11.432;volume_spike_ratio=4.19,,7.6597,closed,2026-08-25,2026-08-25T14:40:00Z,6.95,paper_auto_liquidate_60min,-9.265375928561168,0,0.0,-13.6911
2026-08-25,2026-08-25T13:38:00Z,FBDT,9:30,a5_compliance,financial_status_indicator=CC0;financial_status_description=,,1.57,closed,2026-08-26,2026-08-26T20:00:00Z,1.1775,paper_drawdown_stop_25pct,-25.0,1,5.0892,-32.7962
2026-08-25,2026-08-25T13:38:00Z,OLOX,9:30,a5_compliance,financial_status_indicator=CC0;financial_status_description=,,1.58,closed,2026-08-26,2026-08-26T20:00:00Z,1.62,paper_target,2.5316,1,55.0633,-15.1709
2026-08-25,2026-08-25T13:38:00Z,RITR,9:30,a5_compliance,financial_status_indicator=CC4;financial_status_description=Noncompliant,,0.09,closed,2026-08-25,2026-08-25T18:35:00Z,0.093,paper_target,3.3333333333333366,0,5.2222,-5.0
2026-08-25,2026-08-25T13:38:00Z,SNYR,9:30,a5_compliance,financial_status_indicator=CC4;financial_status_description=Noncompliant,,0.0854,closed,2026-08-25,2026-08-25T14:25:00Z,0.09,paper_target,5.38641686182669,0,5.3864,-4.0984
2026-08-25,2026-08-25T13:38:00Z,CIIT,9:30,a5_compliance,financial_status_indicator=CC0;financial_status_description=,,2.8562,closed,2026-08-25,2026-08-25T13:45:00Z,3.0,paper_target,5.034661438274636,0,6.085,-0.5672
2026-08-25,2026-08-25T13:38:00Z,LGHL,9:30,a5_compliance,financial_status_indicator=CC0;financial_status_description=,,0.5336,closed,2026-08-25,2026-08-25T13:45:00Z,0.561,paper_target,5.134932533733151,0,6.1844,0.0
2026-08-25,2026-08-25T13:38:00Z,AMOD,9:30,a5_compliance,financial_status_indicator=CC4;financial_status_description=Noncompliant,,3.965,closed,2026-08-27,2026-08-27T20:00:00Z,2.9737,paper_drawdown_stop_25pct,-25.0013,2,0.8827,-35.9395
2026-08-25,2026-08-25T13:38:00Z,LGVN,9:30,a5_compliance,financial_status_indicator=CC4;financial_status_description=Noncompliant,,0.7198,closed,2026-08-25,2026-08-25T14:40:00Z,0.6625,paper_auto_liquidate_60min,-7.960544595721037,0,0.0,-9.6971
2026-08-25,2026-08-25T13:38:00Z,SMCZ,9:30,a5_compliance,financial_status_indicator=CC0;financial_status_description=;note=also_leveraged_etf_would_trip_a8,,3.27,closed,2026-08-31,2026-08-31T20:00:00Z,3.175,paper_time_stop_4_sessions,-2.9051987768,4,7.6453,-13.4557
2026-08-25,2026-08-25T13:38:00Z,RMSG,9:30,a5_compliance,financial_status_indicator=CC4;financial_status_description=Noncompliant,,0.32,closed,2026-08-25,2026-08-25T14:05:00Z,0.336,paper_target,5.000000000000004,0,6.2187,-7.1563
2026-08-25,2026-08-25T13:38:00Z,DXST,9:30,a5_compliance,financial_status_indicator=CC0;financial_status_description=,,2.63,closed,2026-08-25,2026-08-25T13:45:00Z,2.77,paper_target,5.323193916349815,0,5.6654,0.0
2026-08-25,2026-08-25T14:44:00Z,SHMD,10:30,a4_earnings_recency,days_since_earnings=1;report_date=2026-08-24,,3.675,closed,2026-08-31,2026-08-31T20:00:00Z,3.085,paper_time_stop_4_sessions,-16.0544217687,4,30.068,-20.2721
2026-08-25,2026-08-25T14:44:00Z,RCON,10:30,a2_atr,atr_14_pct=3.547;atr_3_pct=0.4745,,2.405,closed,2026-08-26,2026-08-26T20:00:00Z,1.80375,paper_drawdown_stop_25pct,-25.0,1,1.4553,-28.8981
2026-08-25,2026-08-25T14:44:00Z,NCTY,10:30,a4_earnings_recency,days_since_earnings=1;report_date=2026-08-24,,4.7216,closed,2026-08-25,2026-08-25T15:45:00Z,4.35,paper_auto_liquidate_60min,-7.870213486953574,0,0.0,-12.1061
2026-08-25,2026-08-25T14:44:00Z,SGLY,10:30,a3_prior_spike,peak_to_baseline_ratio=1.398;volume_spike_ratio=38.13,,2.12,closed,2026-08-25,2026-08-25T14:50:00Z,2.23,paper_target,5.188679245283013,0,8.4906,0.0
2026-08-25,2026-08-25T14:44:00Z,FGL,10:30,a6_reverse_split_proxy,split_ratio_proxy=604.06,,0.2367,closed,2026-08-25,2026-08-25T18:25:00Z,0.177525,paper_drawdown_stop_25pct,-25.000000000000007,0,4.774,-49.0494
2026-08-25,2026-08-25T14:44:00Z,CNTX,10:30,a5_compliance,financial_status_indicator=CC4;financial_status_description=Noncompliant,,0.4,closed,2026-08-25,2026-08-25T15:05:00Z,0.421,paper_target,5.249999999999991,0,5.35,-0.025
2026-08-25,2026-08-25T14:44:00Z,MCRP,10:30,a1_spread,spread_pct=0.085,,1.0,closed,2026-08-25,2026-08-25T14:45:00Z,1.05,paper_target,5.000000000000004,0,6.0,0.0
2026-08-25,2026-08-25T14:44:00Z,ZCMD,10:30,a6_reverse_split_proxy,split_ratio_proxy=1193.66,,0.8102,closed,2026-08-25,2026-08-25T15:45:00Z,0.7612,paper_auto_liquidate_60min,-6.047889410022222,0,0.0,-6.0479
2026-08-25,2026-08-25T14:44:00Z,LRHC,10:30,a5_compliance,financial_status_indicator=CC4;financial_status_description=Noncompliant,,0.5387,closed,2026-08-31,2026-08-31T20:00:00Z,0.4708,paper_time_stop_4_sessions,-12.6044180434,4,5.7915,-16.4841
2026-08-25,2026-08-25T14:44:00Z,ETS,10:30,a7_thin_liquidity,ask_gap_pct=0.0413;last_real_price=0.8757;skip_reason=gap_exceeded,,0.8757,closed,2026-08-31,2026-08-31T20:00:00Z,0.8355,paper_time_stop_4_sessions,-4.5906132237,4,14.1944,-13.2123
2026-08-25,2026-08-25T14:44:00Z,CDT,10:30,a6_reverse_split_proxy,split_ratio_proxy=1570.9,,2.2026,closed,2026-08-28,2026-08-28,1.65195,paper_drawdown_stop_25pct,-25.000000000000007,3,11.2276,-26.4506
2026-08-25,2026-08-25T14:44:00Z,YJ,10:30,a3_prior_spike,peak_to_baseline_ratio=11.076;volume_spike_ratio=17293.05,,2.52,closed,2026-08-25,2026-08-25T15:40:00Z,2.65,paper_target,5.158730158730155,0,7.1429,0.0
2026-08-25,2026-08-25T14:44:00Z,HOOZ,10:30,a8_leveraged_etf,industry=Investment Trusts Or Mutual Funds;description_marker=2x inverse exposure,,8.2019,closed,2026-08-26,2026-08-26T20:00:00Z,8.37,paper_target,2.0495,1,2.9639,-3.6809
2026-08-25,2026-08-25T14:44:00Z,AIXC,10:30,a3_prior_spike,peak_to_baseline_ratio=3.997;volume_spike_ratio=2086.15,,0.8301,closed,2026-08-25,2026-08-25T15:05:00Z,0.872,paper_target,5.0475846283580355,0,5.421,0.0
2026-08-25,2026-08-25T14:44:00Z,WKSP,10:30,a5_compliance,financial_status_indicator=CC4;financial_status_description=Noncompliant,,0.4878,closed,2026-08-26,2026-08-26T20:00:00Z,0.498,paper_target,2.091,1,10.7011,-4.674
2026-08-25,2026-08-25T14:44:00Z,BMNZ,10:30,a8_leveraged_etf,industry=Investment Trusts Or Mutual Funds;description_marker=2x inverse exposure,,5.92,closed,2026-08-25,2026-08-25T17:05:00Z,6.22,paper_target,5.067567567567564,0,5.0676,-3.5034
2026-08-25,2026-08-25T14:44:00Z,MXC,10:30,a1_spread,spread_pct=0.1029,,8.6501,closed,2026-08-25,2026-08-25T17:10:00Z,9.09,paper_target,5.085490341152122,0,8.6115,0.0
2026-08-25,2026-08-25T14:44:00Z,MI,10:30,a6_reverse_split_proxy,split_ratio_proxy=204.6,,2.62,closed,2026-08-25,2026-08-25T15:05:00Z,2.76,paper_target,5.3435114503816665,0,5.7252,-1.5267
2026-08-25,2026-08-25T14:44:00Z,NXTT,10:30,a2_atr,atr_14_pct=0.8938,,6.92,closed,2026-08-27,2026-08-27T20:00:00Z,7.35,paper_target,6.2139,2,8.3801,-14.5954
2026-08-25,2026-08-25T14:44:00Z,CMCT,10:30,a6_reverse_split_proxy,split_ratio_proxy=332.2,,4.3386,closed,2026-08-31,2026-08-31T20:00:00Z,3.94,paper_time_stop_4_sessions,-9.1872954409,4,10.9805,-11.4161
2026-08-25,2026-08-25T14:44:00Z,DETX,10:30,a1_spread,spread_pct=0.168,,3.3313,closed,2026-08-25,2026-08-25T16:15:00Z,3.5,paper_target,5.064089094347548,0,7.9158,0.0
2026-08-25,2026-08-25T14:44:00Z,ALBG,10:30,a8_leveraged_etf,industry=Investment Trusts Or Mutual Funds;description_marker=2x leveraged exposure,,7.06,closed,2026-08-27,2026-08-27T20:00:00Z,7.21,paper_target,2.1246,2,2.8329,-2.5496
2026-08-26,2026-08-26T13:40:02Z,JEM,9:30,a6_reverse_split_proxy,split_ratio_proxy=160.14;high_52w=885.60,a6,5.53,closed,2026-08-26,2026-08-26T13:45:00Z,5.81,paper_target,5.0633,0,5.9675,-1.6275
2026-08-26,2026-08-26T13:40:11Z,AIXI,9:30,a5_compliance,indicator=CC4;description=Noncompliant,a5;a6,1.07,closed,2026-08-26,2026-08-26T16:55:00Z,1.13,paper_target,5.6075,0,5.6075,-14.8224
2026-08-26,2026-08-26T13:40:00Z,NEXR,9:30,a6_reverse_split_proxy,split_ratio_proxy=386.8;high_52w=847.00,a6,2.19,closed,2026-09-02,2026-09-02T20:00:00Z,1.8300,paper_time_stop_4_sessions,-16.4384,5,3.6530,-17.8082
2026-08-26,2026-08-26T13:39:11Z,BDRX,9:30,a6_reverse_split_proxy,split_ratio_proxy=59.43;high_52w=59.40,a6,0.9995,closed,2026-08-26,2026-08-26T14:50:00Z,1.05,paper_target,5.0525,0,5.0525,-6.9535
2026-08-26,2026-08-26T13:39:42Z,AKAN,9:30,a5_compliance,indicator=CC4;description=Noncompliant,a5;a6,4.255,closed,2026-09-02,2026-09-02T20:00:00Z,3.7000,paper_time_stop_4_sessions,-13.0435,5,4.1128,-13.0435
2026-08-26,2026-08-26T13:39:05Z,IPST,9:30,a6_reverse_split_proxy,split_ratio_proxy=79.10;high_52w=532.00,a6,6.725,closed,2026-08-26,2026-08-26T13:40:00Z,7.07,paper_target,5.1301,0,6.0223,-1.5851
2026-08-26,2026-08-26T13:40:13Z,VEEA,9:30,a5_compliance,indicator=CC4;description=Noncompliant,a5,0.1145,closed,2026-08-26,2026-08-26T14:10:00Z,0.121,paper_target,5.6769,0,7.4236,-0.3493
2026-08-26,2026-08-26T13:34:04Z,NDRA,9:30,a1_spread,spread_pct=0.1174,,4.172,closed,2026-08-26,2026-08-26T13:50:00Z,4.39,paper_target,5.2253,0,17.4497,0.0
2026-08-26,2026-08-26T13:39:24Z,RAIN,9:30,a1_spread,spread_pct=0.0845,,1.03,closed,2026-08-26,2026-08-26T13:35:00Z,1.09,paper_target,5.8252,0,8.7379,0.0
2026-08-26,2026-08-26T13:38:49Z,PFSA,9:30,a5_compliance,indicator=CC4;description=Noncompliant,a5;a6,4.409,closed,2026-08-27,2026-08-27T20:00:00Z,4.67,paper_target,5.9197,1,7.961,-7.0084
2026-08-26,2026-08-26T13:40:16Z,DDC,9:30,a1_spread,spread_pct=0.1393,,0.6173,closed,2026-08-26,2026-08-26T13:40:00Z,0.649,paper_target,5.1353,0,5.2649,-4.0337
2026-08-26,2026-08-26T13:40:04Z,RITR,9:30,a5_compliance,indicator=CC4;description=Noncompliant,a5;a6,0.0825,closed,2026-08-26,2026-08-26T15:00:00Z,0.087,paper_target,5.4545,0,6.6667,-0.6061
2026-08-26,2026-08-26T13:30:02Z,ROMA,9:30,a1_spread,spread_pct=0.1259,,8.18,closed,2026-08-26,2026-08-26T14:40:00Z,8.59,paper_target,5.0122,0,11.5416,0.0
2026-08-26,2026-08-26T13:40:05Z,OFAL,9:30,a5_compliance,indicator=CC4;description=Noncompliant,a5;a6,0.9401,closed,2026-08-26,2026-08-26T18:05:00Z,0.978,paper_target,4.0315,0,6.2653,-1.9892
2026-08-26,2026-08-26T13:40:10Z,FNGR,9:30,a5_compliance,indicator=CC4;description=Noncompliant,a5,0.1532,closed,2026-08-26,2026-08-26T14:10:00Z,0.161,paper_target,5.0914,0,6.201,-0.9791
2026-08-26,2026-08-26T13:40:15Z,BTCT,9:30,a3_prior_spike,peak_to_baseline_ratio=4.83;peak=2.75;baseline=0.5695,,1.735,closed,2026-08-26,2026-08-26T14:10:00Z,1.83,paper_target,5.4755,0,6.0519,-3.17
2026-08-26,2026-08-26T13:36:39Z,MBAI,9:30,a7_stale_quote_gap,ask_gap_pct=0.0478;last_real_price=7.005;ask=7.34,,7.005,closed,2026-09-02,2026-09-02T20:00:00Z,6.4800,paper_time_stop_4_sessions,-7.4946,5,6.4954,-14.2041
2026-08-26,2026-08-26T14:45:00Z,JZ,10:30,a1_spread,spread_pct=0.1029,,1.75,closed,2026-08-26,2026-08-26T15:40:00Z,1.84,paper_target,5.1429,0,7.7143,-0.5714
2026-08-26,2026-08-26T14:45:00Z,GIPR,10:30,a1_spread,spread_pct=0.1153,,0.477,closed,2026-08-26,2026-08-26T18:20:00Z,0.497,paper_target,4.1929,0,4.2977,-15.8071
2026-08-26,2026-08-26T14:45:00Z,EXOD,10:30,a3_prior_spike,peak_to_baseline_ratio=1.9000;volume_spike_ratio=15.14,,8.5529,closed,2026-08-27,2026-08-27T20:00:00Z,9.31,paper_target,8.852,1,11.0734,-6.8152
2026-08-26,2026-08-26T14:45:00Z,QFIN,10:30,a4_earnings_recency,days_since_earnings=1;report_date=2026-08-25,,9.935,closed,2026-08-26,2026-08-26T15:45:00Z,9.58,paper_auto_liquidate_60min,-3.5732,0,0.0,-4.1268
2026-08-26,2026-08-26T14:45:00Z,AEHG,10:30,a8_leveraged_etf,industry=Investment Trusts Or Mutual Funds;description_marker=2x_leveraged_exposure,a8,8.1217,closed,2026-08-27,2026-08-27T20:00:00Z,9.11,paper_target,12.1686,1,14.3849,-1.56
2026-08-27,2026-08-27T13:40:00Z,SKK,9:30,a1_spread,spread_pct=0.1617;bid=4.05;ask=4.70;last=4.02,,4.02,closed,2026-08-27,2026-08-27T13:50:00Z,4.41,paper_target,9.701492537313449,0,11.6915,0.0
2026-08-27,2026-08-27T13:40:00Z,RPGL,9:30,a1_spread,spread_pct=0.0846;bid=1.92;ask=2.09;last=2.0101,,2.0101,closed,2026-08-27,2026-08-27T13:45:00Z,2.16,paper_target,7.457340430824344,0,9.4423,0.0
2026-08-27,2026-08-27T13:40:00Z,HCWC,9:30,a1_spread,spread_pct=0.0815;bid=0.265;ask=0.2868;last=0.2676,,0.2676,closed,2026-08-27,2026-08-27T13:40:00Z,0.281,paper_target,5.007473841554567,0,6.7638,0.0
2026-08-27,2026-08-27T13:40:00Z,CISS,9:30,a2_atr,atr14_pct=1.0535;atr3_pct=0.1769;atr14=2.5734;atr3=0.4321;price=2.4427,a6,2.4427,closed,2026-08-27,2026-08-27T14:00:00Z,2.61,paper_target,6.848978589265976,0,8.8918,-0.9293
2026-08-27,2026-08-27T13:40:00Z,OMH,9:30,a2_atr,atr14_pct=0.9440;atr3_pct=0.6002;atr14=0.07901;atr3=0.05023;price=0.0837,a5;a6,0.0837,closed,2026-08-31,2026-08-31T20:00:00Z,3.68,paper_target,4296.6547192354,2,4380.2867,-24.7312
2026-08-27,2026-08-27T13:40:00Z,CRE,9:30,a3_prior_spike,peak_to_baseline_ratio=3.245;volume_spike_ratio=3060.45;baseline_price=2.65;peak_price=8.60,,5.395,closed,2026-08-27,2026-08-27T13:55:00Z,5.67,paper_target,5.097312326227995,0,5.0973,-1.203
2026-08-27,2026-08-27T13:40:00Z,SOAR,9:30,a3_prior_spike,peak_to_baseline_ratio=2.567;volume_spike_ratio=24.94;baseline_price=0.1335;peak_price=0.3427,,0.1984,closed,2026-08-27,2026-08-27T16:25:00Z,0.209,paper_target,5.34274193548387,0,5.7964,-7.1573
2026-08-27,2026-08-27T13:40:00Z,IPST,9:30,a3_prior_spike,peak_to_baseline_ratio=11.668;volume_spike_ratio=10402.32;baseline_price=2.1717;peak_price=25.34,,5.21,closed,2026-08-27,2026-08-27T13:40:00Z,5.52,paper_target,5.950095969289819,0,7.9655,0.0
2026-08-27,2026-08-27T13:40:00Z,EXYN,9:30,a3_prior_spike,peak_to_baseline_ratio=2.266;volume_spike_ratio=81.63;baseline_price=1.9067;peak_price=4.32,,3.57,closed,2026-09-02,2026-09-02T20:00:00Z,2.8700,paper_time_stop_4_sessions,-19.6078,4,14.1457,-23.8599
2026-08-27,2026-08-27T13:40:00Z,XPON,9:30,a3_prior_spike,peak_to_baseline_ratio=3.499;volume_spike_ratio=4615.64;baseline_price=3.37;peak_price=11.79,,8.2205,closed,2026-08-28,2026-08-28,10.56,paper_target,28.45933945623747,1,31.0115,-13.5138
2026-08-27,2026-08-27T13:40:00Z,LUCK,9:30,a4_earnings_recency,days_since_earnings=0;report_date=2026-08-27;eps_actual=-0.21;eps_estimate=-0.02,,5.7463,closed,2026-08-27,2026-08-27T14:10:00Z,6.04,paper_target,5.111114978333889,0,6.8514,-1.6741
2026-08-27,2026-08-27T13:40:00Z,CHGA,9:30,a5_compliance,financial_status_indicator=CC4;financial_status_description=Noncompliant,a5;a6,0.1432,closed,2026-08-28,2026-08-28,0.232,paper_target,62.01117318435756,1,64.6648,-14.1061
2026-08-27,2026-08-27T13:40:00Z,VEEA,9:30,a5_compliance,financial_status_indicator=CC4;financial_status_description=Noncompliant,a5,0.1004,closed,2026-08-28,2026-08-28,0.108,paper_target,7.5697211155378445,1,8.8645,-5.2789
2026-08-27,2026-08-27T13:40:00Z,NXL,9:30,a5_compliance,financial_status_indicator=CC4;financial_status_description=Noncompliant,a5,0.2498,closed,2026-08-27,2026-08-27T13:40:00Z,0.265,paper_target,6.08486789431546,0,8.0464,0.0
2026-08-27,2026-08-27T13:40:00Z,SMTK,9:30,a5_compliance,financial_status_indicator=CC4;financial_status_description=Noncompliant,a5;a6,3.67,closed,2026-09-02,2026-09-02T20:00:00Z,2.7525,paper_drawdown_stop_25pct,-25.0000,4,4.9046,-32.9700
2026-08-27,2026-08-27T13:40:00Z,HODO,9:30,a6_reverse_split_proxy,split_ratio_proxy=85.68;high_52_weeks=19.4928;last_trade_price=0.2275,a6,0.229,closed,2026-08-27,2026-08-27T14:25:00Z,0.241,paper_target,5.240174672489075,0,5.2838,-2.9694
2026-08-27,2026-08-27T13:40:00Z,NVDQ,9:30,a8_leveraged_etf,industry=Investment Trusts Or Mutual Funds;description_marker=daily price movement of / (-2x) inverse exposure,a8,8.95,closed,2026-08-28,2026-08-28,9.13,paper_target,2.011173184357559,1,3.0179,-8.8268
2026-08-27,2026-08-27T13:40:00Z,NVD,9:30,a8_leveraged_etf,industry=Investment Trusts Or Mutual Funds;description_marker=2x inverse leveraged exposure / daily price movement,a8,3.9597,closed,2026-08-28,2026-08-28,4.04,paper_target,2.027931408945117,1,3.0381,-8.8315
2026-08-27,2026-08-27T14:41:00Z,GRAN,10:30,a1_spread_pct,spread_pct=0.2613,,1.11,closed,2026-08-27,2026-08-27T19:30:00Z,1.32,paper_target,18.918918918918916,0,20.7207,0.0
2026-08-27,2026-08-27T14:41:00Z,DCX,10:30,a1_spread_pct,spread_pct=0.1235,,0.7694,closed,2026-09-02,2026-09-02T20:00:00Z,0.7264,paper_time_stop_4_sessions,-5.5888,4,19.4437,-18.1180
2026-08-27,2026-08-27T14:41:00Z,SMJF,10:30,a1_spread_pct,spread_pct=0.2432,,9.95,closed,2026-08-27,2026-08-27T15:40:00Z,7.4625,paper_drawdown_stop_25pct,-24.999999999999993,0,0.0,-90.9548
2026-08-27,2026-08-27T14:41:00Z,GTN.A,10:30,a1_spread_pct,spread_pct=0.1670,,6.23,closed,2026-08-27,2026-08-27T17:00:00Z,6.55,paper_target,5.136436597110745,0,6.7416,0.0
2026-08-27,2026-08-27T14:41:00Z,BMGL,10:30,a1_spread_pct,spread_pct=0.1015,,5.32,closed,2026-09-02,2026-09-02T20:00:00Z,5.0800,paper_time_stop_4_sessions,-4.5113,4,5.2632,-9.7744
2026-08-27,2026-08-27T14:41:00Z,VBIO,10:30,a5_compliance,"financial_status_indicator=CC4;financial_status_description=Noncompliant;check=i,ii",a5;a6,0.1298,closed,2026-08-31,2026-08-31T20:00:00Z,3.78,paper_target,2812.1725731895,2,2866.1017,-11.4022
2026-08-27,2026-08-27T14:41:00Z,CALC,10:30,a5_compliance,"financial_status_indicator=CC4;financial_status_description=Noncompliant;check=i,ii",a5,0.4902,closed,2026-08-31,2026-08-31T20:00:00Z,2.43,paper_target,395.7160342717,2,404.4268,-10.2407
2026-08-27,2026-08-27T14:41:00Z,APRE,10:30,a5_compliance,"financial_status_indicator=CC4;financial_status_description=Noncompliant;check=i,ii",a5,0.8426,closed,2026-08-27,2026-08-27T17:35:00Z,0.877,paper_target,4.082601471635412,0,5.5661,-3.869
2026-08-27,2026-08-27T14:41:00Z,MSTZ,10:30,a8_leveraged_inverse_etf,industry=Investment Trusts Or Mutual Funds;check=i,a8,4.795,closed,2026-09-02,2026-09-02T20:00:00Z,5.4000,paper_time_stop_4_sessions,12.6173,4,22.6277,-8.2377
2026-08-27,2026-08-27T14:41:00Z,VWAV,10:30,a6_reverse_split_proxy,split_ratio_proxy=18.59,a6,0.8498,closed,2026-08-27,2026-08-27T16:35:00Z,0.893,paper_target,5.083549070369501,0,5.8837,-1.1532
2026-08-27,2026-08-27T14:41:00Z,FTFT,10:30,a6_reverse_split_proxy,split_ratio_proxy=105.68,a6,0.5874,closed,2026-09-02,2026-09-02T20:00:00Z,1.7500,paper_time_stop_4_sessions,197.9231,4,288.2022,-6.3670
2026-08-27,2026-08-27T14:41:00Z,YAAS,10:30,a6_reverse_split_proxy,split_ratio_proxy=60.09,a6,2.245,closed,2026-08-27,2026-08-27T14:45:00Z,2.36,paper_target,5.122494432071259,0,5.1225,0.0
2026-08-27,2026-08-27T14:41:00Z,WSHP,10:30,a6_reverse_split_proxy,split_ratio_proxy=44.85,a6,5.573,closed,2026-08-27,2026-08-27T19:30:00Z,5.69,paper_target,2.0994078593217296,0,2.0994,-6.693
2026-08-27,2026-08-27T14:41:00Z,BDRX,10:30,a6_reverse_split_proxy,split_ratio_proxy=67.76,a6,0.8766,closed,2026-09-02,2026-09-02T20:00:00Z,0.7849,paper_time_stop_4_sessions,-10.4609,4,9.5140,-13.8376
2026-08-27,2026-08-27T14:41:00Z,CRCD,10:30,a6_reverse_split_proxy,split_ratio_proxy=32.36,a6;a8,2.2599,closed,2026-08-27,2026-08-27T18:30:00Z,2.33,paper_target,3.101907164033809,0,3.9869,-2.6506
2026-08-27,2026-08-27T14:41:00Z,NBIZ,10:30,a6_reverse_split_proxy,split_ratio_proxy=190.78,a6;a8,6.29,closed,2026-08-27,2026-08-27T15:00:00Z,6.61,paper_target,5.087440381558033,0,5.5596,-0.4769
2026-08-27,2026-08-27T14:41:00Z,LUCY,10:30,a3_prior_spike,peak_to_baseline_ratio=1.812;volume_spike_ratio=1658.38,,1.005,closed,2026-09-02,2026-09-02T20:00:00Z,0.9251,paper_time_stop_4_sessions,-7.9502,4,26.3682,-14.4279
2026-08-27,2026-08-27T14:41:00Z,FBDT,10:30,a2_atr_guardrail,atr_14_pct=0.6929;atr_3_pct=1.2056,,1.0699,closed,2026-08-28,2026-08-28,0.802425,paper_drawdown_stop_25pct,-25.0,1,16.8333,-38.9195
2026-08-27,2026-08-27T14:41:00Z,APUS,10:30,a7_stale_quote,ask_gap_pct=0.0437;last_real_price=4.005;reason=gap_exceeded,,4.09,closed,2026-09-02,2026-09-02T20:00:00Z,3.5400,paper_time_stop_4_sessions,-13.4474,4,17.6039,-13.4474
2026-08-28,2026-08-28T13:43:00Z,LGPS,9:30,a3_prior_spike,peak_to_baseline=1.75;volume_spike=1484.1,,1.16,closed,2026-08-28,2026-08-28T17:55:00Z,1.21,paper_target,4.310344827586212,0,4.7414,-9.4828
2026-08-28,2026-08-28T13:43:00Z,XAIR,9:30,a6_reverse_split_proxy,split_ratio_proxy=21.58,a6,4.43,closed,2026-08-28,2026-08-28T14:35:00Z,4.66,paper_target,5.191873589164795,0,6.772,-4.0632
2026-08-28,2026-08-28T13:43:00Z,FGL,9:30,a6_reverse_split_proxy,split_ratio_proxy=1000.36,a6,0.14,closed,2026-08-28,2026-08-28T13:45:00Z,0.147,paper_target,4.999999999999984,0,6.0,-1.1429
2026-08-28,2026-08-28T13:43:00Z,SMJF,9:30,a2_atr,atr_14_pct=1.053;atr_3_pct=3.240,,1.14,closed,2026-09-08,2026-09-08T20:00:00Z,1.09,paper_time_stop_4_sessions,-4.3860,4,12.2807,-11.4035
2026-08-28,2026-08-28T13:43:00Z,PPCB,9:30,a3_prior_spike,peak_to_baseline=3.34;volume_spike=776.6,,1.785,closed,2026-08-28,2026-08-28T17:00:00Z,1.33875,paper_drawdown_stop_25pct,-25.000000000000007,0,3.0756,-26.6106
2026-08-28,2026-08-28T13:43:00Z,LGCL,9:30,a2_atr,atr_14_pct=5.156;atr_3_pct=0.338,,0.0432,closed,2026-08-31,2026-08-31T20:00:00Z,0.0324,paper_drawdown_stop_25pct,-25,1,4.1667,-25.9259
2026-08-28,2026-08-28T13:43:00Z,IRE,9:30,a6_reverse_split_proxy,split_ratio_proxy=15.04,a6;a8,8.2901,closed,2026-09-03,2026-09-03T19:55:00Z,9.83,paper_target,18.5752,2,20.9274,-15.4413
2026-08-28,2026-08-28T13:43:00Z,IREG,9:30,a8_leveraged_etf,industry=Investment Trusts Or Mutual Funds,a8,6.77,closed,2026-09-02,2026-09-02T20:00:00Z,7.2569,paper_target,7.1920,3,9.3796,-15.5096
2026-08-28,2026-08-28T13:43:00Z,HCWC,9:30,a3_prior_spike,peak_to_baseline=2.173;volume_spike=101.5,,0.2179,closed,2026-08-28,2026-08-28T18:55:00Z,0.226,paper_target,3.7173015144561705,0,5.5071,-3.5796
2026-08-28,2026-08-28T13:43:00Z,YAAS,9:30,a6_reverse_split_proxy,split_ratio_proxy=63.03,a6,2.11,closed,2026-08-28,2026-08-28T15:50:00Z,2.22,paper_target,5.213270142180111,0,5.2133,-6.1611
2026-08-28,2026-08-28T13:43:00Z,IMC,9:30,a1_spread,spread_pct=0.0923,,9.2075,closed,2026-08-28,2026-08-28T14:15:00Z,9.67,paper_target,5.023079011675269,0,5.8919,-4.5343
2026-08-28,2026-08-28T13:43:00Z,WETO,9:30,a2_atr,atr_14_pct=0.933;atr_3_pct=0.741,,9.8,closed,2026-08-28,2026-08-28T18:25:00Z,7.35,paper_drawdown_stop_25pct,-25.0,0,2.7745,-27.3469
2026-08-28,2026-08-28T13:43:00Z,OPENZ,9:30,a1_spread,spread_pct=0.1607,,0.1369,closed,2026-09-03,2026-09-03T19:55:00Z,0.102675,paper_drawdown_stop_25pct,-25.0,2,0.8035,-26.1505
2026-08-28,2026-08-28T13:43:00Z,RPGL,9:30,a3_prior_spike,peak_to_baseline=1.505;volume_spike=9.3,,1.75,closed,2026-09-08,2026-09-08T20:00:00Z,1.49,paper_time_stop_4_sessions,-14.8571,4,11.4286,-24.5714
2026-08-28,2026-08-28T13:43:00Z,DAIC,9:30,a3_prior_spike,peak_to_baseline=8.547;volume_spike=2.9,,5.0521,closed,2026-08-28,2026-08-28T13:50:00Z,5.31,paper_target,5.104807901664641,0,6.6863,-1.0313
2026-08-28,2026-08-28T13:43:00Z,WNW,9:30,a3_prior_spike,peak_to_baseline=1.382;volume_spike=17.4,,2.935,closed,2026-08-28,2026-08-28T14:10:00Z,3.09,paper_target,5.28109028960817,0,6.1567,-2.8961
2026-08-28,2026-08-28T13:43:00Z,FEED,9:30,a5_compliance,financial_status_indicator=CC4;financial_status_description=Noncompliant,a5;a6,0.3363,closed,2026-08-28,2026-08-28T19:10:00Z,0.347,paper_target,3.1816830211120988,0,4.0737,-1.9031
2026-08-28,2026-08-28T13:43:00Z,BRNX,9:30,a2_atr,atr_14_pct=0.387;atr_3_pct=1.034,,3.3895,closed,2026-08-28,2026-08-28T14:30:00Z,3.56,paper_target,5.030240448443727,0,5.9153,-6.7709
2026-08-28,2026-08-28T13:43:00Z,SUGP,9:30,a3_prior_spike,peak_to_baseline=2.09;volume_spike=13.7,,0.7903,closed,2026-08-28,2026-08-28T14:55:00Z,0.83,paper_target,5.023408832089075,0,5.0234,-1.3033
2026-08-28,2026-08-28T13:43:00Z,RITR,9:30,a5_compliance,financial_status_indicator=CC4;financial_status_description=Noncompliant,a5;a6,0.087,closed,2026-08-28,2026-08-28T14:15:00Z,0.092,paper_target,5.747126436781615,0,6.8966,0.0
2026-08-28,2026-08-28T13:43:00Z,TRUG,9:30,a1_spread,spread_pct=0.0952,,0.5251,closed,2026-09-03,2026-09-03T19:55:00Z,0.393825,paper_drawdown_stop_25pct,-25.0,2,5.4275,-26.5664
2026-08-28,2026-08-28T14:40:00Z,TAOP,10:30,a3_prior_spike,ratio=1.551;vol_spike=22.24,,0.9291,closed,2026-09-08,2026-09-08T20:00:00Z,0.7802,paper_time_stop_4_sessions,-16.0263,4,14.0889,-19.5458
2026-08-28,2026-08-28T14:40:00Z,TNMG,10:30,a3_prior_spike,ratio=1.503;vol_spike=217.24,,0.4345,closed,2026-08-28,2026-08-28T17:10:00Z,0.457,paper_target,5.178365937859613,0,5.6847,-4.3268
2026-08-28,2026-08-28T14:40:00Z,MIMI,10:30,a3_prior_spike,ratio=1.642;vol_spike=261.76,,1.0595,closed,2026-09-02,2026-09-02T20:00:00Z,0.7946,paper_drawdown_stop_25pct,-25.0000,3,31.1940,-32.6758
2026-08-28,2026-08-28T14:40:00Z,PFSA,10:30,a2_atr_guardrail,atr14_pct=0.8906;atr3_pct=0.6200,,3.48,closed,2026-09-02,2026-09-02T20:00:00Z,2.6100,paper_drawdown_stop_25pct,-25.0000,3,18.6782,-26.4368
2026-08-28,2026-08-28T14:40:00Z,YDES,10:30,a1_spread_guardrail,spread_pct=19.94,,3.11,closed,2026-08-28,2026-08-28T14:40:00Z,3.46,paper_target,11.254019292604504,0,13.5048,-0.3215
2026-08-28,2026-08-28T14:40:00Z,JZ,10:30,a3_prior_spike,ratio=2.123;vol_spike=210.99,,1.29,closed,2026-08-28,2026-08-28T19:45:00Z,1.32,paper_target,2.325581395348839,0,3.876,-6.9767
2026-08-28,2026-08-28T14:40:00Z,FINV,10:30,a4_earnings_recency,days_since_earnings=1;report_date=2026-08-27,,3.4092,closed,2026-09-08,2026-09-08T20:00:00Z,3.405,paper_time_stop_4_sessions,-0.1232,4,14.5430,-5.0276
2026-08-28,2026-08-28T14:40:00Z,DDC,10:30,a1_spread_guardrail,spread_pct=12.25,,0.4701,closed,2026-09-02,2026-09-02T20:00:00Z,0.3526,paper_drawdown_stop_25pct,-25.0000,3,20.8892,-27.1432
2026-08-28,2026-08-28T14:40:00Z,CISS,10:30,a2_atr_guardrail,atr14_pct=1.3401;atr3_pct=0.3341,,1.835,closed,2026-09-03,2026-09-03T19:55:00Z,1.37625,paper_drawdown_stop_25pct,-25.0,2,6.267,-28.0654
2026-08-28,2026-08-28T14:40:00Z,KALA,10:30,a6_reverse_split_proxy,split_ratio_proxy=1415.02,a6,0.7279,closed,2026-09-02,2026-09-02T20:00:00Z,0.5459,paper_drawdown_stop_25pct,-25.0000,3,50.1443,-26.8856
2026-08-28,2026-08-28T14:40:00Z,NIVF,10:30,a6_reverse_split_proxy,split_ratio_proxy=1272.51,a6,0.4031,closed,2026-08-28,2026-08-28T15:20:00Z,0.425,paper_target,5.432895063259731,0,7.3679,0.0
2026-08-28,2026-08-28T14:40:00Z,DBGI,10:30,a6_reverse_split_proxy,split_ratio_proxy=112.15,a6,6.42,closed,2026-08-28,2026-08-28T15:30:00Z,6.8,paper_target,5.919003115264796,0,7.9424,0.0
2026-08-28,2026-08-28T14:40:00Z,WCT,10:30,a1_spread_guardrail,spread_pct=8.24,,0.6501,closed,2026-08-28,2026-08-28T14:40:00Z,0.696,paper_target,7.060452238117204,0,9.214,-0.7845
2026-08-28,2026-08-28T14:40:00Z,YYGH,10:30,a3_prior_spike,ratio=1.853;vol_spike=199.02,,1.6607,closed,2026-10-01,2026-10-01T20:00:00Z,,no_data_likely_delisted,,3,11.4048,-19.9133
2026-08-28,2026-08-28T14:40:00Z,OLOX,10:30,a3_prior_spike,ratio=1.521;vol_spike=144.78,,1.1736,closed,2026-09-03,2026-09-03T19:55:00Z,0.8802,paper_drawdown_stop_25pct,-25.0,2,6.5099,-28.4254
2026-08-28,2026-08-28T14:40:00Z,ANTA,10:30,a1_spread_guardrail,spread_pct=11.30,,3.5401,closed,2026-08-28,2026-08-28T18:35:00Z,3.93,paper_target,11.013813169119526,0,13.2736,0.0
2026-08-31,2026-08-31T13:41:00Z,JUNS,9:30,a3_prior_spike,peak_to_baseline=2.224;volume_spike=801.48,,3.1,closed,2026-08-31,2026-08-31T15:15:00Z,3.26,paper_target,5.1612903226,0,9.9613,-7.0968
2026-08-31,2026-08-31T13:41:00Z,WHLR,9:30,a6_reverse_split_proxy,split_ratio_proxy=22936.05,a6,0.8132,closed,2026-08-31,2026-08-31T14:45:00Z,0.7499,paper_auto_liquidate_60min,-7.7840629611,0,-0.4181,-9.1613
2026-08-31,2026-08-31T13:41:00Z,DAIC,9:30,a3_prior_spike,peak_to_baseline=8.491;volume_spike=2868.09,,3.59,closed,2026-08-31,2026-08-31T13:55:00Z,3.77,paper_target,5.0139275766,0,5.8496,-3.6212
2026-08-31,2026-08-31T13:41:00Z,BTAI,9:30,a2_atr_guardrail,atr14_pct=0.9775;atr3_pct=1.4989,,0.1536,closed,2026-08-31,2026-08-31T14:20:00Z,0.162,paper_target,5.46875,0,5.7943,-4.0365
2026-08-31,2026-08-31T13:41:00Z,AEMD,9:30,a6_reverse_split_proxy,split_ratio_proxy=50.95,a6,2.0606,closed,2026-08-31,2026-08-31T14:45:00Z,1.995,paper_auto_liquidate_60min,-3.1835387751,0,-0.9997,-6.8233
2026-08-31,2026-08-31T13:41:00Z,LX,9:30,a4_earnings_recency,days_since_earnings=0,,1.02,closed,2026-08-31,2026-08-31T16:30:00Z,1.08,paper_target,5.8823529412,0,6.8627,-4.8922
2026-08-31,2026-08-31T13:41:00Z,RNAZ,9:30,a7_thin_liquidity_stale_quote,ask_gap_pct=0.0316;last_real_price=1.90;reason=gap_exceeded,,1.9,closed,2026-08-31,2026-08-31T13:45:00Z,2,paper_target,5.2631578947,0,7.3632,3.9474
2026-08-31,2026-08-31T13:41:00Z,CRE,9:30,a1_spread_guardrail,spread_pct=0.1020,,3.3341,closed,2026-08-31,2026-08-31T18:45:00Z,3.44,paper_target,3.176269458,0,4.373,-9.1209
2026-08-31,2026-08-31T13:41:00Z,CHAI,9:30,a3_prior_spike,peak_to_baseline=1.581;volume_spike=439.22,,0.3446,closed,2026-08-31,2026-08-31T14:45:00Z,0.362,paper_target,5.0493325595,0,5.3976,-3.3372
2026-08-31,2026-08-31T13:41:00Z,TENX,9:30,a3_prior_spike,peak_to_baseline=2.601;volume_spike=1.96,,1.885,closed,2026-09-03,2026-09-03T19:55:00Z,2.0,paper_target,6.1008,1,8.2228,-6.1008
2026-08-31,2026-08-31T13:41:00Z,DUO,9:30,a3_prior_spike,peak_to_baseline=1.823;volume_spike=3471.58,,0.8501,closed,2026-08-31,2026-08-31T13:55:00Z,0.893,paper_target,5.0464651218,0,6.4816,-4.7053
2026-08-31,2026-08-31T13:41:00Z,MEDS,9:30,a3_prior_spike,peak_to_baseline=1.673;volume_spike=7.14,,0.8681,closed,2026-08-31,2026-08-31T13:50:00Z,0.912,paper_target,5.0570210805,0,7.1075,-3.7323
2026-08-31,2026-08-31T13:41:00Z,AFRU,9:30,a3_prior_spike,peak_to_baseline=1.366;volume_spike=73.54,,9.64,closed,2026-08-31,2026-08-31T14:20:00Z,10.13,paper_target,5.0829875519,0,5.9129,0.1048
2026-08-31,2026-08-31T13:41:00Z,ZTEK,9:30,a5_compliance_guardrail,financial_status_indicator=CC4;financial_status_description=Noncompliant,a5,0.4945,closed,2026-08-31,2026-08-31T14:45:00Z,0.52,paper_target,5.1567239636,0,5.1567,-8.635
2026-08-31,2026-08-31T13:41:00Z,CELU,9:30,a3_prior_spike,peak_to_baseline=3.665;volume_spike=8978.11,,1.395,closed,2026-08-31,2026-08-31T14:00:00Z,1.47,paper_target,5.376344086,0,7.5269,0
2026-08-31,2026-08-31T13:41:00Z,VNRX,9:30,a5_compliance_guardrail,financial_status_indicator=CB4;financial_status_description=Noncompliant,a5;a6,0.3988,closed,2026-08-31,2026-08-31T15:55:00Z,0.419,paper_target,5.0651955868,0,6.1434,-5.341
2026-08-31,2026-08-31T13:41:00Z,XLAB,9:30,a3_prior_spike,peak_to_baseline=1.527;volume_spike=26.96,,4.4122,closed,2026-09-03,2026-09-03T19:55:00Z,4.89,paper_target,10.8291,1,12.8689,-22.9409
2026-08-31,2026-08-31T14:38:00Z,TRON,10:30,a3_prior_spike,peak_to_baseline_ratio=1.603;volume_spike_ratio=32.15,,1.695,closed,2026-08-31,2026-08-31T18:30:00Z,1.75,paper_target,3.2448377581,0,3.8348,-0.885
2026-08-31,2026-08-31T14:38:00Z,EDVA,10:30,a1_spread,spread_pct=0.1551,,0.263,closed,2026-08-31,2026-08-31T14:40:00Z,0.277,paper_target,5.3231939163,0,14.3726,12.6996
2026-08-31,2026-08-31T14:38:00Z,GOVX,10:30,a5_compliance,financial_status_indicator=CC4;financial_status_description=Noncompliant,a5;a6,0.6243,closed,2026-08-31,2026-08-31T19:05:00Z,0.644,paper_target,3.1555341983,0,3.1716,-2.8992
2026-08-31,2026-08-31T14:38:00Z,GCL,10:30,a1_spread,spread_pct=0.1171,,0.6107,closed,2026-09-03,2026-09-03T19:50:00Z,0.632,paper_target,3.4878,1,5.5183,-18.1267
2026-08-31,2026-08-31T14:38:00Z,AGRZ,10:30,a3_prior_spike,peak_to_baseline_ratio=1.936;volume_spike_ratio=241.89,,0.2146,closed,2026-08-31,2026-08-31T19:50:00Z,0.219,paper_target,2.0503261883,0,2.8891,-4.287
2026-08-31,2026-08-31T14:38:00Z,NVX,10:30,a5_compliance,financial_status_indicator=CC4;financial_status_description=Noncompliant,a5,3.145,closed,2026-09-09,2026-09-09T00:00:00Z,2.74,paper_time_stop_4_sessions,-12.8776,4,0.2671,-15.7393
2026-08-31,2026-08-31T14:38:00Z,ENLV,10:30,a6_reverse_split_proxy,split_ratio_proxy=22.72,a6,1.195,closed,2026-08-31,2026-08-31T15:30:00Z,1.26,paper_target,5.4393305439,0,5.4393,-2.0921
2026-09-02,2026-09-02T13:42:00Z,AMOD,9:30,a5_compliance,financial_status_indicator=CC4;financial_status_description=Noncompliant,a5;a6,2.1600,closed,2026-09-02,2026-09-02T19:15:00Z,2.2248,paper_target,3.0000,0,4.1667,-7.4074
2026-09-02,2026-09-02T13:42:00Z,CDT,9:30,a6_reverse_split_proxy,split_ratio_proxy=2364.70;high_52_weeks=2719.4;last_price=1.15,a6,1.1500,closed,2026-09-03,2026-09-03T19:55:00Z,0.8625,paper_drawdown_stop_25pct,-25.0,1,4.3478,-39.1217
2026-09-02,2026-09-02T13:42:00Z,ASTN,9:30,a8_leveraged_etf,industry=Investment Trusts Or Mutual Funds;description_marker=2x inverse exposure,a8,5.1300,closed,2026-09-09,2026-09-09T00:00:00Z,4.465,paper_time_stop_4_sessions,-12.963,4,0.0,-24.4795
2026-09-02,2026-09-02T13:42:00Z,LHSW,9:30,a3_prior_spike,peak_to_baseline_ratio=1.488;volume_spike_ratio=27.42,,2.6025,closed,2026-09-02,2026-09-02T13:50:00Z,2.7326,paper_target,5.0000,0,10.6628,-0.4803
2026-09-02,2026-09-02T13:42:00Z,FMFC,9:30,a5_compliance,financial_status_indicator=CC4;financial_status_description=Noncompliant,a5;a6,0.1939,closed,2026-09-02,2026-09-02T14:10:00Z,0.2036,paper_target,5.0000,0,7.2202,-1.2893
2026-09-02,2026-09-02T13:42:00Z,HKPD,9:30,a2_atr,atr3_pct=0.9148;atr14_pct=0.3949,,0.1537,closed,2026-09-02,2026-09-02T14:25:00Z,0.1614,paper_target,5.0000,0,5.4001,-0.6506
2026-09-02,2026-09-02T13:42:00Z,KIDZ,9:30,a6_reverse_split_proxy,split_ratio_proxy=6517.65;high_52_weeks=21900.0;last_price=3.3603,a6,3.3603,closed,2026-09-02,2026-09-02T13:55:00Z,3.5283,paper_target,5.0000,0,6.8357,0.0000
2026-09-02,2026-09-02T13:42:00Z,DBGI,9:30,a6_reverse_split_proxy,split_ratio_proxy=169.01;high_52_weeks=720.0;last_price=4.26,a6,4.2600,closed,2026-09-02,2026-09-02T13:45:00Z,4.4730,paper_target,5.0000,0,5.0469,0.0000
2026-09-02,2026-09-02T13:42:00Z,USDE,9:30,a3_prior_spike,peak_to_baseline_ratio=3.73;volume_spike_ratio=285.12,,7.4060,closed,2026-09-03,2026-09-03T19:55:00Z,8.83,paper_target,19.2277,1,21.5906,-6.6973
2026-09-02,2026-09-02T13:42:00Z,WETO,9:30,a2_atr,atr14_pct=2.0001;atr3_pct=1.1476,,5.1500,closed,2026-09-02,2026-09-02T14:00:00Z,3.8625,paper_drawdown_stop_25pct,-25.0000,0,0.0000,-32.4272
2026-09-02,2026-09-02T13:42:00Z,DLXY,9:30,a1_spread,spread_pct=0.1099,,0.3723,closed,2026-09-02,2026-09-02T14:10:00Z,0.3909,paper_target,5.0000,0,10.3680,0.0000
2026-09-02,2026-09-02T13:42:00Z,ORKT,9:30,a1_spread,spread_pct=0.1822,,0.9305,closed,2026-09-02,2026-09-02T14:25:00Z,0.9770,paper_target,5.0000,0,7.5228,0.0000
2026-09-02,2026-09-02T13:42:00Z,ELOG,9:30,a1_spread,spread_pct=0.2453,,0.7299,closed,2026-09-09,2026-09-09T15:20:00Z,0.7546,paper_target,3.384,4,5.4939,-13.6868
2026-09-02,2026-09-02T13:42:00Z,YSG,9:30,a4_earnings_recency,days_since_earnings=0;report_date=2026-09-02,,2.3750,closed,2026-09-02,2026-09-02T13:45:00Z,2.4937,paper_target,5.0000,0,5.6842,0.0000
2026-09-02,2026-09-02T13:42:00Z,IPEX,9:30,a7_thin_liquidity,ask_gap_pct=0.0333;last_real_price=9.678;ask=10.00;reason=gap_exceeded,,9.6780,closed,2026-09-02,2026-09-02T19:45:00Z,9.8716,paper_target,2.0000,0,10.5600,0.0000
2026-09-02,2026-09-02T13:42:00Z,CLGN,9:30,a1_spread,spread_pct=0.0867,,0.3344,closed,2026-09-02,2026-09-02T19:55:00Z,0.3411,paper_target,2.0000,0,3.4689,-12.9187
2026-09-02,2026-09-02T14:42:00Z,APUS,10:30,a1_spread,spread_pct=0.1493,,2.8800,closed,2026-09-09,2026-09-09T00:00:00Z,2.25,paper_time_stop_4_sessions,-21.875,4,3.4722,-24.4792
2026-09-02,2026-09-02T14:42:00Z,NUR,10:30,a1_spread,spread_pct=0.1459,,1.8504,closed,2026-09-02,2026-09-02T14:55:00Z,1.9429,paper_target,5.0000,0,8.6252,0.0000
2026-09-02,2026-09-02T14:42:00Z,DGZ,10:30,a1_spread,spread_pct=0.2107,,4.8400,closed,2026-09-08,2026-09-08T20:00:00Z,5.1009,paper_target,5.3905,3,7.5413,0.0000
2026-09-02,2026-09-02T14:42:00Z,DDC,10:30,a1_spread,spread_pct=0.0928,,0.3081,closed,2026-09-02,2026-09-02T15:15:00Z,0.3235,paper_target,5.0000,0,5.2905,-2.5966
2026-09-02,2026-09-02T14:42:00Z,WHLR,10:30,a2_atr,atr_14_pct=0.8049;atr_3_pct=0.6295,,0.5037,closed,2026-09-02,2026-09-02T15:10:00Z,0.5289,paper_target,5.0000,0,9.1523,-2.7199
2026-09-02,2026-09-02T14:42:00Z,SSM,10:30,a3_prior_spike,ratio=1.912;volume_spike=619.69,,4.0500,closed,2026-09-02,2026-09-02T16:00:00Z,4.2525,paper_target,5.0000,0,6.1728,-4.9136
2026-09-02,2026-09-02T14:42:00Z,RDAC,10:30,a3_prior_spike,ratio=3.565;volume_spike=17090.89,,5.6600,closed,2026-09-02,2026-09-02T15:10:00Z,5.9430,paper_target,5.0000,0,7.1272,0.0000
2026-09-02,2026-09-02T14:42:00Z,SDST,10:30,a5_compliance,financial_status_indicator=CC4;financial_status_description=Noncompliant,a5;a6,0.2747,closed,2026-09-03,2026-09-03T19:55:00Z,0.206025,paper_drawdown_stop_25pct,-25.0,1,0.7645,-34.474
2026-09-02,2026-09-02T14:42:00Z,TANH,10:30,a5_compliance,financial_status_indicator=CC4;financial_status_description=Noncompliant,a5,0.3000,closed,2026-09-02,2026-09-02T17:15:00Z,0.2250,paper_drawdown_stop_25pct,-25.0000,0,2.6333,-25.4667
2026-09-02,2026-09-02T14:42:00Z,DFNS,10:30,a5_compliance,financial_status_indicator=CC4;financial_status_description=Noncompliant,a5;a6,9.0001,closed,2026-09-02,2026-09-02T18:15:00Z,9.3601,paper_target,4.0000,0,4.7311,-5.4444
2026-09-02,2026-09-02T14:42:00Z,LABT,10:30,a6_reverse_split_proxy,split_ratio_proxy=39.52,a6,2.4850,closed,2026-09-03,2026-09-03T19:55:00Z,1.86375,paper_drawdown_stop_25pct,-25.0,1,0.0,-25.1509
2026-09-03,2026-09-03T13:37:00Z,TNMG,9:30,a1_spread,spread_pct=0.1241,,0.402,closed,2026-09-03,2026-09-03T14:30:00Z,0.423,paper_target,5.2239,0,6.3433,-4.2289
2026-09-03,2026-09-03T13:37:00Z,XTLB,9:30,a1_spread,spread_pct=0.1203,,2.66,closed,2026-09-10,2026-09-10T20:00:00Z,2.52,paper_time_stop_4_sessions,-5.2632,4,0.0,-9.7744
2026-09-03,2026-09-03T13:37:00Z,FLX,9:30,a1_spread,spread_pct=0.1033,,1.84,closed,2026-09-03,2026-09-03T13:40:00Z,1.95,paper_target,5.9783,0,7.6087,0.0
2026-09-03,2026-09-03T13:37:00Z,HTOO,9:30,a1_spread,spread_pct=0.1691,,2.07,closed,2026-09-03,2026-09-03T13:40:00Z,2.18,paper_target,5.314,0,6.0386,0.0
2026-09-03,2026-09-03T13:37:00Z,ADBT,9:30,a2_atr_guardrail,atr14_pct=0.594;atr3_pct=1.0506,,1.38,closed,2026-09-03,2026-09-03T13:55:00Z,1.035,paper_drawdown_stop_25pct,-25.0,0,0.0,-31.1594
2026-09-03,2026-09-03T13:37:00Z,FAMI,9:30,a2_atr_guardrail,atr14_pct=0.4127;atr3_pct=1.1002,,0.1284,closed,2026-09-03,2026-09-03T14:10:00Z,0.135,paper_target,5.1402,0,5.6854,-8.4891
2026-09-03,2026-09-03T13:37:00Z,FBLG,9:30,a3_prior_spike,ratio=1.907;volume_spike=5.34,,1.73,closed,2026-09-03,2026-09-03T13:40:00Z,1.82,paper_target,5.2023,0,6.9364,0.0
2026-09-03,2026-09-03T13:37:00Z,SSM,9:30,a3_prior_spike,ratio=1.895;volume_spike=525.80,,4.3,closed,2026-09-04,2026-09-04T20:00:00Z,3.225,paper_drawdown_stop_25pct,-25.0,1,3.4884,-26.7442
2026-09-03,2026-09-03T13:37:00Z,SCNI,9:30,a5_compliance_guardrail,financial_status_indicator=CC4;financial_status_description=Noncompliant,a5,2.02,closed,2026-09-10,2026-09-10T20:00:00Z,1.65,paper_time_stop_4_sessions,-18.3168,4,2.9703,-18.3168
2026-09-03,2026-09-03T13:37:00Z,BRTX,9:30,a5_compliance_guardrail,financial_status_indicator=CC10;financial_status_description=Noncompliant,a5,0.1787,closed,2026-09-08,2026-09-08T20:00:00Z,3.1654,paper_target,1671.3486,2,1707.4986,-20.2574
2026-09-03,2026-09-03T13:37:00Z,APVO,9:30,a6_reverse_split_proxy,split_ratio_proxy=22.73,a6,2.1461,closed,2026-09-03,2026-09-03T19:00:00Z,1.609575,paper_drawdown_stop_25pct,-25.0,0,1.5796,-36.1633
2026-09-03,2026-09-03T13:37:00Z,CRCD,9:30,a6_reverse_split_proxy,split_ratio_proxy=34.41,a6;a8,2.125,closed,2026-09-10,2026-09-10T20:00:00Z,2.115,paper_time_stop_4_sessions,-0.4706,4,0.0,-22.3529
2026-09-03,2026-09-03T13:37:00Z,AXTX,9:30,a6_reverse_split_proxy,split_ratio_proxy=16.29,a6;a8,4.6875,closed,2026-09-03,2026-09-03T14:55:00Z,4.93,paper_target,5.1733,0,6.8779,-5.1733
2026-09-03,2026-09-03T13:37:00Z,CIEG,9:30,a8_leveraged_inverse_etf,industry=Investment Trusts Or Mutual Funds;description_marker=2x leveraged exposure,a8,3.57,closed,2026-09-04,2026-09-04T20:00:00Z,3.65,paper_target,2.2409,1,3.6415,-7.423
2026-09-03,2026-09-03T13:37:00Z,CIEX,9:30,a8_leveraged_inverse_etf,industry=Investment Trusts Or Mutual Funds;description_marker=200% leveraged exposure,a8,9.46,closed,2026-09-08,2026-09-08T20:00:00Z,10.6721,paper_target,12.8129,2,15.1152,-7.5042
2026-09-03,2026-09-03T13:37:00Z,AEHG,9:30,a8_leveraged_inverse_etf,industry=Investment Trusts Or Mutual Funds;description_marker=2x leveraged exposure,a8,5.5,closed,2026-09-03,2026-09-03T13:40:00Z,5.8,paper_target,5.4545,0,7.4545,0.0
2026-09-03,2026-09-03T13:37:00Z,MSTZ,9:30,a8_leveraged_inverse_etf,industry=Investment Trusts Or Mutual Funds;description_marker=(-2x) inverse exposure,a8,4.97,closed,2026-09-03,2026-09-03T19:50:00Z,3.7275,paper_drawdown_stop_25pct,-25.0,0,0.0,-26.7606
2026-09-03,2026-09-03T13:37:00Z,AXTL,9:30,a8_leveraged_inverse_etf,industry=Investment Trusts Or Mutual Funds;description_marker=2x leveraged exposure,a8,1.81,closed,2026-09-03,2026-09-03T14:55:00Z,1.91,paper_target,5.5249,0,6.6409,-4.9724
2026-09-03,2026-09-03T14:44:00Z,WETO,10:30,a2_atr_guardrail,atr_14_pct=2.592;atr_3_pct=1.594,,3.1587,closed,2026-09-03,2026-09-03T17:35:00Z,3.29,paper_target,4.1568,0,5.4231,-1.5418
2026-09-03,2026-09-03T14:44:00Z,NWGL,10:30,a3_prior_spike,ratio=3.372;volume_spike=10.59,,0.97,closed,2026-09-03,2026-09-03T14:50:00Z,1.02,paper_target,5.1546,0,5.1546,-2.0515
2026-09-03,2026-09-03T14:44:00Z,VIOT,10:30,a3_prior_spike,ratio=2.628;volume_spike=985.72,,1.5,closed,2026-09-03,2026-09-03T15:05:00Z,1.59,paper_target,6.0,0,8.0,0.0
2026-09-03,2026-09-03T14:44:00Z,RNXT,10:30,a3_prior_spike,ratio=2.056;volume_spike=5.01,,2.1212,closed,2026-09-03,2026-09-03T15:45:00Z,2.23,paper_target,5.1292,0,5.6006,-6.6566
2026-09-03,2026-09-03T14:44:00Z,GYGY,10:30,a3_prior_spike,ratio=1.873;volume_spike=465.00,,1.5,closed,2026-09-03,2026-09-03T17:50:00Z,1.56,paper_target,4.0,0,5.3267,-9.3333
2026-09-03,2026-09-03T14:44:00Z,SVRN,10:30,a3_prior_spike,ratio=1.573;volume_spike=10.96,,9.34,closed,2026-09-03,2026-09-03T15:25:00Z,10.1,paper_target,8.137,0,10.2784,-1.7131
2026-09-03,2026-09-03T14:45:00Z,XRTX,10:30,a7_thin_liquidity,no_recent_real_trades,,2.1718,closed,2026-09-03,2026-09-03T15:35:00Z,2.29,paper_target,5.4425,0,5.4425,0.0
2026-09-03,2026-09-03T14:45:00Z,JBDI,10:30,a7_thin_liquidity,no_recent_real_trades,,1.22,closed,2026-09-03,2026-09-03T14:55:00Z,1.29,paper_target,5.7377,0,7.377,0.0
2026-09-03,2026-09-03T14:45:00Z,BMNZ,10:30,a8_leveraged_inverse_etf,check=i_industry;industry=Investment Trusts Or Mutual Funds;description=2x inverse exposure,a8,5.35,closed,2026-09-04,2026-09-04T20:00:00Z,5.46,paper_target,2.0561,1,3.1776,-11.215
2026-09-03,2026-09-03T14:45:00Z,LOFD,10:30,a8_leveraged_inverse_etf,check=i_industry;industry=Investment Trusts Or Mutual Funds;description=2x inverse daily exposure,a8,6.635,closed,2026-09-04,2026-09-04T20:00:00Z,6.77,paper_target,2.0347,1,3.8282,-4.0693
2026-09-04,2026-09-04T13:42:00Z,IFBD,9:30,a1_spread,spread_pct=0.2245,,0.98,closed,2026-09-11,2026-09-11T20:00:00Z,0.99,paper_time_stop_4_sessions,1.0204,4,1.9694,-8.1633
2026-09-04,2026-09-04T13:42:00Z,EGAN,9:30,a4_earnings_recency,days_since_earnings=1;report_date=2026-09-03,,5.525,closed,2026-09-04,2026-09-04T16:20:00Z,5.81,paper_target,5.1584,0,5.7014,-1.095
2026-09-04,2026-09-04T13:42:00Z,BTAI,9:30,a2_atr,atr_14_pct=1.037;atr_3_pct=0.438,,0.0928,closed,2026-09-04,2026-09-04T17:55:00Z,0.0696,paper_drawdown_stop_25pct,-25.0,0,0.6466,-25.6466
2026-09-04,2026-09-04T13:42:00Z,ADBT,9:30,a2_atr,atr_14_pct=3.271;atr_3_pct=4.460,,0.285,closed,2026-09-04,2026-09-04T14:15:00Z,0.3,paper_target,5.2632,0,6.3509,-2.7719
2026-09-04,2026-09-04T13:42:00Z,ALP,9:30,a5_compliance,financial_status_indicator=CC4;financial_status_description=Noncompliant,a5;a6,0.0969,closed,2026-09-04,2026-09-04T14:35:00Z,0.102,paper_target,5.2632,0,5.9856,-1.7544
2026-09-04,2026-09-04T13:42:00Z,GYGY,9:30,a3_prior_spike,peak_to_baseline_ratio=1.954;volume_spike_ratio=335.47,,1.29,closed,2026-09-11,2026-09-11T20:00:00Z,1.0899,paper_time_stop_4_sessions,-15.5116,4,4.6512,-19.3798
2026-09-04,2026-09-04T13:42:00Z,SPWR,9:30,a3_prior_spike,peak_to_baseline_ratio=2.003;volume_spike_ratio=59.11,,0.3493,closed,2026-09-04,2026-09-04T14:00:00Z,0.367,paper_target,5.0673,0,7.1285,0.0
2026-09-04,2026-09-04T13:42:00Z,DSS,9:30,a3_prior_spike,peak_to_baseline_ratio=2.156;volume_spike_ratio=4901.52,,0.7281,closed,2026-09-04,2026-09-04T15:15:00Z,0.765,paper_target,5.068,0,5.7547,-6.359
2026-09-04,2026-09-04T13:42:00Z,FAMI,9:30,a2_atr,atr_14_pct=0.351;atr_3_pct=1.201,,0.1068,closed,2026-09-04,2026-09-04T19:55:00Z,0.109,paper_target,2.0599,0,2.6217,-9.2697
2026-09-04,2026-09-04T13:42:00Z,CMND,9:30,a6_reverse_split_proxy,split_ratio_proxy=349.3,a6,1.5001,closed,2026-09-08,2026-09-08T20:00:00Z,1.12508,paper_drawdown_stop_25pct,-25.0000,1,0.0000,-38.6774
2026-09-04,2026-09-04T13:42:00Z,ADBG,9:30,a8_leveraged_inverse_etf,industry=Investment Trusts Or Mutual Funds;description_marker=2x leveraged exposure/daily price movement of,a8,4.745,closed,2026-09-11,2026-09-11T20:00:00Z,4.185,paper_time_stop_4_sessions,-11.8019,4,6.2171,-18.9715
2026-09-04,2026-09-04T13:42:00Z,ALBG,9:30,a8_leveraged_inverse_etf,industry=Investment Trusts Or Mutual Funds;description_marker=2x leveraged exposure/daily price movement of,a8,6.02,closed,2026-09-04,2026-09-04T15:35:00Z,6.33,paper_target,5.1495,0,6.8106,0.0
2026-09-04,2026-09-04T13:42:00Z,ASAN,9:30,a4_earnings_recency,days_since_earnings=1;report_date=2026-09-03,,8.86,closed,2026-09-11,2026-09-11T20:00:00Z,8.77,paper_time_stop_4_sessions,-1.0158,4,1.693,-8.7472
2026-09-04,2026-09-04T13:42:00Z,GELS,9:30,a3_prior_spike,peak_to_baseline_ratio=1.948;volume_spike_ratio=2953.88,,0.78,closed,2026-09-04,2026-09-04T14:05:00Z,0.82,paper_target,5.1282,0,6.4103,-1.141
2026-09-04,2026-09-04T13:42:00Z,RITR,9:30,a5_compliance,financial_status_indicator=CC4;financial_status_description=Noncompliant,a5;a6,0.093,closed,2026-09-11,2026-09-11T20:00:00Z,0.0847,paper_time_stop_4_sessions,-8.9247,4,4.4086,-11.7204
2026-09-04,2026-09-04T13:42:00Z,IRAB,9:30,a7_thin_liquidity,reason=no_recent_real_trades,,10.02,closed,2026-09-11,2026-09-11T20:00:00Z,10.0,paper_time_stop_4_sessions,-0.1996,4,0.5988,-0.1996
2026-09-04,2026-09-04T13:42:00Z,TXXD,9:30,a3_prior_spike,peak_to_baseline_ratio=1.698;volume_spike_ratio=16.78,,4.1,closed,2026-09-08,2026-09-08T20:00:00Z,45.129,paper_target,1000.7073,1,1023.1707,-3.0585
2026-09-04,2026-09-04T13:42:00Z,USDE,9:30,a3_prior_spike,peak_to_baseline_ratio=3.249;volume_spike_ratio=181.53,,8.0134,closed,2026-09-09,2026-09-09T00:00:00Z,8.2614,paper_target,3.0948,2,5.1988,-12.8959
2026-09-04,2026-09-04T13:42:00Z,GEMG,9:30,a6_reverse_split_proxy,split_ratio_proxy=42.8,a6;a8,8.28,closed,2026-09-04,2026-09-04T19:15:00Z,8.53,paper_target,3.0193,0,4.6498,-3.5374
2026-09-04,2026-09-04T14:40:00Z,DVLT,10:30,a5_compliance_guardrail,financial_status_indicator=CC4;financial_status_description=Noncompliant,a5;a6,0.2158,closed,2026-09-04,2026-09-04T14:50:00Z,0.227,paper_target,5.19,0,6.1168,-1.5292
2026-09-04,2026-09-04T14:40:00Z,CBRZ,10:30,a8_leveraged_inverse_etf,industry=Investment Trusts Or Mutual Funds,a8,8.1,closed,2026-09-08,2026-09-08T20:00:00Z,8.6142,paper_target,6.3481,1,8.5185,-12.7481
2026-09-04,2026-09-04T14:40:00Z,WETO,10:30,a2_atr_guardrail,atr_14_pct=2.924>=0.80,,2.625,closed,2026-09-04,2026-09-04T14:40:00Z,2.76,paper_target,5.1429,0,5.5238,-4.7619
2026-09-04,2026-09-04T14:40:00Z,DETX,10:30,a7_thin_liquidity,ask_gap_pct=0.0381>0.03;last_real_price=2.100;ask=2.18;gap-exceeded,,2.1,closed,2026-09-04,2026-09-04T14:45:00Z,2.21,paper_target,5.2381,0,7.1429,0.0
2026-09-04,2026-09-04T14:40:00Z,VACI,10:30,a7_thin_liquidity,no_recent_real_trades (all bars interpolated in 15min window),,7.2558,closed,2026-09-11,2026-09-11T20:00:00Z,6.565,paper_time_stop_4_sessions,-9.5207,4,18.9393,-15.9279
2026-09-04,2026-09-04T14:40:00Z,PFAI,10:30,a1_spread_pct,spread_pct=0.1336>0.08,,2.62,closed,2026-09-09,2026-09-09T00:00:00Z,2.7342,paper_target,4.3588,1,6.4885,0.0
2026-09-04,2026-09-04T14:40:00Z,BRNX,10:30,a3_prior_spike,peak_to_baseline_ratio=3.089>=2.5,,2.68,closed,2026-09-10,2026-09-10T20:00:00Z,2.7336,paper_target,2.0,3,1.1194,-22.0112
2026-09-04,2026-09-04T14:40:00Z,GIXI,10:30,a2_atr_guardrail,atr_3_pct=0.9366>=0.80,,5.92,closed,2026-09-08,2026-09-08T20:00:00Z,6.12382,paper_target,3.4430,1,5.5541,-6.0811
2026-09-04,2026-09-04T14:40:00Z,JAGX,10:30,a6_reverse_split_proxy,split_ratio_proxy=140.0>15 (high_52w=85.3965/last=0.61),a6,0.61,closed,2026-09-08,2026-09-08T20:00:00Z,0.4575,paper_drawdown_stop_25pct,-25.0000,1,1.2295,-34.4262
2026-09-04,2026-09-04T14:40:00Z,ABTC,10:30,a6_reverse_split_proxy,split_ratio_proxy=18.62>15 (high_52w=153.60/last=8.25),a6,8.25,closed,2026-09-08,2026-09-08T20:00:00Z,8.415,paper_target,2.0000,1,3.6364,-7.2727
2026-09-04,2026-09-04T14:40:00Z,NXL,10:30,a5_compliance_guardrail,financial_status_indicator=CC4;financial_status_description=Noncompliant,a5,4.7457,closed,2026-09-04,2026-09-04T17:30:00Z,4.94,paper_target,4.0942,0,5.5671,0.0
2026-09-04,2026-09-04T14:40:00Z,CMCM,10:30,a1_spread_pct,spread_pct=0.1280>0.08,,2.97,closed,2026-09-04,2026-09-04T14:55:00Z,3.12,paper_target,5.0505,0,5.3401,0.0
2026-09-04,2026-09-04T14:40:00Z,CAN,10:30,a3_prior_spike,peak_to_baseline_ratio=2.030>=1.35;volume_spike_ratio=11.18>=5.0,,0.352,closed,2026-09-04,2026-09-04T19:40:00Z,0.36,paper_target,2.2727,0,2.2727,-3.125
2026-09-04,2026-09-04T14:40:00Z,SDST,10:30,a5_compliance_guardrail,financial_status_indicator=CC4;financial_status_description=Noncompliant,a5;a6,0.1701,closed,2026-09-08,2026-09-08T20:00:00Z,0.176106,paper_target,3.5309,1,5.6437,-4.0564
2026-09-04,2026-09-04T14:40:00Z,MGN,10:30,a1_spread_pct,spread_pct=0.1039>0.08,,0.104,closed,2026-09-09,2026-09-09T00:00:00Z,0.821,paper_target,689.4654,1,705.5769,-5.7692
2026-09-08,2026-09-08T13:38:00Z,YI,9:30,a1_spread,spread_pct=0.1301(ask=3.40;bid=3.05;last=2.69),,2.69,closed,2026-09-08,2026-09-08T13:55:00Z,2.8245,paper_target,5.0000,0,22.6766,0.0000
2026-09-08,2026-09-08T13:38:00Z,HCWB,9:30,a1_spread,spread_pct=0.1037(ask=2.43;bid=2.19;last=2.315),,2.315,closed,2026-09-08,2026-09-08T14:05:00Z,2.43075,paper_target,5.0000,0,6.6134,-9.2873
2026-09-08,2026-09-08T13:38:00Z,GIPR,9:30,a1_spread,spread_pct=0.0804(ask=0.4971;bid=0.46;last=0.4613),,0.4613,closed,2026-09-14,2026-09-14,0.3926,paper_time_stop_4_sessions,-14.8927,4,7.002,-19.0115
2026-09-08,2026-09-08T13:38:00Z,ANPA,9:30,a1_spread,spread_pct=0.0844(ask=3.70;bid=3.41;last=3.4362),,3.4362,closed,2026-09-14,2026-09-14,2.57715,paper_drawdown_stop_25pct,-25.0,4,2.7298,-31.9015
2026-09-08,2026-09-08T13:38:00Z,BRIA,9:30,a1_spread,spread_pct=0.2071(ask=1.45;bid=1.16;last=1.40),,1.4,closed,2026-09-08,2026-09-08T15:35:00Z,1.47,paper_target,5.0000,0,7.1429,-4.2929
2026-09-08,2026-09-08T13:38:00Z,TRBG,9:30,a2_atr,atr3_pct=1.7057(atr3=9.7817;last=5.735);atr14_pct=0.5015,,5.735,closed,2026-09-09,2026-09-09T00:00:00Z,4.3012,paper_drawdown_stop_25pct,-25.0,1,1.6565,-27.4629
2026-09-08,2026-09-08T13:38:00Z,NCT,9:30,a2_atr,atr14_pct=2.1181(atr14=0.7325;last=0.3459),,0.3459,closed,2026-09-08,2026-09-08T13:40:00Z,0.363195,paper_target,5.0000,0,7.6612,0.0000
2026-09-08,2026-09-08T13:38:00Z,FGL,9:30,a2_atr,atr14_pct=1.0625(atr14=8.6593;last=8.15),,8.15,closed,2026-09-08,2026-09-08T13:40:00Z,8.5575,paper_target,5.0000,0,12.1472,0.0000
2026-09-08,2026-09-08T13:38:00Z,SGRX,9:30,a3_prior_spike,ratio=1.3648(peak=5.5045;baseline=4.0332);volume_spike=2478.5(>=5.0),,1.6701,closed,2026-09-08,2026-09-08T13:50:00Z,1.75361,paper_target,5.0000,0,5.9817,0.0000
2026-09-08,2026-09-08T13:38:00Z,ONCO,9:30,a3_prior_spike,ratio=1.3584(peak=1.05;baseline=0.7730);volume_spike=17.63(>=5.0),,0.85,closed,2026-09-08,2026-09-08T13:45:00Z,0.8925,paper_target,5.0000,0,6.9059,-3.5294
2026-09-08,2026-09-08T13:38:00Z,NWGL,9:30,a3_prior_spike,ratio=3.588(peak=1.4099;baseline=0.39303;>=2.5 hard-skip),,1.0473,closed,2026-09-08,2026-09-08T13:40:00Z,1.09966,paper_target,5.0000,0,5.0320,0.0000
2026-09-08,2026-09-08T13:38:00Z,RGTZ,9:30,a8_leveraged_etf,"industry=Investment Trusts Or Mutual Funds;desc contains 'leveraged, inverse exposure'",a8,2.805,closed,2026-09-08,2026-09-08T13:40:00Z,2.94525,paper_target,5.0000,0,5.8824,0.0000
2026-09-08,2026-09-08T13:38:00Z,IONZ,9:30,a6_reverse_split_proxy,split_ratio_proxy=42.34(high_52w=90.60;last=2.1398),a6;a8,2.1398,closed,2026-09-08,2026-09-08T13:40:00Z,2.24679,paper_target,5.0000,0,5.8510,0.0000
2026-09-08,2026-09-08T13:38:00Z,QBTZ,9:30,a6_reverse_split_proxy,split_ratio_proxy=30.45(high_52w=96.84;last=3.18),a6;a8,3.18,closed,2026-09-08,2026-09-08T13:40:00Z,3.339,paper_target,5.0000,0,5.0314,0.0000
2026-09-08,2026-09-08T13:38:00Z,CINT,9:30,a7_stale_quote,ask_gap_pct=0.0441(ask=3.08;last_real_price=2.95 @13:35-13:40 bar),,3.0201,closed,2026-09-08,2026-09-08T14:10:00Z,3.1711,paper_target,5.0000,0,5.9568,-3.1489
2026-09-08,2026-09-08T13:38:00Z,BIDG,9:30,a8_leveraged_etf,industry=Investment Trusts Or Mutual Funds;desc contains '2x leveraged exposure',a8,6.7392,closed,2026-09-08,2026-09-08T19:30:00Z,6.87398,paper_target,2.0000,0,2.2347,-2.0655
2026-09-08,2026-09-08T13:38:00Z,BEZ,9:30,a6_reverse_split_proxy,split_ratio_proxy=51.06(high_52w=306.60;last=6.005),a6;a8,6.005,closed,2026-09-10,2026-09-10T20:00:00Z,6.170571,paper_target,2.7572,2,4.8543,-9.9917
2026-09-08,2026-09-08T13:38:00Z,LGHL,9:30,a6_reverse_split_proxy,split_ratio_proxy=875.7(high_52w=317.0583;last=0.362),a6,0.362,closed,2026-09-08,2026-09-08T13:40:00Z,0.3801,paper_target,5.0000,0,5.4420,0.0000
2026-09-08,2026-09-08T13:38:00Z,POM,9:30,a6_reverse_split_proxy,split_ratio_proxy=163.9(high_52w=115.74;last=0.706),a6,0.706,closed,2026-09-08,2026-09-08T15:35:00Z,0.7413,paper_target,5.0000,0,5.5666,-14.0652
2026-09-08,2026-09-08T13:38:00Z,OFAL,9:30,a5_compliance,financial_status_indicator=CC4;financial_status_description=Noncompliant,a5;a6,0.6965,closed,2026-09-08,2026-09-08T14:10:00Z,0.731325,paper_target,5.0000,0,5.5276,-4.2067
2026-09-08,2026-09-08T13:38:00Z,CORD,9:30,a6_reverse_split_proxy,split_ratio_proxy=24.88(high_52w=67.545;last=2.715),a6;a8,2.715,closed,2026-09-10,2026-09-10T20:00:00Z,2.7693,paper_target,2.0,2,1.6575,-24.6777
2026-09-08,2026-09-08T13:38:00Z,BAOS,9:30,a6_reverse_split_proxy,split_ratio_proxy=17.66(high_52w=5.22;last=0.2955),a6,0.2955,closed,2026-09-08,2026-09-08T14:00:00Z,0.310275,paper_target,5.0000,0,10.9306,-1.5228
2026-09-08,2026-09-08T13:38:00Z,NBIZ,9:30,a6_reverse_split_proxy,split_ratio_proxy=219.8(high_52w=1200.0;last=5.46),a6;a8,5.46,closed,2026-09-10,2026-09-10T20:00:00Z,5.5692,paper_target,2.0,2,3.1136,-16.5751
2026-09-08,2026-09-08T13:38:00Z,SKDD,9:30,a8_leveraged_etf,industry=Investment Trusts Or Mutual Funds;desc contains '2x inverse leveraged exposure',a8,7.45,closed,2026-09-08,2026-09-08T19:40:00Z,7.599,paper_target,2.0000,0,2.4161,-4.6980
2026-09-08,2026-09-08T14:37:00Z,YSXT,10:30,a1_spread,spread_pct=0.0985(ask=1.37;bid=1.24;last=1.32),,1.32,closed,2026-09-14,2026-09-14,1.2841,paper_time_stop_4_sessions,-2.7197,4,9.803,-11.3636
2026-09-08,2026-09-08T14:37:00Z,SDA,10:30,a1_spread,spread_pct=0.0833(ask=0.5634;bid=0.5201;last=0.5201),,0.5,closed,2026-09-08,2026-09-08T14:40:00Z,0.525,paper_target,5.0000,0,10.4800,0.0000
2026-09-08,2026-09-08T14:37:00Z,GPRO,10:30,a3_prior_spike,peak_to_baseline_ratio=3.4132;volume_spike_ratio=n/a(ratio>=2.5),,1.465,closed,2026-09-08,2026-09-08T15:25:00Z,1.53825,paper_target,5.0000,0,5.8020,-1.0239
2026-09-08,2026-09-08T14:37:00Z,NCPL,10:30,a3_prior_spike,peak_to_baseline_ratio=3.6088;volume_spike_ratio=n/a(ratio>=2.5),,0.5029,closed,2026-09-08,2026-09-08T19:50:00Z,0.512958,paper_target,2.0000,0,3.9968,-2.9628
2026-09-08,2026-09-08T14:37:00Z,TNON,10:30,a3_prior_spike,peak_to_baseline_ratio=3.4356;volume_spike_ratio=n/a(ratio>=2.5),,3.3,closed,2026-09-09,2026-09-09T00:00:00Z,2.475,paper_drawdown_stop_25pct,-25.0,1,11.2121,-27.2727
2026-09-08,2026-09-08T14:37:00Z,XBIO,10:30,a3_prior_spike,peak_to_baseline_ratio=1.5136;volume_spike_ratio=18.11,,4.17,closed,2026-09-08,2026-09-08T14:45:00Z,4.3785,paper_target,5.0000,0,9.4724,-4.0767
2026-09-08,2026-09-08T14:37:00Z,FTFT,10:30,a6_reverse_split_proxy,split_ratio_proxy=177.4(high_52w=248.32;last=1.3994),a6,1.4,closed,2026-09-09,2026-09-09T19:55:00Z,3.479,paper_target,148.5,1,153.5714,-12.1429
2026-09-08,2026-09-08T14:37:00Z,WLDS,10:30,a6_reverse_split_proxy,split_ratio_proxy=62.56(high_52w=102.5991;last=1.64),a6,1.64,closed,2026-09-08,2026-09-08T14:55:00Z,1.722,paper_target,5.0000,0,8.2317,-5.1829
2026-09-08,2026-09-08T14:37:00Z,JL,10:30,a7_stale_quote,no_recent_real_trades(all 3 bars in 15min window zero-volume/interpolated),,4.19,closed,2026-09-08,2026-09-08T14:50:00Z,4.3995,paper_target,5.0000,0,5.0119,0.0000
2026-09-09,2026-09-09T13:42:00Z,NNOX,9:30,a4_earnings_recency,days_since_earnings=0;report_date=2026-09-09,,0.703,closed,2026-09-09,2026-09-09T13:45:00Z,0.73815,paper_target,5.0,0,8.4211,-1.8492
2026-09-09,2026-09-09T13:42:00Z,NUR,9:30,a2_atr_guardrail,atr14_pct=0.4004;atr3_pct=1.1728,,1.874,closed,2026-09-09,2026-09-09T14:45:00Z,1.79,paper_auto_liquidate_60min,-4.4824,0,-2.1878,-7.1505
2026-09-09,2026-09-09T13:42:00Z,LHSW,9:30,a2_atr_guardrail,atr14_pct=0.9627;atr3_pct=2.1128,,1.0104,closed,2026-09-09,2026-09-09T14:00:00Z,1.06092,paper_target,5.0,0,11.8369,-3.6025
2026-09-09,2026-09-09T13:42:00Z,CRMT,9:30,a6_reverse_split_proxy,split_ratio_proxy=18.87;high_52w=37.74;last=2.00,a6,1.94,closed,2026-09-09,2026-09-09T17:10:00Z,1.455,paper_drawdown_stop_25pct,-25.0,0,2.5464,-25.2526
2026-09-09,2026-09-09T13:42:00Z,JFU,9:30,a1_spread_guardrail,spread_pct=0.1983;bid=2.41;ask=2.88;last=2.37,,2.21,closed,2026-09-09,2026-09-09T13:50:00Z,2.3205,paper_target,5.0,0,9.8778,9.8778
2026-09-09,2026-09-09T13:42:00Z,GOSS,9:30,a3_prior_spike_guardrail,peak_to_baseline_ratio=1.403;volume_spike_ratio=8.815,,0.1509,closed,2026-09-09,2026-09-09T13:45:00Z,0.158445,paper_target,5.0,0,8.4162,1.3254
2026-09-09,2026-09-09T13:42:00Z,GMEX,9:30,a6_reverse_split_proxy,split_ratio_proxy=14549.4;high_52w=7958.21;last=0.547,a6,0.555,closed,2026-09-09,2026-09-09T15:10:00Z,0.58275,paper_target,5.0,0,6.0721,-3.2252
2026-09-09,2026-09-09T13:42:00Z,SDA,9:30,a5_compliance_guardrail,financial_status_indicator=CC4;financial_status_description=Noncompliant,a5,0.434,closed,2026-09-09,2026-09-09T13:50:00Z,0.4557,paper_target,5.0,0,6.1982,0.2304
2026-09-09,2026-09-09T13:42:00Z,WHLR,9:30,a1_spread_guardrail,spread_pct=0.1403;bid=0.3304;ask=0.3799;last=0.3528,,0.3431,closed,2026-09-09,2026-09-09T13:40:00Z,0.360255,paper_target,5.0,0,5.3629,3.1769
2026-09-09,2026-09-09T13:42:00Z,FEED,9:30,a5_compliance_guardrail,financial_status_indicator=CC4;financial_status_description=Noncompliant,a5;a6,3.8001,closed,2026-09-09,2026-09-09T14:10:00Z,3.990105,paper_target,5.0,0,5.2604,-0.3395
2026-09-09,2026-09-09T13:42:00Z,UZX,9:30,a5_compliance_guardrail,financial_status_indicator=CC4;financial_status_description=Noncompliant,a5;a6,0.103,closed,2026-09-10,2026-09-10T20:00:00Z,0.07725,paper_drawdown_stop_25pct,-25.0,1,1.9417,-6.7961
2026-09-09,2026-09-09T13:42:00Z,FBGL,9:30,a1_spread_guardrail,spread_pct=0.1082;bid=0.3556;ask=0.394;last=0.355,,0.355,closed,2026-09-09,2026-09-09T14:40:00Z,0.37275,paper_target,5.0,0,5.5775,5.5775
2026-09-09,2026-09-09T14:40:00Z,RETO,10:30,a1_spread,spread_pct=0.08117,,0.4275,closed,2026-09-09,2026-09-09T15:40:00Z,0.4098,paper_auto_liquidate_60min,-4.1404,0,-0.6082,-8.7485
2026-09-09,2026-09-09T14:40:00Z,LHSW,10:30,a2_atr,atr_14_pct=0.8987;atr_3_pct=2.0316,,1.04,closed,2026-09-09,2026-09-09T14:50:00Z,1.092,paper_target,5.0,0,5.7692,0.0962
2026-09-09,2026-09-09T14:40:00Z,LEXX,10:30,a3_prior_spike,peak_to_baseline_ratio=1.396;volume_spike_ratio=18.24,,8.35,closed,2026-09-10,2026-09-10T20:00:00Z,6.2625,paper_drawdown_stop_25pct,-25.0,1,-0.0599,-23.2335
2026-09-09,2026-09-09T14:40:00Z,MWYN,10:30,a3_prior_spike,peak_to_baseline_ratio=1.380;volume_spike_ratio=12.29,,1.09,closed,2026-09-15,2026-09-15T20:00:00Z,0.9525,paper_time_stop_4_sessions,-12.6147,4,13.7615,-23.7982
2026-09-09,2026-09-09T14:40:00Z,NNOX,10:30,a4_earnings_recency,days_since_earnings=0;report_date=2026-09-09,,0.7533,closed,2026-09-09,2026-09-09T19:15:00Z,0.775899,paper_target,3.0,0,4.7126,-2.5621
2026-09-09,2026-09-09T14:40:00Z,UZX,10:30,a5_compliance,financial_status_indicator=CC4;financial_status_description=Noncompliant,a5;a6,0.1,closed,2026-09-11,2026-09-11T20:00:00Z,0.138,paper_target,38.0,2,39.9,-23.0
2026-09-09,2026-09-09T14:40:00Z,GMEX,10:30,a6_reverse_split_proxy,split_ratio_proxy=14560.15,a6,0.5466,closed,2026-09-09,2026-09-09T14:55:00Z,0.57393,paper_target,5.0,0,6.0556,0.0
2026-09-09,2026-09-09T14:40:00Z,VWAV,10:30,a6_reverse_split_proxy,split_ratio_proxy=31.05,a6,0.5089,closed,2026-09-09,2026-09-09T15:40:00Z,0.4572,paper_auto_liquidate_60min,-10.1592,0,-3.1047,-11.574
2026-09-09,2026-09-09T14:40:00Z,KUST,10:30,a6_reverse_split_proxy,split_ratio_proxy=47.12,a6,0.7831,closed,2026-09-10,2026-09-10T20:00:00Z,0.798762,paper_target,2.0,1,3.4351,-1.5324
2026-09-09,2026-09-09T14:40:00Z,RTB,10:30,a7_stale_quote_gap,ask_gap_pct=0.0315;last_real_price=7.455,,7.52,closed,2026-09-09,2026-09-09T14:50:00Z,7.896,paper_target,5.0,0,5.4521,0.5319
2026-09-09,2026-09-09T14:40:00Z,YXT,10:30,a7_stale_quote_gap,ask_gap_pct=0.0526;last_real_price=2.375,,2.375,closed,2026-09-09,2026-09-09T18:50:00Z,2.44625,paper_target,3.0,0,8.2105,-0.0968
2026-09-10,2026-09-10T13:40:00Z,NUR,9:30,a3_prior_spike,peak_to_baseline_ratio=2.668;volume_spike_ratio=900.4,,1.24,closed,2026-09-10,2026-09-10T17:00:00Z,1.302,paper_target,5.0,0,4.0323,0
2026-09-10,2026-09-10T13:40:00Z,OLB,9:30,a3_prior_spike,peak_to_baseline_ratio=1.503;volume_spike_ratio=802.97,,0.274,closed,2026-09-10,2026-09-10T14:45:00Z,0.2877,paper_target,5.0,0,4.3431,0
2026-09-10,2026-09-10T13:40:00Z,SKIL,9:30,a4_earnings_recency,days_since_earnings=1;report_date=2026-09-09,,5.305,closed,2026-09-10,2026-09-10T14:40:00Z,4.7092,paper_auto_liquidate_60min,-11.2309,0,0.0,0
2026-09-10,2026-09-10T13:40:00Z,HUBC,9:30,a1_spread_gate,spread_pct=0.0823,,0.5099,closed,2026-09-11,2026-09-11T20:00:00Z,0.382425,paper_drawdown_stop_25pct,-25.0,1,1.9808,-33.3203
2026-09-10,2026-09-10T13:40:00Z,AGRZ,9:30,a5_compliance,financial_status_indicator=CC10;financial_status_description=Noncompliant,a5;a6,0.214,closed,2026-09-10,2026-09-10T14:20:00Z,0.2247,paper_target,5.0,0,4.1589,0
2026-09-10,2026-09-10T13:40:00Z,FGL,9:30,a2_atr_guardrail,atr_14_pct=1.372;atr_3_pct=0.644,,5.833,closed,2026-09-11,2026-09-11T20:00:00Z,4.37475,paper_drawdown_stop_25pct,-25.0,1,41.0938,-27.9959
2026-09-10,2026-09-10T13:40:00Z,BBBYW,9:30,a1_spread_gate,spread_pct=0.0851,,0.7337,closed,2026-09-10,2026-09-10T13:40:00Z,0.770385,paper_target,5.0,0,0.0,0
2026-09-10,2026-09-10T13:40:00Z,VMAR,9:30,a1_spread_gate,spread_pct=0.1035,,7.15,closed,2026-09-10,2026-09-10T13:40:00Z,7.5075,paper_target,5.0,0,0.0,0
2026-09-10,2026-09-10T13:40:00Z,SUNE,9:30,a3_prior_spike,peak_to_baseline_ratio=2.099;volume_spike_ratio=1219.43,,3.9,closed,2026-09-10,2026-09-10T14:30:00Z,4.095,paper_target,5.0,0,4.6154,0
2026-09-10,2026-09-10T13:40:00Z,CIFG,9:30,a8_leveraged_etf,industry=Investment Trusts Or Mutual Funds;description_marker=2x leveraged exposure/daily price movement of,a8,3.75,closed,2026-09-10,2026-09-10T14:25:00Z,3.9375,paper_target,5.0,0,3.4667,0
2026-09-10,2026-09-10T13:40:00Z,SSM,9:30,a1_spread_gate,spread_pct=0.0838,,2.01,closed,2026-09-10,2026-09-10T15:05:00Z,2.1105,paper_target,5.0,0,2.4876,0
2026-09-10,2026-09-10T13:40:00Z,CIFU,9:30,a8_leveraged_etf,industry=Investment Trusts Or Mutual Funds,a8,9.15,closed,2026-09-10,2026-09-10T14:25:00Z,9.6075,paper_target,5.0,0,3.3333,0
2026-09-10,2026-09-10T13:40:00Z,CIFC,9:30,a8_leveraged_etf_gap,"industry=(empty);description=2x daily ETF tracking CIFR (Corgi CIFR 2x Daily ETF), literal marker strings did not match (gap noted, treated as leveraged-ETF per sibling CIFU/CIFG)",a8,6.88,closed,2026-09-11,2026-09-11T20:00:00Z,8.06,paper_target,17.1512,1,19.4767,-7.9797
2026-09-10,2026-09-10T13:40:00Z,XCUR,9:30,a1_spread_gate,spread_pct=0.1193,,1.2553,closed,2026-09-10,2026-09-10T13:40:00Z,1.318065,paper_target,5.0,0,0.0,0
2026-09-10,2026-09-10T13:40:00Z,HVII,9:30,a1_spread_gate,spread_pct=0.1579,,9.5,closed,2026-09-10,2026-09-10T13:40:00Z,9.975,paper_target,5.0,0,0.0,0
2026-09-10,2026-09-10T13:40:00Z,ACCL,9:30,a7_thin_liquidity_gap,ask_gap_pct=0.0389;last_real_price=2.6375,a5:pass;a6:pass;a8:pass,2.7401,closed,2026-09-14,2026-09-14,2.94,paper_target,7.2954,2,9.4851,-7.3027
2026-09-10,2026-09-10T13:40:00Z,HKPD,9:30,a5_compliance,financial_status_indicator=CC4;financial_status_description=Noncompliant,a5;a6,0.1134,closed,2026-09-10,2026-09-10T13:45:00Z,0.11907,paper_target,5.0,0,3.4392,0
2026-09-10,2026-09-10T13:40:00Z,CPOP,9:30,a5_compliance,financial_status_indicator=CC4;financial_status_description=Noncompliant,a5;a6,0.2474,closed,2026-09-10,2026-09-10T13:45:00Z,0.25977,paper_target,5.0,0,0.0,0
2026-09-10,2026-09-10T13:40:00Z,VNCE,9:30,a4_earnings_recency,days_since_earnings=0;report_date=2026-09-10,,5.68,closed,2026-09-10,2026-09-10T14:40:00Z,5.515,paper_auto_liquidate_60min,-2.9049,0,0.0,0
2026-09-10,2026-09-10T13:40:00Z,BTCT,9:30,a3_prior_spike,peak_to_baseline_ratio=4.734;volume_spike_ratio=3.77,,1.3809,closed,2026-09-10,2026-09-10T19:30:00Z,1.408518,paper_target,2.0,0,2.8315,0
2026-09-10,2026-09-10T13:40:00Z,ELOG,9:30,a7_thin_liquidity_gap,ask_gap_pct=0.0862;last_real_price=0.58,a5:pass;a6:pass;a8:pass,0.6062,closed,2026-09-10,2026-09-10T14:40:00Z,0.5569,paper_auto_liquidate_60min,-8.1326,0,0.0,0
2026-09-10,2026-09-10T13:40:00Z,ALA,9:30,a8_leveraged_etf_gap,"industry=(empty);description=2x daily ETF tracking ALAB (Corgi ALAB 2x Daily ETF), literal marker strings did not match (gap noted, treated as leveraged-ETF per sibling CIFU/CIFG)",a8,9.7215,closed,2026-09-10,2026-09-10T14:45:00Z,10.207575,paper_target,5.0,0,3.1219,0
2026-09-10,2026-09-10T14:43:00Z,DDC,10:30,a1_spread,spread_pct=9.46,,0.259,closed,2026-09-16,2026-09-16T20:00:00Z,0.22,paper_time_stop_4sessions,-15.0579,4,15.2510,-19.3822
2026-09-10,2026-09-10T14:43:00Z,LHSW,10:30,a2_atr,atr14_pct=135.29;atr3_pct=231.45,,0.7923,closed,2026-09-10,2026-09-10T15:45:00Z,0.6976,paper_auto_liquidate_60min,-11.9525,0,0.0,0
2026-09-10,2026-09-10T14:43:00Z,LSTA,10:30,a3_prior_spike,ratio=1.77;volume_spike=71.84,,1.66,closed,2026-09-16,2026-09-16T20:00:00Z,1.47,paper_time_stop_4sessions,-11.4458,4,15.3614,-13.8554
2026-09-10,2026-09-10T14:43:00Z,SGRX,10:30,a3_prior_spike,ratio=1.40;volume_spike=11.28,,1.47,closed,2026-09-10,2026-09-10T15:45:00Z,1.4299,paper_auto_liquidate_60min,-2.7279,0,0.0,0
2026-09-10,2026-09-10T14:43:00Z,GCDT,10:30,a3_prior_spike,ratio=2.79;volume_spike=4581.84,,0.567,closed,2026-09-10,2026-09-10T15:15:00Z,0.59535,paper_target,5.0,0,4.9206,0
2026-09-10,2026-09-10T14:43:00Z,NRSN,10:30,a3_prior_spike,ratio=1.40;volume_spike=5.96,,0.358,closed,2026-09-10,2026-09-10T14:55:00Z,0.3759,paper_target,5.0,0,3.1564,0
2026-09-10,2026-09-10T14:43:00Z,GOSS,10:30,a3_prior_spike,ratio=1.40;volume_spike=19.29,,0.1429,closed,2026-09-11,2026-09-11T20:00:00Z,12.29,paper_target,8500.4199,1,8672.5682,7226.802
2026-09-10,2026-09-10T14:43:00Z,LAKE,10:30,a4_earnings_recency,days_since_earnings=1;report_date=2026-09-09,,9.96,closed,2026-09-10,2026-09-10T15:45:00Z,9.54,paper_auto_liquidate_60min,-4.2169,0,0.0,0
2026-09-10,2026-09-10T14:43:00Z,NXXT,10:30,a5_compliance,financial_status_indicator=CC4;financial_status_description=Noncompliant,a5;a6,1.712,closed,2026-09-15,2026-09-15T20:00:00Z,1.284,paper_drawdown_stop_25pct,-25.0,3,8.8785,-34.5794
2026-09-10,2026-09-10T14:43:00Z,JAGX,10:30,a6_reverse_split_proxy,split_ratio_proxy=264.2;high_52w=85.3965;last=0.3232,a6,0.3105,closed,2026-09-10,2026-09-10T14:45:00Z,0.326025,paper_target,5.0,0,0.0,0
2026-09-10,2026-09-10T14:43:00Z,TWG,10:30,a6_reverse_split_proxy,split_ratio_proxy=59.9;high_52w=26.36;last=0.4401,a6,0.4485,closed,2026-09-10,2026-09-10T15:45:00Z,0.4145,paper_auto_liquidate_60min,-7.5808,0,0.0,0
2026-09-10,2026-09-10T14:43:00Z,MKDW,10:30,a7_ask_gap_exceeded,ask_gap_pct=7.19;last_real_price=8.35;ask=8.95,,8.35,closed,2026-09-10,2026-09-10T15:30:00Z,6.2625,paper_drawdown_stop_25pct,-25.0,0,1.7964,0
2026-09-11,2026-09-11T13:41:00Z,HCAI,9:30,a1_spread,spread_pct=10.96,,2.19,closed,2026-09-11,2026-09-11T13:45:00Z,2.3,paper_target,5.0228,0,5.9315,0.0
2026-09-11,2026-09-11T13:41:00Z,ANTA,9:30,a1_spread,spread_pct=16.27,,3.81,closed,2026-09-11,2026-09-11T15:55:00Z,3.55,paper_auto_liquidate_60min,-6.8241,0,0.0,-6.8241
2026-09-11,2026-09-11T13:41:00Z,MTEX,9:30,a1_spread,spread_pct=19.90,,8.09,closed,2026-09-11,2026-09-11T14:30:00Z,8.5,paper_target,5.068,0,5.686,-2.2868
2026-09-11,2026-09-11T13:41:00Z,LHSW,9:30,a2_atr,atr14_pct=154.39;atr3_pct=209.16,,0.5553,closed,2026-09-11,2026-09-11T13:45:00Z,0.585,paper_target,5.3485,0,7.4914,0.0
2026-09-11,2026-09-11T13:41:00Z,MGN,9:30,a2_atr,atr14_pct=45.76;atr3_pct=118.49,,0.1751,closed,2026-09-14,2026-09-14,0.18,paper_target,2.7984,1,4.7973,-11.5363
2026-09-11,2026-09-11T13:41:00Z,IPDN,9:30,a3_prior_spike,ratio=1.60;volume_spike=110.23,,0.1156,closed,2026-09-11,2026-09-11T17:45:00Z,0.121,paper_target,4.6713,0,5.8824,-12.4567
2026-09-11,2026-09-11T13:41:00Z,ATTT,9:30,a3_prior_spike,ratio=1.46;volume_spike=2072.06,,2.74,closed,2026-09-11,2026-09-11T14:25:00Z,2.91,paper_target,6.2044,0,8.0292,-1.0949
2026-09-11,2026-09-11T13:41:00Z,AEHL,9:30,a3_prior_spike,ratio=1.46;volume_spike=627.24,,6.545,closed,2026-09-11,2026-09-11T14:15:00Z,6.88,paper_target,5.1184,0,6.492,0.0
2026-09-11,2026-09-11T13:41:00Z,GCTK,9:30,a5_compliance,financial_status_indicator=CC4;financial_status_description=Noncompliant,a5;a6,2.76,closed,2026-09-11,2026-09-11T14:45:00Z,2.4,paper_auto_liquidate_60min,-13.0435,0,0.0,-18.1159
2026-09-11,2026-09-11T13:41:00Z,SLXN,9:30,a5_compliance,financial_status_indicator=CC4;financial_status_description=Noncompliant,a5;a6,0.3721,closed,2026-09-14,2026-09-14,0.388,paper_target,4.273,1,6.2349,-8.8148
2026-09-11,2026-09-11T13:41:00Z,OPENZ,9:30,a6_reverse_split_proxy,split_ratio_proxy=49.50;high_52w=3.9597;last=0.08,a6,0.075,closed,2026-09-11,2026-09-11T13:55:00Z,0.079,paper_target,5.3333,0,5.7333,0.0
2026-09-11,2026-09-11T13:41:00Z,SMUP,9:30,a6_reverse_split_proxy,split_ratio_proxy=127.04;high_52w=606.00;last=4.77,a6;a8,4.8,closed,2026-09-16,2026-09-16T20:00:00Z,3.6,paper_drawdown_stop_25pct,-25.0,3,6.8750,-28.3333
2026-09-11,2026-09-11T13:41:00Z,UCAR,9:30,a6_reverse_split_proxy,split_ratio_proxy=72.76;high_52w=438.00;last=6.02,a6,6.4679,closed,2026-09-11,2026-09-11T14:00:00Z,4.850925,paper_drawdown_stop_25pct,-25.0,0,0.0,-28.8795
2026-09-11,2026-09-11T13:41:00Z,OPTT,9:30,a7_ask_gap_exceeded,ask_gap_pct=3.22;last_real_price=0.1150;ask=0.1187,,0.1236,closed,2026-09-11,2026-09-11T14:45:00Z,0.0989,paper_auto_liquidate_60min,-19.9838,0,0.0,-22.9773
2026-09-11,2026-09-11T13:41:00Z,GDHG,9:30,a7_ask_gap_exceeded,ask_gap_pct=3.39;last_real_price=1.18;ask=1.22,,1.17,closed,2026-09-11,2026-09-11T15:20:00Z,1.23,paper_target,5.1282,0,5.1282,-0.812
2026-09-11,2026-09-11T13:41:00Z,GRAN,9:30,a7_ask_gap_exceeded,ask_gap_pct=3.63;last_real_price=0.965;ask=1.00,,0.965,closed,2026-09-11,2026-09-11T16:20:00Z,1.03,paper_target,6.7358,0,8.8083,-3.1192
2026-09-11,2026-09-11T13:41:00Z,SMU,9:30,a8_leveraged_etf,industry=Investment Trusts Or Mutual Funds;description_contains=2x exposure/daily price movement of;literal_marker_match=true,a8,6.0,closed,2026-09-16,2026-09-16T20:00:00Z,4.5,paper_drawdown_stop_25pct,-25.0,3,9.1667,-28.4167
2026-09-11,2026-09-11T14:41:00Z,TRIB,10:30,a1_spread,spread_pct=14.58,,6.86,closed,2026-09-11,2026-09-11T16:35:00Z,7.43,paper_target,8.309,0,10.3965,0.0
2026-09-11,2026-09-11T14:41:00Z,BTBD,10:30,a1_spread,spread_pct=8.86,,1.58,closed,2026-09-11,2026-09-11T15:20:00Z,1.67,paper_target,5.6962,0,7.5949,0.0
2026-09-11,2026-09-11T14:41:00Z,WZRD,10:30,a1_spread,spread_pct=18.12,,5.38,closed,2026-09-11,2026-09-11T15:00:00Z,7.05,paper_target,31.0409,0,33.5502,0.0
2026-09-11,2026-09-11T14:41:00Z,GBR,10:30,a1_spread,spread_pct=16.68,,0.7603,closed,2026-09-11,2026-09-11T18:35:00Z,0.784,paper_target,3.1172,0,3.88,-3.5512
2026-09-11,2026-09-11T14:41:00Z,ADBT,10:30,a2_atr,atr14_pct=246.86;atr3_pct=121.36,,0.2659,closed,2026-09-11,2026-09-11T15:45:00Z,0.2335,paper_auto_liquidate_60min,-12.185,0,0.0,-13.5013
2026-09-11,2026-09-11T14:41:00Z,SWVL,10:30,a3_prior_spike,ratio=5.566,,7.09,closed,2026-09-11,2026-09-11T17:15:00Z,7.45,paper_target,5.0776,0,5.7828,-3.7941
2026-09-11,2026-09-11T14:41:00Z,MNY,10:30,a4_earnings_recency,days_since_earnings=0,,0.75,closed,2026-09-14,2026-09-14,0.804,paper_target,7.2,1,9.2933,0.0
2026-09-11,2026-09-11T14:41:00Z,SNYR,10:30,a5_compliance,financial_status_indicator=CC10;financial_status_description=Noncompliant,a5;a6,0.0931,closed,2026-09-11,2026-09-11T18:15:00Z,0.097,paper_target,4.189,0,4.6187,-3.1149
2026-09-11,2026-09-11T14:41:00Z,HLSQ,10:30,a5_compliance,financial_status_indicator=CB4;financial_status_description=Noncompliant,a5;a6,1.6,closed,2026-09-11,2026-09-11T15:45:00Z,1.41,paper_auto_liquidate_60min,-11.875,0,0.0,-18.75
2026-09-11,2026-09-11T14:41:00Z,BEZ,10:30,a6_reverse_split_proxy,split_ratio_proxy=52.5,a6;a8,5.82,closed,2026-09-14,2026-09-14,6.68,paper_target,14.7766,1,17.0103,-3.0928
2026-09-11,2026-09-11T14:41:00Z,OPENW,10:30,a6_reverse_split_proxy,split_ratio_proxy=27.73,a6,0.1136,closed,2026-09-11,2026-09-11T14:50:00Z,0.12,paper_target,5.6338,0,5.6338,0.0
2026-09-11,2026-09-11T14:41:00Z,SFWL,10:30,a7_ask_gap_exceeded,ask_gap_pct=13.88;last_real_price=8.07,,8.07,closed,2026-09-11,2026-09-11T17:45:00Z,8.4,paper_target,4.0892,0,4.461,-0.7435
2026-09-11,2026-09-11T14:41:00Z,ZKIN,10:30,a7_ask_gap_exceeded,ask_gap_pct=6.36;last_real_price=1.10,,1.1,closed,2026-09-14,2026-09-14T00:00:00Z,1.14,paper_target,3.6364,1,5.4545,-1.8182
2026-09-11,2026-09-11T14:41:00Z,BMNZ,10:30,a8_leveraged_etf,industry=Investment Trusts Or Mutual Funds,a8,4.79,closed,2026-09-11,2026-09-11T15:50:00Z,5.03,paper_target,5.0104,0,7.119,-1.6681
2026-09-14,2026-09-14T13:40:00Z,MASK,9:30,a6_reverse_split_proxy,split_ratio_proxy=22.96;high_52_weeks=22.25;last_trade_price=0.969,a6,0.969,closed,2026-09-14,2026-09-14T14:40:00Z,1.02,paper_target,5.2632,0,6.2951,-3.9938
2026-09-14,2026-09-14T13:40:00Z,AEHL,9:30,a3_prior_spike,peak_to_baseline_ratio=1.520;volume_spike_ratio=122.50,,6.3,closed,2026-09-14,2026-09-14T15:15:00Z,6.62,paper_target,5.0794,0,8.9683,-3.9683
2026-09-14,2026-09-14T13:40:00Z,BENF,9:30,a2_atr_guardrail,atr14_pct=0.4146;atr3_pct=0.9351,,0.89,closed,2026-09-14,2026-09-14T14:40:00Z,0.833,paper_auto_liquidate_60min,-6.4045,0,0.0,-10.8539
2026-09-14,2026-09-14T13:40:00Z,HVII,9:30,a1_spread_guardrail,spread_pct=0.2374,,8.51,closed,2026-09-14,2026-09-14T14:15:00Z,8.94,paper_target,5.0529,0,17.5676,0.0
2026-09-14,2026-09-14T13:40:00Z,DAIC,9:30,a3_prior_spike,peak_to_baseline_ratio=7.779;volume_spike_ratio=4.22,,2.1376,closed,2026-09-14,2026-09-14T13:40:00Z,2.25,paper_target,5.2582,0,5.726,0.0
2026-09-14,2026-09-14T13:40:00Z,UCAR,9:30,a6_reverse_split_proxy,split_ratio_proxy=114.66;high_52_weeks=438.0;last_trade_price=3.82,a6,3.82,closed,2026-09-14,2026-09-14T13:40:00Z,4.02,paper_target,5.2356,0,7.3298,0.0
2026-09-14,2026-09-14T13:40:00Z,GIFT,9:30,a1_spread_guardrail,spread_pct=0.2031,,0.581,closed,2026-09-14,2026-09-14T13:40:00Z,0.611,paper_target,5.1635,0,9.4664,0.0
2026-09-14,2026-09-14T13:40:00Z,LIQT,9:30,a1_spread_guardrail,spread_pct=0.164,,0.6026,closed,2026-09-14,2026-09-14T13:40:00Z,0.633,paper_target,5.0448,0,15.0183,0.0
2026-09-14,2026-09-14T13:40:00Z,FEBO,9:30,a1_spread_guardrail,spread_pct=0.1352,,0.7397,closed,2026-09-21,2026-09-21T20:00:00Z,0.6982,paper_time_stop_4_sessions,-5.6104,4,0.0,-9.2875
2026-09-14,2026-09-14T13:40:00Z,IOTR,9:30,a7_thin_liquidity_stale_quote,ask_gap_pct=0.0439;last_real_price=2.050;ask=2.14;reason=gap_exceeded,,2.05,closed,2026-09-14,2026-09-14T15:40:00Z,2.16,paper_target,5.3659,0,5.8537,0.0
2026-09-14,2026-09-14T13:40:00Z,ADBT,9:30,a2_atr_guardrail,atr14_pct=3.0148,,0.2043,closed,2026-09-14,2026-09-14T14:40:00Z,0.1902,paper_auto_liquidate_60min,-6.9016,0,0.0,-8.6148
2026-09-14,2026-09-14T13:40:00Z,CDT,9:30,a2_atr_guardrail,atr14_pct=1.3565,,0.2192,closed,2026-09-21,2026-09-21T20:00:00Z,0.1644,paper_drawdown_stop_25pct,-25.0,3,0.0,-30.2007
2026-09-14,2026-09-14T13:40:00Z,GAUZ,9:30,a5_compliance_guardrail,financial_status_indicator=CC10;financial_status_description=Noncompliant,a5;a6,7.455,closed,2026-09-14,2026-09-14T15:00:00Z,6.71,paper_auto_liquidate_60min,-9.9933,0,0.0,-9.9933
2026-09-14,2026-09-14T13:40:00Z,RFIL,9:30,a4_earnings_recency,days_since_earnings=0;report_date=2026-09-14;timing=am,,9.45,closed,2026-09-14,2026-09-14T13:55:00Z,9.93,paper_target,5.0794,0,5.8201,-1.9037
2026-09-14,2026-09-14T14:40:00Z,LSE,10:30,a1_spread_guardrail,spread_pct=0.0991,,4.34,closed,2026-09-14,2026-09-14T15:45:00Z,4.56,paper_target,5.0691,0,29.0323,0.0
2026-09-14,2026-09-14T14:40:00Z,PN,10:30,a1_spread_guardrail,spread_pct=0.1592,,2.01,closed,2026-09-14,2026-09-14T14:45:00Z,2.12,paper_target,5.4726,0,6.0746,0.0
2026-09-14,2026-09-14T14:40:00Z,RIBB,10:30,a1_spread_guardrail,spread_pct=0.1297,,9.25,closed,2026-09-16,2026-09-16T20:00:00Z,6.9375,paper_drawdown_stop_25pct,-25.0,2,2.9730,-25.2973
2026-09-14,2026-09-14T14:40:00Z,PMCB,10:30,a1_spread_guardrail,spread_pct=0.1461,,0.3805,closed,2026-09-14,2026-09-14T15:10:00Z,0.4,paper_target,5.1248,0,5.1248,-5.3876
2026-09-14,2026-09-14T14:40:00Z,FOFO,10:30,a1_spread_guardrail,spread_pct=0.1500,,1.8667,closed,2026-09-14,2026-09-14T14:45:00Z,1.97,paper_target,5.5338,0,6.0695,0.0
2026-09-14,2026-09-14T14:40:00Z,REED,10:30,a1_spread_guardrail,spread_pct=0.1278,,0.76,closed,2026-09-15,2026-09-15T20:00:00Z,0.859,paper_target,13.0263,1,15.2368,-17.0526
2026-09-14,2026-09-14T14:40:00Z,MNTK,10:30,a3_prior_spike,peak_to_baseline_ratio=1.455;volume_spike_ratio=18.02,,2.285,closed,2026-09-15,2026-09-15T20:00:00Z,2.4,paper_target,5.0328,1,6.7834,-4.5602
2026-09-14,2026-09-14T14:40:00Z,NUR,10:30,a3_prior_spike,peak_to_baseline_ratio=3.235;volume_spike_ratio=480.62,,1.28,closed,2026-09-14,2026-09-14T16:05:00Z,1.35,paper_target,5.4688,0,6.25,-3.1172
2026-09-14,2026-09-14T14:40:00Z,AENT,10:30,a3_prior_spike,peak_to_baseline_ratio=1.372;volume_spike_ratio=989.28,,5.7563,closed,2026-09-14,2026-09-14T15:00:00Z,6.05,paper_target,5.1022,0,5.7971,-0.4569
2026-09-14,2026-09-14T14:40:00Z,RENT,10:30,a4_earnings_recency,days_since_earnings=3;report_date=2026-09-11;timing=am,,1.995,closed,2026-09-15,2026-09-15T20:00:00Z,2.09,paper_target,4.7619,1,6.7669,-12.2807
2026-09-14,2026-09-14T14:40:00Z,TRUG,10:30,a5_compliance_guardrail,financial_status_indicator=CC4;financial_status_description=Noncompliant,a5;a6,0.5292,closed,2026-09-14,2026-09-14T15:15:00Z,0.556,paper_target,5.0642,0,7.5775,-1.3605
2026-09-14,2026-09-14T14:40:00Z,SDST,10:30,a5_compliance_guardrail,financial_status_indicator=CC4;financial_status_description=Noncompliant,a5;a6,0.1208,closed,2026-09-14,2026-09-14T17:20:00Z,0.127,paper_target,5.1325,0,5.1325,-5.6291
2026-09-14,2026-09-14T14:40:00Z,IMMP,10:30,a5_compliance_guardrail,financial_status_indicator=CC4;financial_status_description=Noncompliant,a5,0.3277,closed,2026-09-15,2026-09-15T20:00:00Z,0.335,paper_target,2.2276,1,3.4483,0.0
2026-09-14,2026-09-14T14:40:00Z,RAYA,10:30,a6_reverse_split_proxy,split_ratio_proxy=100.47;high_52_weeks=180.84;last_trade_price=1.80,,1.8,closed,2026-09-14,2026-09-14T17:20:00Z,1.89,paper_target,5.0,0,5.5556,-1.6667
2026-09-14,2026-09-14T14:40:00Z,BGMS,10:30,a7_thin_liquidity_stale_quote,ask_gap_pct=0.0496;last_real_price=0.7383;ask=0.7749;reason=gap_exceeded,,0.7357,closed,2026-09-14,2026-09-14T15:25:00Z,0.773,paper_target,5.07,0,6.973,-5.3011
2026-09-15,2026-09-15T14:39:00Z,MGN,10:30,a1_spread_guardrail,bid=0.1435;ask=0.1592;spread_pct=0.1093,,0.1436,closed,2026-09-16,2026-09-16T00:00:00Z,4.76,paper_target,3214.7632,1,3278.1337,0.0
2026-09-15,2026-09-15T14:39:00Z,TNMG,10:30,a1_spread_guardrail,bid=2.70;ask=2.95;spread_pct=0.0912,,2.74,closed,2026-09-16,2026-09-16T20:00:00Z,3.08,paper_target,12.4088,1,14.5876,-6.9343
2026-09-15,2026-09-15T14:39:00Z,JBDI,10:30,a1_spread_guardrail,bid=1.10;ask=1.23;spread_pct=0.1150,,1.13,closed,2026-09-15,2026-09-15T15:15:00Z,1.23,paper_target,8.8496,0,10.6195,0.0
2026-09-15,2026-09-15T14:39:00Z,FTFT,10:30,a3_prior_spike,spread_pct=0.0285;atr14_pct=0.1721;atr3_pct=0.4831;peak_to_baseline_ratio=3.6051,,5.92,closed,2026-09-16,2026-09-16T20:00:00Z,9.55,paper_target,61.3176,1,64.5676,-18.3277
2026-09-15,2026-09-15T14:39:00Z,GTBP,10:30,a3_prior_spike,spread_pct=0.0113;atr14_pct=0.1127;atr3_pct=0.2444;peak_to_baseline_ratio=1.6405;volume_spike_ratio=7.784,,9.03,closed,2026-09-17,2026-09-17T00:00:00Z,6.7725,paper_drawdown_stop_25pct,-25.0,2,0.1107,-29.8992
2026-09-15,2026-09-15T14:39:00Z,PFSA,10:30,a6_reverse_split_proxy,spread_pct=0.0239;atr14_pct=0.7290;atr3_pct=0.1616;peak_to_baseline_ratio=2.2147;volume_spike_ratio=3.2456;days_since_earnings=26;financial_status=CC0/;split_ratio_proxy=1548.4,a6,2.0901,closed,2026-09-15,2026-09-15T17:05:00Z,2.25,paper_target,7.6504,0,9.7507,-1.464
2026-09-15,2026-09-15T14:39:00Z,BIAF,10:30,a3_prior_spike,spread_pct=0.0436;atr14_pct=0.3475;atr3_pct=0.3728;peak_to_baseline_ratio=3.4256,,6.45,closed,2026-09-17,2026-09-17T00:00:00Z,10.78,paper_target,67.1318,2,70.5426,-20.7736
2026-09-15,2026-09-15T14:39:00Z,LHSW,10:30,a2_atr_guardrail,spread_pct=0.0083;atr14_pct=1.4204;atr3_pct=1.1839,,0.5449,closed,2026-09-15,2026-09-15T16:45:00Z,0.573,paper_target,5.1569,0,6.4415,-1.615
2026-09-15,2026-09-15T14:39:00Z,UZX,10:30,a5_compliance,spread_pct=0.0750;atr14_pct=0.2321;atr3_pct=0.3923;peak_to_baseline_ratio=1.1657;days_since_earnings=none;financial_status_indicator=CC4;financial_status_description=Noncompliant;split_ratio_proxy=38.75,a5;a6,0.0799,closed,2026-09-15,2026-09-15T15:40:00Z,0.084,paper_target,5.1314,0,5.7572,-3.3792
2026-09-15,2026-09-15T14:39:00Z,HYFT,10:30,a4_earnings_recency,spread_pct=0.0089;atr14_pct=0.0694;atr3_pct=0.0443;peak_to_baseline_ratio=1.0452;days_since_earnings=1(report 2026-09-14),,1.1201,closed,2026-09-15,2026-09-15T17:35:00Z,1.17,paper_target,4.455,0,4.455,-1.7945
2026-09-15,2026-09-15T14:39:00Z,BMGL,10:30,a3_prior_spike,spread_pct=0.0402;atr14_pct=0.1216;atr3_pct=0.2751;peak_to_baseline_ratio=1.8440;volume_spike_ratio=1701.06,,6.02,closed,2026-09-16,2026-09-16T20:00:00Z,4.515,paper_drawdown_stop_25pct,-25.0,1,0.7558,-35.2159
2026-09-15,2026-09-15T14:39:00Z,PLAY,10:30,a4_earnings_recency,spread_pct=0.0042;atr14_pct=0.0760;atr3_pct=0.0647;peak_to_baseline_ratio=1.0309;days_since_earnings=1(report 2026-09-14),,7.225,closed,2026-09-22,2026-09-22T20:00:00Z,6.790000,paper_time_stop_4_sessions,-6.0208,4,0.0000,-10.7266
2026-09-15,2026-09-15T14:39:00Z,WETO,10:30,a2_atr_guardrail,spread_pct=0.0050;atr14_pct=2.5432;atr3_pct=0.3089,,2.005,closed,2026-09-17,2026-09-17T00:00:00Z,2.17,paper_target,8.2294,2,10.2244,-12.7182
2026-09-15,2026-09-15T14:39:00Z,BOXL,10:30,a6_reverse_split_proxy,spread_pct=0.0484;atr14_pct=0.1417;atr3_pct=0.0685;peak_to_baseline_ratio=1.1912;days_since_earnings=34;financial_status=CC0/;split_ratio_proxy=76.93,a6,4.75,closed,2026-09-15,2026-09-15T14:50:00Z,4.99,paper_target,5.0526,0,6.1053,5.4737
2026-09-15,2026-09-15T14:39:00Z,QCLS,10:30,a2_atr_guardrail,spread_pct=0.0188;atr14_pct=0.5071;atr3_pct=0.9911,,0.4998,closed,2026-09-15,2026-09-15T15:40:00Z,0.4831,paper_auto_liquidate_60min,-3.3413,0,-1.1805,-5.9624
2026-09-15,2026-09-15T14:39:00Z,NXTT,10:30,a3_prior_spike,spread_pct=0.0555;atr14_pct=0.4925;atr3_pct=0.1613;peak_to_baseline_ratio=1.6951;volume_spike_ratio=39.13,,5.225,closed,2026-09-16,2026-09-16T20:00:00Z,5.6,paper_target,7.177,1,9.1866,-3.5388
2026-09-15,2026-09-15T14:39:00Z,ARMP,10:30,a3_prior_spike,spread_pct=0.0041;atr14_pct=0.1172;atr3_pct=0.1863;peak_to_baseline_ratio=1.3560;volume_spike_ratio=55.485,,4.9089,closed,2026-09-15,2026-09-15T15:40:00Z,4.2899,paper_auto_liquidate_60min,-12.6097,0,-5.0704,-13.83
2026-09-15,2026-09-15T14:39:00Z,USDE,10:30,a3_prior_spike,spread_pct=0.0030;atr14_pct=0.1761;atr3_pct=0.1632;peak_to_baseline_ratio=1.5695;volume_spike_ratio=16.216,,6.5899,closed,2026-09-15,2026-09-15T15:40:00Z,6.4,paper_auto_liquidate_60min,-2.8817,0,-0.4537,-5.0061
2026-09-15,2026-09-15T14:39:00Z,ILLR,10:30,a5_compliance,spread_pct=0.0509;atr14_pct=0.1682;atr3_pct=0.1108;peak_to_baseline_ratio=1.1809;days_since_earnings=33;financial_status_indicator=CC4;financial_status_description=Noncompliant;split_ratio_proxy=25.499,a5;a6,0.6845,closed,2026-09-16,2026-09-16T20:00:00Z,0.513375,paper_drawdown_stop_25pct,-25.0,1,2.1037,-34.1271
2026-09-15,2026-09-15T14:39:00Z,AEHL,10:30,a3_prior_spike,spread_pct=0.0414;atr14_pct=0.3397;atr3_pct=0.3627;peak_to_baseline_ratio=1.5204;volume_spike_ratio=22.639,,5.31,closed,2026-09-16,2026-09-16T20:00:00Z,10.68,paper_target,101.1299,1,105.0829,-7.7213
2026-09-15,2026-09-15T14:39:00Z,DBGI,10:30,a6_reverse_split_proxy,spread_pct=0.0681;atr14_pct=0.4824;atr3_pct=0.3889;peak_to_baseline_ratio=1.2418;days_since_earnings=27;financial_status=CC0/;split_ratio_proxy=169.01,a6,4.6,closed,2026-09-15,2026-09-15T15:40:00Z,4.445,paper_auto_liquidate_60min,-3.3696,0,-2.1739,-6.7391
2026-09-15,2026-09-15T14:39:00Z,GIPR,10:30,a3_prior_spike,spread_pct=0.0405;atr14_pct=0.3356;atr3_pct=0.1518;peak_to_baseline_ratio=1.9304;volume_spike_ratio=26.981,,0.3651,closed,2026-09-17,2026-09-17T00:00:00Z,0.441,paper_target,20.7888,2,23.2539,-9.559
2026-09-15,2026-09-15T14:39:00Z,PLCE,10:30,a4_earnings_recency,spread_pct=0.0045;atr14_pct=0.0825;atr3_pct=0.0716;peak_to_baseline_ratio=1.1514;days_since_earnings=1(report 2026-09-14),,2.215,closed,2026-09-15,2026-09-15T15:40:00Z,2.105,paper_auto_liquidate_60min,-4.9661,0,-0.2257,-8.8036
2026-09-15,2026-09-15T14:39:00Z,SLXN,10:30,a5_compliance,spread_pct=0.0593;atr14_pct=0.2777;atr3_pct=0.1886;peak_to_baseline_ratio=1.2590;days_since_earnings=32;financial_status_indicator=CC4;financial_status_description=Noncompliant;split_ratio_proxy=123.19,a5;a6,0.3464,closed,2026-09-17,2026-09-17T00:00:00Z,0.383,paper_target,10.5658,2,12.5866,-6.9861
2026-09-15,2026-09-15T14:39:00Z,BURU,10:30,a5_compliance,spread_pct=0.0492;atr14_pct=0.3366;atr3_pct=0.3085;peak_to_baseline_ratio=1.5488;days_since_earnings=32;financial_status_indicator=CB4;financial_status_description=Noncompliant;split_ratio_proxy=139.10,a5;a6,1.215,closed,2026-09-15,2026-09-15T19:35:00Z,1.24,paper_target,2.0576,0,2.8807,-5.3498
2026-09-16,2026-09-16T13:36:00Z,MYSZ,9:30,a5_compliance_guardrail,financial_status_indicator=CC4;financial_status_description=Noncompliant,a5,1.8655,closed,2026-09-16,2026-09-16T13:50:00Z,1.96,paper_target,5.0657,0,3.7255,-0.2948
2026-09-16,2026-09-16T13:36:00Z,IPW,9:30,a3_prior_spike_guardrail,peak_to_baseline_ratio=1.9594;volume_spike_ratio=106.15,,2.15,closed,2026-09-16,2026-09-16T14:40:00Z,1.88,paper_auto_liquidate_60min,-12.5581,0,0.0,-13.9488
2026-09-16,2026-09-16T13:36:00Z,NIXX,9:30,a1_spread_guardrail,bid=0.36;ask=0.39;spread_pct=0.0811,,0.3699,closed,2026-09-16,2026-09-16T13:50:00Z,0.389,paper_target,5.1636,0,4.5688,-4.3525
2026-09-16,2026-09-16T13:36:00Z,ZBAO,9:30,a5_compliance_guardrail,financial_status_indicator=CC4;financial_status_description=Noncompliant,a5;a6,0.089,closed,2026-09-16,2026-09-16T14:30:00Z,0.094,paper_target,5.618,0,4.9438,-2.2472
2026-09-16,2026-09-16T13:36:00Z,YOUL,9:30,a1_spread_guardrail,bid=0.39;ask=0.43;spread_pct=0.1053,,0.38,closed,2026-09-16,2026-09-16T16:25:00Z,0.399,paper_target,5.0,0,0.0,0.0
2026-09-16,2026-09-16T13:36:00Z,ARTL,9:30,a6_reverse_split_proxy,split_ratio_proxy=38.78,a6,4.62,closed,2026-09-16,2026-09-16T14:40:00Z,3.95,paper_auto_liquidate_60min,-14.5022,0,0.0,-19.0476
2026-09-16,2026-09-16T13:36:00Z,CTNT,9:30,a2_atr_guardrail,atr14_pct=3.3900;atr3_pct=6.4358,,0.0541,closed,2026-09-16,2026-09-16T14:00:00Z,0.057,paper_target,5.3604,0,3.8817,-2.9575
2026-09-16,2026-09-16T13:36:00Z,KBSX,9:30,a1_spread_guardrail,bid=1.00;ask=1.14;spread_pct=0.1361,,1.0289,closed,2026-09-16,2026-09-16T14:20:00Z,1.09,paper_target,5.9384,0,0.4471,0.0
2026-09-16,2026-09-16T13:36:00Z,FCHL,9:30,a1_spread_guardrail,bid=0.96;ask=1.05;spread_pct=0.0910,,0.9894,closed,2026-09-16,2026-09-16T15:55:00Z,1.04,paper_target,5.1142,0,4.1035,-7.0144
2026-09-16,2026-09-16T14:36:00Z,CODX,10:30,a6_reverse_split_proxy,split_ratio_proxy=47.9381,a6,0.97,closed,2026-09-22,2026-09-22T20:00:00Z,0.989800,paper_target,2.0412,3,4.1237,-3.0825
2026-09-16,2026-09-16T14:36:00Z,LITZ,10:30,a8_leveraged_inverse_etf_guardrail,industry=Investment Trusts Or Mutual Funds;description_marker=inverse (-2x),a8,7.33,closed,2026-09-22,2026-09-22T20:00:00Z,25.524100,paper_target,248.2142,3,255.3206,-19.5089
2026-09-16,2026-09-16T14:36:00Z,BYAH,10:30,a6_reverse_split_proxy,split_ratio_proxy=96.0725,a6,2.2691,closed,2026-09-16,2026-09-16T14:45:00Z,2.39,paper_target,5.3281,0,4.4467,0.0
2026-09-16,2026-09-16T14:36:00Z,BLSG,10:30,a8_leveraged_inverse_etf_guardrail,industry=Investment Trusts Or Mutual Funds;description_marker=2x leveraged exposure,a8,2.9999,closed,2026-09-17,2026-09-17T00:00:00Z,3.28,paper_target,9.337,1,11.337,-4.3301
2026-09-16,2026-09-16T14:36:00Z,SSPC,10:30,a8_leveraged_inverse_etf_guardrail,industry=Investment Trusts Or Mutual Funds;description_marker=2x inverse exposure to the daily price movement of,a8,8.9598,closed,2026-09-16,2026-09-16T19:35:00Z,9.14,paper_target,2.0112,0,2.7925,-3.2344
2026-09-18,2026-09-18T13:41:00Z,DAIC,9:30,a5_compliance,financial_status_indicator=CC10;financial_status_description=Noncompliant,a5;a6,4.1278,closed,2026-09-18,2026-09-18T13:45:00Z,4.34,paper_target,5.1408,0,7.0788,0.0
2026-09-18,2026-09-18T13:41:00Z,DTSS,9:30,a3_prior_spike,peak_to_baseline_ratio=1.7233;volume_spike_ratio=7922,,0.965,closed,2026-09-25,2026-09-25T20:00:00Z,0.8785,paper_time_stop_4_sessions,-8.9637,4,4.6632,-13.2539
2026-09-18,2026-09-18T13:41:00Z,MNOV,9:30,a3_prior_spike,peak_to_baseline_ratio=2.387;volume_spike_ratio=267.8,,2.8197,closed,2026-09-18,2026-09-18T13:45:00Z,3.3,paper_target,17.0337,0,19.1616,0.0
2026-09-18,2026-09-18T13:41:00Z,YOUL,9:30,a1_spread,spread_pct=0.13721,,0.43,closed,2026-09-18,2026-09-18T14:00:00Z,0.465,paper_target,8.1395,0,10.2558,0.0
2026-09-18,2026-09-18T13:41:00Z,ABTS,9:30,a7_thin_liquidity,ask_gap_pct=0.0522;last_real_price=1.1405,,1.1701,closed,2026-09-18,2026-09-18T15:20:00Z,1.23,paper_target,5.1192,0,5.1192,-10.2641
2026-09-18,2026-09-18T13:41:00Z,TCRT,9:30,a5_compliance,financial_status_indicator=CC4;financial_status_description=Noncompliant,a5,1.345,closed,2026-09-24,2026-09-24T20:00:00Z,1.13,paper_time_stop_4_sessions,-15.9851,4,3.7175,-24.1636
2026-09-18,2026-09-18T13:41:00Z,PAAI,9:30,a3_prior_spike,peak_to_baseline_ratio=3.365,,2.79,closed,2026-09-18,2026-09-18T13:55:00Z,2.0925,paper_drawdown_stop_25pct,-25.0,0,0.0,-34.0502
2026-09-18,2026-09-18T13:41:00Z,DCX,9:30,a6_reverse_split_proxy,split_ratio_proxy=1674.73,a6,0.364,closed,2026-09-18,2026-09-18T14:00:00Z,0.273,paper_drawdown_stop_25pct,-25.0,0,0.0,-56.2637
2026-09-18,2026-09-18T13:41:00Z,FTFT,9:30,a3_prior_spike,peak_to_baseline_ratio=3.322,,5.195,closed,2026-09-18,2026-09-18T13:50:00Z,5.46,paper_target,5.1011,0,5.6785,0.0
2026-09-18,2026-09-18T13:41:00Z,DLXY,9:30,a2_atr,atr_14_pct=0.5811;atr_3_pct=2.0226,,0.7256,closed,2026-09-18,2026-09-18T13:45:00Z,0.779,paper_target,7.3594,0,9.5232,0.0
2026-09-18,2026-09-18T13:41:00Z,VWAV,9:30,a6_reverse_split_proxy,split_ratio_proxy=51.03,a6,0.3096,closed,2026-09-18,2026-09-18T14:45:00Z,0.276,paper_auto_liquidate_60min,-10.8527,0,0.0,-16.0207
2026-09-18,2026-09-18T13:41:00Z,KXIN,9:30,a3_prior_spike,peak_to_baseline_ratio=1.921;volume_spike_ratio=19.39,,1.51,closed,2026-09-18,2026-09-18T13:50:00Z,1.59,paper_target,5.298,0,5.298,0.0
2026-09-18,2026-09-18T13:41:00Z,HCAI,9:30,a1_spread,spread_pct=0.09818,,0.5164,closed,2026-09-18,2026-09-18T13:45:00Z,0.543,paper_target,5.151,0,6.4098,0.0
2026-09-18,2026-09-18T13:41:00Z,TOPP,9:30,a1_spread,spread_pct=0.15496,,0.1452,closed,2026-09-18,2026-09-18T14:45:00Z,0.1369,paper_auto_liquidate_60min,-5.7163,0,0.0,-7.5758
2026-09-18,2026-09-18T13:41:00Z,WHLR,9:30,a1_spread,spread_pct=0.08787,,0.3346,closed,2026-09-21,2026-09-21T20:00:00Z,0.25095,paper_drawdown_stop_25pct,-25.0,0,2.8093,-35.8039
2026-09-18,2026-09-18T13:41:00Z,LWLX,9:30,a8_leveraged_etf,industry=Investment Trusts Or Mutual Funds,a8,10.6471,closed,2026-09-18,2026-09-18T19:05:00Z,10.44,paper_auto_liquidate_60min,-1.9451,0,0.0,-2.9783
2026-09-18,2026-09-18T13:41:00Z,FRGT,9:30,a1_spread,spread_pct=0.14854,,0.8745,closed,2026-09-18,2026-09-18T13:45:00Z,0.919,paper_target,5.0886,0,6.3465,0.0
2026-09-18,2026-09-18T13:41:00Z,BRLS,9:30,a5_compliance,financial_status_indicator=CC10;financial_status_description=Noncompliant,a5,1.24,closed,2026-09-18,2026-09-18T14:15:00Z,1.37,paper_target,10.4839,0,12.0726,0.0
2026-09-18,2026-09-18T13:41:00Z,MSTZ,9:30,a8_leveraged_etf,industry=Investment Trusts Or Mutual Funds,a8,3.6699,closed,2026-09-18,2026-09-18T14:45:00Z,3.2499,paper_auto_liquidate_60min,-11.4445,0,0.0,-12.8014
2026-09-18,2026-09-18T13:41:00Z,NIKI,9:30,a1_spread,spread_pct=0.10614,,4.7106,closed,2026-09-18,2026-09-18T13:45:00Z,5.01,paper_target,6.3559,0,8.483,0.0
2026-09-18,2026-09-18T13:41:00Z,AMZE,9:30,a6_reverse_split_proxy,split_ratio_proxy=239.4,a6,0.1273,closed,2026-09-18,2026-09-18T14:20:00Z,0.134,paper_target,5.2632,0,6.7557,-2.5923
2026-09-18,2026-09-18T13:41:00Z,PMEC,9:30,a1_spread,spread_pct=0.13000,,0.54,closed,2026-09-18,2026-09-18T15:00:00Z,0.568,paper_target,5.1852,0,5.8519,-1.9074
2026-09-18,2026-09-18T13:41:00Z,CRCD,9:30,a8_leveraged_etf,industry=Investment Trusts Or Mutual Funds,a6;a8,1.9699,closed,2026-09-25,2026-09-25T20:00:00Z,1.95,paper_time_stop_4_sessions,-1.0102,4,1.5229,-22.8387
2026-09-18,2026-09-18T14:43:00Z,SOS,10:30,a1_spread,spread_pct=0.0892,,0.5631,closed,2026-09-18,2026-09-18T14:45:00Z,0.603,paper_target,7.0858,0,9.2168,0.0
2026-09-18,2026-09-18T14:43:00Z,AEHL,10:30,a3_prior_spike,peak_to_baseline_ratio=3.515;volume_spike_ratio=n/a(ratio_alone_triggered),,9.825,closed,2026-09-21,2026-09-21T20:00:00Z,7.36875,paper_drawdown_stop_25pct,-25.0,0,2.4692,-31.2967
2026-09-18,2026-09-18T14:43:00Z,VEEA,10:30,a3_prior_spike,peak_to_baseline_ratio=4.091;volume_spike_ratio=n/a(ratio_alone_triggered),,4.445,closed,2026-09-18,2026-09-18T17:25:00Z,4.76,paper_target,7.0866,0,9.1114,-11.3611
2026-09-18,2026-09-18T14:43:00Z,RETO,10:30,a2_atr,atr14_pct=10.454;atr3_pct=30.94,,0.177,closed,2026-09-18,2026-09-18T18:25:00Z,0.185,paper_target,4.5198,0,5.1977,-8.4746
2026-09-18,2026-09-18T14:43:00Z,BMNZ,10:30,a8_leveraged_inverse_etf,industry=Investment Trusts Or Mutual Funds;desc_marker=2x inverse exposure,a8,4.77,closed,2026-09-25,2026-09-25T20:00:00Z,3.97,paper_time_stop_4_sessions,-16.7715,4,2.0734,-23.413
2026-09-18,2026-09-18T14:43:00Z,INFH,10:30,a8_leveraged_inverse_etf,industry=Investment Trusts Or Mutual Funds;desc_marker=2x leveraged exposure,a8,7.7,closed,2026-09-18,2026-09-18T15:50:00Z,7.67,paper_auto_liquidate_60min,-0.3896,0,0.0,-2.8571
2026-09-18,2026-09-18T14:43:00Z,WETO,10:30,a2_atr,atr14_pct=2.569;atr3_pct=0.277,,1.6,closed,2026-09-18,2026-09-18T16:40:00Z,1.69,paper_target,5.625,0,6.25,0.0
2026-09-18,2026-09-18T14:43:00Z,JXG,10:30,a1_spread,spread_pct=0.2623,,6.49,closed,2026-09-18,2026-09-18T17:35:00Z,6.65,paper_auto_liquidate_60min,2.4653,0,2.4653,-6.0092
2026-09-18,2026-09-18T14:43:00Z,RUBI,10:30,a6_reverse_split_proxy,split_ratio_proxy=121918,a6,1.2401,closed,2026-09-25,2026-09-25T20:00:00Z,1.3,paper_target,4.8303,4,6.443,-19.3613
2026-09-18,2026-09-18T14:43:00Z,ASTY,10:30,a8_leveraged_inverse_etf,industry=Investment Trusts Or Mutual Funds;desc_marker=2x leveraged exposure,a8,5.22,closed,2026-09-22,2026-09-22T20:00:00Z,5.605600,paper_target,7.3870,2,9.5785,-3.8314
2026-09-18,2026-09-18T14:43:00Z,ASTG,10:30,a8_leveraged_inverse_etf,industry=Investment Trusts Or Mutual Funds;desc_marker=2x leveraged exposure,a8,7.21,closed,2026-09-18,2026-09-18T15:45:00Z,7.089,paper_auto_liquidate_60min,-1.6782,0,0.0,-2.2191
2026-09-18,2026-09-18T14:43:00Z,ASTX,10:30,a8_leveraged_inverse_etf,industry=Investment Trusts Or Mutual Funds;desc_marker=2x exposure,a8,9.78,closed,2026-09-21,2026-09-21T20:00:00Z,10.633,paper_target,8.7219,0,10.9407,-2.863
2026-09-18,2026-09-18T14:43:00Z,QBTX,10:30,a6_reverse_split_proxy,split_ratio_proxy=29.51,a6;a8,5.8,closed,2026-09-18,2026-09-18T19:20:00Z,5.98,paper_target,3.1034,0,3.2759,-1.2931
2026-09-18,2026-09-18T14:43:00Z,BTCZ,10:30,a8_leveraged_inverse_etf,industry=Investment Trusts Or Mutual Funds;desc_marker=inverse exposure,a8,3.2,closed,2026-09-24,2026-09-24T20:00:00Z,2.885,paper_time_stop_4_sessions,-9.8438,4,0.625,-15.1563
2026-09-18,2026-09-18T14:43:00Z,VNCE,10:30,a3_prior_spike,peak_to_baseline_ratio=1.3805;volume_spike_ratio=14.49,,8.75,closed,2026-09-18,2026-09-18T15:35:00Z,9.19,paper_target,5.0286,0,6.2857,-0.9143
2026-09-18,2026-09-18T14:43:00Z,CETY,10:30,a1_spread,spread_pct=0.1555,,0.9001,closed,2026-09-18,2026-09-18T14:45:00Z,0.98,paper_target,8.8768,0,11.0988,0.0
2026-09-18,2026-09-18T14:43:00Z,LUNL,10:30,a6_reverse_split_proxy,split_ratio_proxy=17.07,a6;a8,3.315,closed,2026-09-18,2026-09-18T15:45:00Z,3.26,paper_auto_liquidate_60min,-1.6591,0,0.0,-2.5611
2026-09-18,2026-09-18T14:43:00Z,PMI,10:30,a5_compliance,financial_status_indicator=CB4;financial_status_description=Noncompliant,a5;a6,5.0212,closed,2026-09-18,2026-09-18T19:10:00Z,5.18,paper_target,3.1626,0,3.1626,-1.6171
2026-09-21,2026-09-21T13:36:00Z,AGMH,9:30,a6_reverse_split_proxy,high_52_weeks=18.10;last_price=0.685;split_ratio_proxy=26.42,a6,0.685,closed,2026-09-21,2026-09-21T14:10:00Z,0.71925,paper_target,5.0,0,5.0949,-2.9197
2026-09-21,2026-09-21T13:36:00Z,SMTK,9:30,a6_reverse_split_proxy,high_52_weeks=190.00;last_price=1.771;split_ratio_proxy=107.28,a6,1.771,closed,2026-09-25,2026-09-25T20:00:00Z,1.86,paper_target,5.0254,3,6.7194,-16.996
2026-09-21,2026-09-21T13:36:00Z,NXXT,9:30,a5_compliance,financial_status_indicator=CC4;financial_status_description=Noncompliant,a5;a6,0.927,closed,2026-09-23,2026-09-23T20:00:00Z,0.963,paper_target,3.8835,2,5.9331,-11.9741
2026-09-21,2026-09-21T13:36:00Z,MSTZ,9:30,a8_leveraged_inverse_etf,industry=Investment Trusts Or Mutual Funds;description_marker=(-2x) inverse exposure,a8,2.3998,closed,2026-09-24,2026-09-24T20:00:00Z,2.52,paper_target,5.0088,2,7.0923,-8.3257
2026-09-21,2026-09-21T13:36:00Z,DCX,9:30,a2_atr,atr_14_pct=127.0%;atr_3_pct=248.5%,,0.1148,closed,2026-09-21,2026-09-21T17:10:00Z,0.12054,paper_target,5.0,0,5.1394,-4.0941
2026-09-21,2026-09-21T13:36:00Z,QNME,9:30,a3_prior_spike,peak_to_baseline_ratio=1.68;volume_spike_ratio=111.58,,0.466,closed,2026-09-21,2026-09-21T14:20:00Z,0.4893,paper_target,5.0,0,5.8369,-3.3476
2026-09-21,2026-09-21T13:36:00Z,LWLX,9:30,a8_leveraged_inverse_etf,industry=Investment Trusts Or Mutual Funds;description_marker=200% leveraged exposure,a8,10.8964,closed,2026-09-21,2026-09-21T13:45:00Z,12.7645,paper_target,17.1442,0,19.5349,0.0
2026-09-21,2026-09-21T13:36:00Z,PECE,9:30,a7_thin_liquidity,reason=no_recent_real_trades;window_min=15,,10.0,closed,2026-09-28,2026-09-28T20:00:00Z,10.005,paper_time_stop_4_sessions,0.05,4,0.1,-0.1
2026-09-21,2026-09-21T13:36:00Z,PMI,9:30,a5_compliance,financial_status_indicator=CB4;financial_status_description=Noncompliant,a5;a6,4.5,closed,2026-09-24,2026-09-24T20:00:00Z,4.76,paper_target,5.7778,2,7.7778,-6.4444
2026-09-21,2026-09-21T13:36:00Z,YHGJ,9:30,a1_spread,spread_pct=15.09%;bid=2.51;ask=2.94,,2.85,closed,2026-09-28,2026-09-28T20:00:00Z,2.44,paper_time_stop_4_sessions,-14.386,4,0.0,-14.386
2026-09-21,2026-09-21T13:36:00Z,RMBC,9:30,a7_thin_liquidity,reason=no_recent_real_trades;window_min=15,a8,10.0448,closed,2026-09-21,2026-09-21T13:40:00Z,10.54704,paper_target,5.0,0,6.7229,0.0
2026-09-21,2026-09-21T13:36:00Z,OLOX,9:30,a6_reverse_split_proxy,high_52_weeks=104.90;last_price=0.9491;split_ratio_proxy=110.53,a6,0.9491,closed,2026-09-21,2026-09-21T13:45:00Z,1.0192,paper_target,7.3859,0,9.5775,-1.9914
2026-09-21,2026-09-21T13:36:00Z,GIPR,9:30,a3_prior_spike,peak_to_baseline_ratio=1.72;volume_spike_ratio=465.44,,0.646,closed,2026-09-21,2026-09-21T13:50:00Z,0.6783,paper_target,5.0,0,5.6656,-8.6687
2026-09-21,2026-09-21T14:42:00Z,AURE,10:30,a1_spread,spread_pct=0.1176,,1.19,closed,2026-09-21,2026-09-21T14:50:00Z,1.2838,paper_target,7.8824,0,10.084,0.0
2026-09-21,2026-09-21T14:42:00Z,DAMD,10:30,a6_reverse_split_proxy,split_ratio_proxy=34.30,a6;a8,9.07,closed,2026-09-24,2026-09-24T20:00:00Z,9.26,paper_target,2.0948,3,2.5358,-7.1665
2026-09-21,2026-09-21T14:42:00Z,ETS,10:30,a3_prior_spike,peak_to_baseline_ratio=3.2817;volume_spike_ratio=8.81,,2.12,closed,2026-09-21,2026-09-21T15:00:00Z,2.226,paper_target,5.0,0,5.4245,-0.467
2026-09-21,2026-09-21T14:42:00Z,IBG,10:30,a1_spread,spread_pct=0.1255,,0.85,closed,2026-09-21,2026-09-21T15:25:00Z,0.9114,paper_target,7.2235,0,9.4118,0.0
2026-09-21,2026-09-21T14:42:00Z,ELOG,10:30,a1_spread,spread_pct=0.1391,,0.4336,closed,2026-09-21,2026-09-21T15:05:00Z,0.460796,paper_target,6.2721,0,8.441,-0.8303
2026-09-21,2026-09-21T14:42:00Z,MGLD,10:30,a4_earnings,days_since_earnings=3;last_report_date=2026-09-18,,0.9017,closed,2026-09-22,2026-09-22T20:00:00Z,0.960302,paper_target,6.4991,1,8.6725,0.0000
2026-09-21,2026-09-21T14:42:00Z,MKDW,10:30,a2_atr,atr14_pct=0.9569;atr3_pct=1.8445,,2.24,closed,2026-09-24,2026-09-24T20:00:00Z,1.68,paper_drawdown_stop_25pct,-25.0,2,2.2321,-33.0357
2026-09-21,2026-09-21T14:42:00Z,NHTC,10:30,a7_thin_liquidity,detail=gap_exceeded;ask_gap_pct=0.0435;last_real_price=1.15;ask=1.20,,1.17,closed,2026-09-28,2026-09-28T20:00:00Z,0.9601,paper_time_stop_4_sessions,-17.9402,4,3.8462,-23.9316
2026-09-21,2026-09-21T14:42:00Z,VEEA,10:30,a3_prior_spike,peak_to_baseline_ratio=4.5445;volume_spike_ratio=12.31,,3.86,closed,2026-09-21,2026-09-21T16:40:00Z,4.053,paper_target,5.0,0,5.6995,-1.2953
2026-09-21,2026-09-21T14:42:00Z,VNCE,10:30,a3_prior_spike,peak_to_baseline_ratio=1.5193;volume_spike_ratio=6.44,,9.33,closed,2026-09-22,2026-09-22T20:00:00Z,10.152800,paper_target,8.8189,1,11.0397,-4.2337
2026-09-21,2026-09-21T14:42:00Z,SSM,10:30,a3_prior_spike,peak_to_baseline_ratio=2.0074;volume_spike_ratio=6.77,,1.32,closed,2026-09-21,2026-09-21T15:45:00Z,1.2401,paper_auto_liquidate_60min,-6.053,0,0.0,-10.6061
2026-09-21,2026-09-21T14:42:00Z,REFR,10:30,a3_prior_spike,peak_to_baseline_ratio=1.9938;volume_spike_ratio=15.62,,0.5718,closed,2026-09-21,2026-09-21T14:45:00Z,0.603484,paper_target,5.5411,0,7.695,-0.1574
2026-09-21,2026-09-21T14:42:00Z,PRPL,10:30,a7_thin_liquidity,detail=gap_exceeded;ask_gap_pct=0.0383;last_real_price=2.87;ask=2.98,,2.81,closed,2026-09-28,2026-09-28T20:00:00Z,2.45,paper_time_stop_4_sessions,-12.8114,4,2.847,-15.6584
2026-09-21,2026-09-21T14:42:00Z,EPOW,10:30,a5_compliance,financial_status_indicator=CC4;financial_status_description=Noncompliant,a5,5.6814,closed,2026-09-21,2026-09-21T16:40:00Z,5.96547,paper_target,5.0,0,5.606,0.0
2026-09-21,2026-09-21T14:42:00Z,PAAI,10:30,a2_atr,atr14_pct=0.3385;atr3_pct=1.1826,,1.325,closed,2026-09-22,2026-09-22T20:00:00Z,1.744400,paper_target,31.6528,1,34.3396,-18.4906
2026-09-21,2026-09-21T14:42:00Z,TWG,10:30,a1_spread,spread_pct=0.1110,,0.3028,closed,2026-09-24,2026-09-24T20:00:00Z,0.2271,paper_drawdown_stop_25pct,-25.0,2,3.5337,-42.8336
2026-09-21,2026-09-21T14:42:00Z,CBRZ,10:30,a8_leveraged_inverse_etf,industry=Investment Trusts Or Mutual Funds;description_match=inverse (-,a8,7.77,closed,2026-09-21,2026-09-21T17:20:00Z,8.1585,paper_target,5.0,0,5.148,-1.5444
2026-09-21,2026-09-21T14:42:00Z,FRGT,10:30,a6_reverse_split_proxy,split_ratio_proxy=91.85,a6,0.5612,closed,2026-09-21,2026-09-21T15:45:00Z,0.49,paper_auto_liquidate_60min,-12.6871,0,0.0,-19.779
2026-09-21,2026-09-21T14:42:00Z,SMCZ,10:30,a6_reverse_split_proxy,split_ratio_proxy=28.94,a6;a8,4.5979,closed,2026-09-21,2026-09-21T19:30:00Z,4.689858,paper_target,2.0,0,3.0884,-2.1292
2026-09-21,2026-09-21T14:42:00Z,ENLV,10:30,a6_reverse_split_proxy,split_ratio_proxy=37.90,a6,0.7197,closed,2026-09-28,2026-09-28T20:00:00Z,0.539775,paper_drawdown_stop_25pct,-25.0,4,0.0556,-30.1515
2026-09-21,2026-09-21T14:42:00Z,INDP,10:30,a3_prior_spike,peak_to_baseline_ratio=3.5615;volume_spike_ratio=4.98,,3.1705,closed,2026-09-21,2026-09-21T15:25:00Z,3.329025,paper_target,5.0,0,5.6616,0.0
2026-09-21,2026-09-21T14:42:00Z,GDTC,10:30,a1_spread,spread_pct=0.1370,,0.8801,closed,2026-09-21,2026-09-21T19:55:00Z,0.926688,paper_target,5.2935,0,7.4423,-0.0114
2026-09-21,2026-09-21T14:42:00Z,BIAF,10:30,a3_prior_spike,peak_to_baseline_ratio=4.2132;volume_spike_ratio=4.05,,8.47,closed,2026-09-22,2026-09-22T20:00:00Z,8.957102,paper_target,5.7509,1,7.9091,-12.9799
2026-09-21,2026-09-21T14:42:00Z,REED,10:30,a1_spread,spread_pct=0.1465,,0.7,closed,2026-09-25,2026-09-25T20:00:00Z,0.722,paper_target,3.1429,3,5.1857,-13.1286
2026-09-21,2026-09-21T14:42:00Z,GVH,10:30,a3_prior_spike,peak_to_baseline_ratio=1.5247;volume_spike_ratio=10.70,,1.1609,closed,2026-09-21,2026-09-21T19:35:00Z,1.225,paper_target,5.5216,0,7.6751,-4.3845
2026-09-22,2026-09-22T13:42:38Z,VRME,9:30,a3_prior_spike,peak_to_baseline_ratio=3.053;threshold=2.5,,1.035,closed,2026-09-22,2026-09-22T17:15:00Z,1.086750,paper_target,5.0000,0,3.1594,-11.8551
2026-09-22,2026-09-22T13:42:38Z,SLXN,9:30,a3_prior_spike,peak_to_baseline_ratio=1.715;volume_spike_ratio=864.5,,0.4643,closed,2026-09-22,2026-09-22T13:45:00Z,0.487515,paper_target,5.0000,0,0.0000,-29.1837
2026-09-22,2026-09-22T13:42:35Z,LOBO,9:30,a3_prior_spike,peak_to_baseline_ratio=2.170;volume_spike_ratio=3076,,0.5896,closed,2026-09-22,2026-09-22T19:25:00Z,0.607288,paper_target,3.0000,0,2.6119,-2.0522
2026-09-22,2026-09-22T13:42:57Z,TULP,9:30,a4_earnings_recency,days_since_earnings=1;report_date=2026-09-21,,3.07,closed,2026-09-22,2026-09-22T14:50:00Z,3.000000,paper_auto_liquidate_60min,-2.2801,0,0.0000,-3.2573
2026-09-22,2026-09-22T13:42:22Z,ETS,9:30,a1_spread,spread_pct=0.0857,,1.75,closed,2026-09-22,2026-09-22T14:20:00Z,1.837500,paper_target,5.0000,0,4.2857,-5.7143
2026-09-22,2026-09-22T13:42:33Z,SOS,9:30,a1_spread,spread_pct=0.1862,,0.6499,closed,2026-09-22,2026-09-22T13:45:00Z,0.682395,paper_target,5.0000,0,0.0000,-47.8689
2026-09-22,2026-09-22T13:46:00Z,RIME,9:30,a5_compliance,financial_status_indicator=CC4;financial_status_description=Noncompliant,a5;a6,0.1861,closed,2026-09-29,2026-09-29T20:00:00Z,0.1621,paper_time_stop_4_sessions,-12.8963,4,0.3761,-22.0849
2026-09-22,2026-09-22T13:46:00Z,EDBL,9:30,a6_reverse_split_proxy,split_ratio_proxy=23.46;high_52_weeks=27.799,a6,1.185,closed,2026-09-22,2026-09-22T14:00:00Z,1.244250,paper_target,5.0000,0,4.6329,-0.4219
2026-09-22,2026-09-22T13:39:27Z,FLX,9:30,a1_spread,spread_pct=0.0851,,0.7,closed,2026-09-22,2026-09-22T13:45:00Z,0.735000,paper_target,5.0000,0,0.0000,-2.2143
2026-09-22,2026-09-22T13:39:05Z,ELOG,9:30,a1_spread,spread_pct=0.1828,,0.46,closed,2026-09-22,2026-09-22T13:40:00Z,0.483000,paper_target,5.0000,0,0.0000,2.8043
2026-09-22,2026-09-22T13:44:51Z,IRAB,9:30,a7_thin_liquidity,no_recent_real_trades;last_real_trade_time=2026-09-21T18:33:49Z,,10.0,closed,2026-09-30,2026-09-30T20:00:00Z,10.02,paper_time_stop_4_sessions;sessions_held=6,0.2,6,1.2,0.0
2026-09-22,2026-09-22T13:46:00Z,FRGT,9:30,a6_reverse_split_proxy,split_ratio_proxy=113.9;high_52_weeks=51.25,a6,0.45,closed,2026-09-22,2026-09-22T14:35:00Z,0.472500,paper_target,5.0000,0,1.6444,-2.2000
2026-09-22,2026-09-22T14:42:20Z,CISS,10:30,a2_atr,atr14_pct=0.8472;atr3_pct=0.2573,,1.05,closed,2026-09-22,2026-09-22T17:05:00Z,1.102500,paper_target,5.0000,0,4.7619,-4.7619
2026-09-22,2026-09-22T14:42:30Z,DCX,10:30,a2_atr,atr14_pct=1.332;atr3_pct=1.6315,,0.105,closed,2026-09-23,2026-09-23T20:00:00Z,0.07875,paper_drawdown_stop_25pct,-25.0,1,4.1905,-31.3333
2026-09-22,2026-09-22T14:43:10Z,CDT,10:30,a2_atr,atr14_pct=1.7031;atr3_pct=0.2793,,0.1381,closed,2026-09-22,2026-09-22T19:30:00Z,0.140862,paper_target,2.0000,0,2.4620,-5.5757
2026-09-22,2026-09-22T14:44:00Z,IPW,10:30,a3_prior_spike,peak_to_baseline_ratio=1.3793;volume_spike_ratio=780.4,,1.3,closed,2026-09-23,2026-09-23T20:00:00Z,1.33,paper_target,2.3077,1,2.3077,-11.1462
2026-09-22,2026-09-22T14:44:00Z,FTFT,10:30,a3_prior_spike,peak_to_baseline_ratio=4.028;volume_spike_ratio=21.84,,4.0,closed,2026-09-22,2026-09-22T15:45:00Z,3.765000,paper_auto_liquidate_60min,-5.8750,0,0.0000,-6.7500
2026-09-22,2026-09-22T14:44:00Z,CRMU,10:30,a3_prior_spike,peak_to_baseline_ratio=1.5493;volume_spike_ratio=15.98,,3.07,closed,2026-09-22,2026-09-22T15:10:00Z,3.223500,paper_target,5.0000,0,3.5831,-6.1889
2026-09-22,2026-09-22T14:44:00Z,GIPR,10:30,a3_prior_spike,peak_to_baseline_ratio=1.8434;volume_spike_ratio=554.1,,0.6142,closed,2026-09-25,2026-09-25T20:00:00Z,0.46065,paper_drawdown_stop_25pct,-25.0,2,25.9036,-36.5028
2026-09-22,2026-09-22T14:44:40Z,NFE,10:30,a5_compliance,financial_status_indicator=CC4;financial_status_description=Noncompliant,a5;a6,8.9999,closed,2026-09-22,2026-09-22T15:45:00Z,8.040000,paper_auto_liquidate_60min,-10.6657,0,0.0000,-15.9991
2026-09-22,2026-09-22T14:44:40Z,SNDQ,10:30,a6_reverse_split_proxy,split_ratio_proxy=29.64,a6;a8,9.33,closed,2026-09-23,2026-09-23T20:00:00Z,9.79,paper_target,4.9303,1,6.9668,-3.269
2026-09-22,2026-09-22T14:44:40Z,SMX,10:30,a6_reverse_split_proxy,split_ratio_proxy=11329.0,a6,9.65,closed,2026-09-22,2026-09-22T16:25:00Z,10.132500,paper_target,5.0000,0,4.4549,-0.9326
2026-09-22,2026-09-22T14:45:10Z,AIFU,10:30,a7_thin_liquidity,ask_gap_pct=0.0491;last_real_price=9.0457;reason=gap_exceeded,,9.17,closed,2026-09-22,2026-09-22T15:50:00Z,8.610000,paper_auto_liquidate_60min,-6.1069,0,0.0000,-10.8997
2026-09-22,2026-09-22T14:44:40Z,KTUP,10:30,a8_leveraged_inverse_etf,industry=Investment Trusts Or Mutual Funds;description_marker=2x leveraged,a8,4.83,closed,2026-09-22,2026-09-22T16:45:00Z,5.071500,paper_target,5.0000,0,4.4513,-1.0352
2026-09-23,2026-09-23T13:41:00Z,MRNO,9:30,a1_spread_pct,spread_pct=0.08394,,0.274,closed,2026-09-24,2026-09-24T20:00:00Z,0.332,paper_target,21.1679,1,23.3212,-12.4088
2026-09-23,2026-09-23T13:41:00Z,FBGL,9:30,a1_spread_pct,spread_pct=0.15721,,0.4001,closed,2026-09-23,2026-09-23T15:45:00Z,0.421,paper_target,5.2237,0,6.2734,-5.0237
2026-09-23,2026-09-23T13:41:00Z,SDA,9:30,a1_spread_pct,spread_pct=0.11654,,0.4393,closed,2026-09-23,2026-09-23T19:10:00Z,0.453,paper_target,3.1186,0,3.369,-4.3934
2026-09-23,2026-09-23T13:41:00Z,CTNT,9:30,a2_atr_guardrail,atr_14_pct=3.331;atr_3_pct=1.463,,0.0398,closed,2026-09-28,2026-09-28T20:00:00Z,4.33,paper_target,10779.397,3,10980.402,-24.6231
2026-09-23,2026-09-23T13:41:00Z,TOPS,9:30,a3_prior_spike,peak_to_baseline_ratio=1.706;volume_spike_ratio=1132.7,,0.7022,closed,2026-09-23,2026-09-23T19:55:00Z,0.717,paper_target,2.1077,0,5.3831,-7.4338
2026-09-23,2026-09-23T13:41:00Z,SVIA,9:30,a3_prior_spike,peak_to_baseline_ratio=2.285;volume_spike_ratio=11.5,,3.805,closed,2026-09-23,2026-09-23T17:15:00Z,4.0,paper_target,5.1248,0,5.1248,-13.929
2026-09-23,2026-09-23T13:41:00Z,FLNA,9:30,a3_prior_spike,peak_to_baseline_ratio=1.4926;volume_spike_ratio=401.2,,0.85,closed,2026-09-23,2026-09-23T14:25:00Z,0.893,paper_target,5.0588,0,8.2353,-5.7059
2026-09-23,2026-09-23T13:41:00Z,SLXN,9:30,a3_prior_spike,peak_to_baseline_ratio=1.7334;volume_spike_ratio=686.6,,0.3387,closed,2026-09-23,2026-09-23T13:45:00Z,0.356,paper_target,5.1078,0,5.2849,3.3658
2026-09-23,2026-09-23T13:41:00Z,RAIN,9:30,a3_prior_spike,peak_to_baseline_ratio=1.7415;volume_spike_ratio=100.5,,0.89,closed,2026-09-23,2026-09-23T13:45:00Z,0.935,paper_target,5.0562,0,5.9101,-2.0112
2026-09-23,2026-09-23T13:41:00Z,LHSW,9:30,a3_prior_spike,peak_to_baseline_ratio=1.5629;volume_spike_ratio=397.1,,0.7613,closed,2026-09-23,2026-09-23T13:45:00Z,0.8,paper_target,5.0834,0,9.0109,1.9046
2026-09-23,2026-09-23T13:41:00Z,HLSQ,9:30,a3_prior_spike,peak_to_baseline_ratio=1.5314;volume_spike_ratio=10.57,,0.5766,closed,2026-09-23,2026-09-23T13:45:00Z,0.606,paper_target,5.0989,0,5.7232,2.324
2026-09-23,2026-09-23T13:41:00Z,CRMU,9:30,a3_prior_spike,peak_to_baseline_ratio=1.6136;volume_spike_ratio=19.4,,2.5714,closed,2026-09-23,2026-09-23T13:45:00Z,2.7,paper_target,5.0012,0,5.0012,3.4845
2026-09-23,2026-09-23T13:41:00Z,BYND,9:30,a6_reverse_split_proxy,split_ratio_proxy=23.30,a6,9.9,closed,2026-09-29,2026-09-29T20:00:00Z,8.23,paper_time_stop_4_sessions,-16.8687,4,4.1434,-18.4848
2026-09-23,2026-09-23T13:41:00Z,NEXR,9:30,a6_reverse_split_proxy,split_ratio_proxy=571.7,a6,1.46,closed,2026-09-24,2026-09-24T20:00:00Z,1.5,paper_target,2.7397,1,4.7945,-3.4247
2026-09-23,2026-09-23T13:41:00Z,AEHG,9:30,a8_leveraged_inverse_etf,industry=Investment Trusts Or Mutual Funds;desc_marker=2x leveraged exposure/daily price movement of,a8,8.055,closed,2026-09-23,2026-09-23T14:50:00Z,8.46,paper_target,5.0279,0,6.5313,-4.6555
2026-09-23,2026-09-23T13:41:00Z,YMT,9:30,a5_compliance,financial_status_indicator=CC4;financial_status_description=Noncompliant,a5;a6,1.815,closed,2026-09-23,2026-09-23T18:40:00Z,1.87,paper_target,3.0303,0,11.2948,-9.6419
2026-09-23,2026-09-23T13:41:00Z,OPEX,9:30,a6_reverse_split_proxy,split_ratio_proxy=27.6,a6;a8,4.655,closed,2026-09-25,2026-09-25T20:00:00Z,4.75,paper_target,2.0408,2,2.2556,-6.9817
2026-09-23,2026-09-23T13:41:00Z,SVRE,9:30,a7_thin_liquidity,ask_gap_pct=0.0391;last_real_price=2.30;ask=2.39,,2.38,closed,2026-09-29,2026-09-29T20:00:00Z,1.785,paper_drawdown_stop_25pct,-25.0,4,3.7815,-28.9916
2026-09-23,2026-09-23T13:41:00Z,ZKIN,9:30,a7_thin_liquidity,ask_gap_pct=0.0775;last_real_price=1.29;ask=1.39,,1.29,closed,2026-09-23,2026-09-23T13:55:00Z,1.36,paper_target,5.4264,0,10.8527,1.5504
2026-09-24,2026-09-24T13:46Z,WZRD,9:30,a1_spread_pct,spread_pct=0.1162,,4.2,closed,2026-09-24,2026-09-24T16:55:00Z,4.69,paper_target,11.6667,0,13.8095,-8.8095
2026-09-24,2026-09-24T13:46Z,MAMO,9:30,a1_spread_pct,spread_pct=0.0874,,0.78,closed,2026-09-24,2026-09-24T13:50:00Z,0.82,paper_target,5.1282,0,6.3974,-2.5641
2026-09-24,2026-09-24T13:46Z,GURE,9:30,a1_spread_pct,spread_pct=0.1354,,3.05,closed,2026-09-24,2026-09-24T14:25:00Z,3.21,paper_target,5.2459,0,5.6852,0.0
2026-09-24,2026-09-24T13:46Z,YOUL,9:30,a1_spread_pct,spread_pct=0.0883,,0.418,closed,2026-09-24,2026-09-24T15:05:00Z,0.439,paper_target,5.0239,0,5.2871,0.0
2026-09-24,2026-09-24T13:46Z,VRAX,9:30,a1_spread_pct,spread_pct=0.1318,,2.2768,closed,2026-09-24,2026-09-24T14:20:00Z,2.43,paper_target,6.7287,0,8.4856,0.0
2026-09-24,2026-09-24T13:46Z,GELS,9:30,a1_spread_pct,spread_pct=0.0872,,0.5401,closed,2026-09-24,2026-09-24T14:20:00Z,0.568,paper_target,5.1657,0,5.9619,-2.407
2026-09-24,2026-09-24T13:46Z,DCX,9:30,a2_atr_guardrail,atr14_pct=2.1259;atr3_pct=1.6055,,0.0567,closed,2026-09-24,2026-09-24T18:30:00Z,0.059,paper_target,4.0564,0,4.9383,-11.8166
2026-09-24,2026-09-24T13:46Z,RKDA,9:30,a3_prior_spike,peak_to_baseline_ratio=1.374;volume_spike_ratio=417.8,,0.3397,closed,2026-09-29,2026-09-29T20:00:00Z,0.2548,paper_drawdown_stop_25pct,-25.0,3,2.5905,-26.4057
2026-09-24,2026-09-24T13:46Z,JAGX,9:30,a3_prior_spike,peak_to_baseline_ratio=3.8546,,7.25,closed,2026-09-24,2026-09-24T17:20:00Z,7.62,paper_target,5.1034,0,6.4828,-16.9545
2026-09-24,2026-09-24T13:46Z,HCTI,9:30,a3_prior_spike,peak_to_baseline_ratio=3.799,,0.7574,closed,2026-09-25,2026-09-25T20:00:00Z,0.775,paper_target,2.3237,1,4.3042,-14.1801
2026-09-24,2026-09-24T13:46Z,SLXN,9:30,a3_prior_spike,peak_to_baseline_ratio=1.7626;volume_spike_ratio=720.9,,0.2644,closed,2026-09-24,2026-09-24T14:05:00Z,0.278,paper_target,5.1437,0,5.6732,-1.6641
2026-09-24,2026-09-24T13:46Z,AVAT,9:30,a3_prior_spike,peak_to_baseline_ratio=3.568,,1.875,closed,2026-09-24,2026-09-24T17:40:00Z,1.96,paper_target,4.5333,0,5.0613,-7.6853
2026-09-24,2026-09-24T13:46Z,ONCO,9:30,a3_prior_spike,peak_to_baseline_ratio=1.6698;volume_spike_ratio=186.28,,0.7801,closed,2026-09-24,2026-09-24T14:00:00Z,0.82,paper_target,5.1147,0,6.3325,0.0
2026-09-24,2026-09-24T13:46Z,BFRG,9:30,a3_prior_spike,peak_to_baseline_ratio=2.147;volume_spike_ratio=1218.0,,0.8156,closed,2026-09-25,2026-09-25T20:00:00Z,0.861,paper_target,5.5665,1,7.7121,-20.0466
2026-09-24,2026-09-24T13:46Z,MSS,9:30,a3_prior_spike,peak_to_baseline_ratio=2.0205;volume_spike_ratio=505.1,,1.81,closed,2026-09-30,2026-09-30T20:00:00Z,1.65,paper_time_stop_4_sessions;sessions_held=4,-8.8398,4,4.9724,-12.7072
2026-09-24,2026-09-24T13:46Z,SFIX,9:30,a4_earnings_recency,days_since_earnings=1,,2.195,closed,2026-09-28,2026-09-28T20:00:00Z,2.44,paper_target,11.1617,2,12.9841,-4.328
2026-09-24,2026-09-24T13:46Z,NEOV,9:30,a4_earnings_recency,days_since_earnings=1,,2.688,closed,2026-09-30,2026-09-30T20:00:00Z,2.6,paper_time_stop_4_sessions;sessions_held=4,-3.2738,4,0.0,-21.131
2026-09-24,2026-09-24T13:46Z,SMX,9:30,a6_reverse_split_proxy,split_ratio_proxy=13650,,7.805,closed,2026-09-24,2026-09-24T13:55:00Z,8.44,paper_target,8.1358,0,10.3267,0.0
2026-09-24,2026-09-24T13:46Z,ADGM,9:30,a5_compliance,financial_status_indicator=CC4;financial_status_description=Noncompliant,a5,0.1856,closed,2026-09-24,2026-09-24T13:55:00Z,0.195,paper_target,5.0647,0,5.9806,0.0
2026-09-24,2026-09-24T13:46Z,CAPS,9:30,a5_compliance,financial_status_indicator=CC4;financial_status_description=Noncompliant,a5,0.1707,closed,2026-09-24,2026-09-24T16:30:00Z,0.182,paper_target,6.6198,0,8.4944,-0.2929
2026-09-24,2026-09-24T13:46Z,AUUD,9:30,a5_compliance,financial_status_indicator=CC4;financial_status_description=Noncompliant;split_ratio_proxy=16.78,a5;a6,1.11,closed,2026-09-24,2026-09-24T17:45:00Z,1.16,paper_target,4.5045,0,5.3964,-5.4054
2026-09-24,2026-09-24T13:46Z,FRGT,9:30,a6_reverse_split_proxy,split_ratio_proxy=117.8,,0.43,closed,2026-09-28,2026-09-28T20:00:00Z,0.3225,paper_drawdown_stop_25pct,-25.0,2,7.5116,-27.6279
2026-09-24,2026-09-24T13:46Z,GMEX,9:30,a6_reverse_split_proxy,split_ratio_proxy=9868,,0.38,closed,2026-09-25,2026-09-25T20:00:00Z,0.39,paper_target,2.6316,1,4.4737,-8.0789
2026-09-24,2026-09-24T13:46Z,XNDX,9:30,a6_reverse_split_proxy,split_ratio_proxy=23.34;industry=Investment Trusts Or Mutual Funds,a6;a8,1.741,closed,2026-09-24,2026-09-24T19:55:00Z,1.78,paper_target,2.2401,0,3.9632,-9.8219
2026-09-24,2026-09-24T13:46Z,ZBAO,9:30,a5_compliance,financial_status_indicator=CC4;financial_status_description=Noncompliant;split_ratio_proxy=15.55,a5;a6,0.0868,closed,2026-09-24,2026-09-24T19:00:00Z,0.096,paper_target,10.5991,0,11.7512,-6.682
2026-09-24,2026-09-24T13:46Z,RMSG,9:30,a5_compliance,financial_status_indicator=CC4;financial_status_description=Noncompliant,a5,0.2839,closed,2026-09-24,2026-09-24T14:05:00Z,0.299,paper_target,5.3188,0,5.671,-2.677
2026-09-24,2026-09-24T14:40:00Z,NCT,10:30,a1_spread,spread_pct=0.1021,,4.7,closed,2026-09-24,2026-09-24T15:05:00Z,4.94,paper_target,5.1064,0,5.1064,-1.2766
2026-09-24,2026-09-24T14:40:00Z,SGMT,10:30,a2_atr,atr_14_pct=0.6758;atr_3_pct=0.8593,,8.9,closed,2026-09-24,2026-09-24T18:25:00Z,9.26,paper_target,4.0449,0,4.2697,-2.4157
2026-09-24,2026-09-24T14:40:00Z,MTC,10:30,a2_atr,atr_14_pct=1.0600;atr_3_pct=1.8114,,6.1908,closed,2026-09-30,2026-09-30T20:00:00Z,5.12,paper_time_stop_4_sessions;sessions_held=4,-17.2966,4,1.4328,-22.4494
2026-09-24,2026-09-24T14:40:00Z,FISN,10:30,a2_atr,atr_14_pct=0.9816;atr_3_pct=0.9752,,7.01,closed,2026-09-29,2026-09-29T20:00:00Z,5.2575,paper_drawdown_stop_25pct,-25.0,3,2.5678,-25.8203
2026-09-24,2026-09-24T14:40:00Z,VTGN,10:30,a3_prior_spike,ratio=1.503;volume_spike=1641.50,,0.3016,closed,2026-09-24,2026-09-24T18:20:00Z,0.314,paper_target,4.1114,0,5.0398,-10.4443
2026-09-24,2026-09-24T14:40:00Z,DBGI,10:30,a3_prior_spike,ratio=1.568;volume_spike=22.44,,4.85,closed,2026-09-24,2026-09-24T16:30:00Z,5.1,paper_target,5.1546,0,6.8041,-4.9485
2026-09-24,2026-09-24T14:40:00Z,TRUG,10:30,a3_prior_spike,ratio=1.549;volume_spike=551.76,,0.4053,closed,2026-09-25,2026-09-25T20:00:00Z,0.303975,paper_drawdown_stop_25pct,-25.0,1,4.5645,-38.2679
2026-09-24,2026-09-24T14:40:00Z,OBAI,10:30,a5_compliance,financial_status_indicator=CC4;financial_status_description=Noncompliant,a5;a6,0.2127,closed,2026-09-24,2026-09-24T18:05:00Z,0.222,paper_target,4.3724,0,4.3724,-1.9276
2026-09-24,2026-09-24T14:40:00Z,GETY,10:30,a5_compliance,financial_status_indicator=CA4;financial_status_description=Noncompliant,a5;a6,0.1894,closed,2026-09-25,2026-09-25T20:00:00Z,0.14205,paper_drawdown_stop_25pct,-25.0,1,0.0528,-28.9863
2026-09-24,2026-09-24T14:40:00Z,HUBC,10:30,a6_reverse_split_proxy,split_ratio_proxy=306436.19,a6,2.68,closed,2026-09-25,2026-09-25T20:00:00Z,2.01,paper_drawdown_stop_25pct,-25.0,1,1.4925,-33.7687
2026-09-24,2026-09-24T14:40:00Z,BKYI,10:30,a7_thin_liquidity,ask_gap_pct=0.0545;last_real_price=2.20;reason=gap_exceeded,,2.2,closed,2026-09-25,2026-09-25T20:00:00Z,1.65,paper_drawdown_stop_25pct,-25.0,1,0.0,-25.9091
2026-09-25,2026-09-25T14:45:00Z,TWG,10:30,a6_reverse_split_proxy,split_ratio_proxy=167.98,a6,0.1569,closed,2026-09-25,2026-09-25T17:40:00+00:00,0.164,paper_target,4.5252,0,1.6571,-3.6329
2026-09-25,2026-09-25T14:45:00Z,ONEN,10:30,a2_atr_guardrail,atr_14_pct=0.5977;atr_3_pct=1.0114,,2.615,closed,2026-09-25,2026-09-25T14:45:00+00:00,2.75,paper_target,5.1625,0,0.0,-13.5755
2026-09-25,2026-09-25T14:45:00Z,VRME,10:30,a5_compliance_guardrail,financial_status_indicator=CC4;financial_status_description=Noncompliant,a5,0.9,closed,2026-09-25,2026-09-25T17:45:00+00:00,0.936,paper_target,4.0,0,4.7222,-1.8778
2026-09-25,2026-09-25T14:45:00Z,NXGL,10:30,a5_compliance_guardrail,financial_status_indicator=CC4;financial_status_description=Noncompliant,a5,0.1999,closed,2026-10-01,2026-10-01T20:00:00Z,0.1766,paper_time_stop_4_sessions,-11.6558,4,0.0000,-21.9610
2026-09-25,2026-09-25T14:45:00Z,STAK,10:30,a3_prior_spike_guardrail,peak_to_baseline_ratio=1.4262;volume_spike_ratio=161.0,,1.14,closed,2026-09-25,2026-09-25T18:15:00+00:00,1.19,paper_target,4.386,0,3.5088,-5.2632
2026-09-25,2026-09-25T14:45:00Z,DCX,10:30,a6_reverse_split_proxy,split_ratio_proxy=12673.6,a6,0.0481,closed,2026-09-25,2026-09-25T15:00:00+00:00,0.051,paper_target,6.0291,0,4.3659,-1.4553
2026-09-25,2026-09-25T14:45:00Z,LGO,10:30,a5_compliance_guardrail,financial_status_indicator=CC4;financial_status_description=Noncompliant,a5,0.559,closed,2026-10-01,2026-10-01T20:00:00Z,0.4748,paper_time_stop_4_sessions,-15.0626,4,1.1628,-18.5868
2026-09-25,2026-09-25T14:45:00Z,GCTK,10:30,a5_compliance_guardrail,financial_status_indicator=CC4;financial_status_description=Noncompliant,a5;a6,2.0876,closed,2026-09-30,2026-09-30T20:00:00Z,1.5657,paper_drawdown_stop_25pct,-25.0,3,1.073,-25.0
2026-09-25,2026-09-25T14:45:00Z,CRMT,10:30,a6_reverse_split_proxy,split_ratio_proxy=28.12,a6,1.125,closed,2026-09-28,2026-09-28T20:00:00Z,1.15,paper_target,2.2222,1,4.0,-10.2222
2026-09-25,2026-09-25T14:45:00Z,TRT,10:30,a4_earnings_recency,days_since_earnings=1;last_report_date=2026-09-24,,6.19,closed,2026-09-28,2026-09-28T20:00:00Z,6.57,paper_target,6.1389,1,8.2391,-3.336
2026-09-25,2026-09-25T14:45:00Z,PARA,10:30,a6_reverse_split_proxy,split_ratio_proxy=111.3,a6,0.7153,closed,2026-10-01,2026-10-01T20:00:00Z,0.5702,paper_time_stop_4_sessions,-20.2852,4,3.4531,-20.5928
2026-09-25,2026-09-25T14:45:00Z,SAFX,10:30,a5_compliance_guardrail,financial_status_indicator=CC4;financial_status_description=Noncompliant,a5,0.3611,closed,2026-09-25,2026-09-25T19:30:00+00:00,0.369,paper_target,2.1878,0,2.9355,-7.2002
2026-09-25,2026-09-25T14:45:00Z,GMEU,10:30,a8_leveraged_inverse_etf,industry=Investment Trusts Or Mutual Funds;description_marker=2x leveraged exposure;daily price movement of,a8,8.215,closed,2026-09-28,2026-09-28T20:00:00Z,8.58,paper_target,4.4431,1,6.5125,-3.1041
2026-09-25,2026-09-25T14:45:00Z,SCNI,10:30,a7_thin_liquidity_stale_quote,ask_gap_pct=0.0429;last_real_price=1.6301;reason=gap_exceeded,,1.6301,closed,2026-10-01,2026-10-01T20:00:00Z,1.2900,paper_time_stop_4_sessions,-20.8638,4,4.2881,-22.0907
2026-09-25,2026-09-25T14:45:00Z,TGHL,10:30,a5_compliance_guardrail,financial_status_indicator=CC4;financial_status_description=Noncompliant,a5,0.7298,closed,2026-09-25,2026-09-25T19:55:00+00:00,0.751,paper_target,2.9049,0,4.974,-4.0696
2026-09-25,2026-09-25T14:45:00Z,VBIO,10:30,a6_reverse_split_proxy,split_ratio_proxy=26.03,a6,3.025,closed,2026-09-25,2026-09-25T15:05:00+00:00,3.18,paper_target,5.124,0,2.4793,-2.9752
2026-09-25,2026-09-25T14:45:00Z,BEZ,10:30,a6_reverse_split_proxy,split_ratio_proxy=58.47,a6;a8,5.245,closed,2026-09-28,2026-09-28T20:00:00Z,5.8,paper_target,10.5815,1,12.6787,-9.4376
2026-09-25,2026-09-25T14:45:00Z,CMCT,10:30,a6_reverse_split_proxy,split_ratio_proxy=756.4,a6,1.905,closed,2026-09-25,2026-09-25T17:55:00+00:00,1.99,paper_target,4.4619,0,4.9029,0.0
2026-09-25,2026-09-25T14:45:00Z,IREG,10:30,a8_leveraged_inverse_etf,industry=Investment Trusts Or Mutual Funds;description_marker=2x leveraged exposure;daily price movement of,a8,8.62,closed,2026-09-25,2026-09-25T16:05:00+00:00,9.06,paper_target,5.1044,0,5.1009,0.8608
2026-09-25,2026-09-25T14:45:00Z,MEDS,10:30,a5_compliance_guardrail,financial_status_indicator=CC4;financial_status_description=Noncompliant,a5;a6,3.17,closed,2026-09-28,2026-09-28T20:00:00Z,4.56,paper_target,43.8486,1,46.6877,-5.0473
2026-09-25,2026-09-25T14:45:00Z,ATYR,10:30,a5_compliance_guardrail,financial_status_indicator=CC4;financial_status_description=Noncompliant,a5,0.3087,closed,2026-09-28,2026-09-28T20:00:00Z,0.315,paper_target,2.0408,1,2.4943,-5.5718
2026-09-25,2026-09-25T14:45:00Z,DBGI,10:30,a6_reverse_split_proxy,split_ratio_proxy=154.9,a6,4.649,closed,2026-09-25,2026-09-25T19:55:00+00:00,4.78,paper_target,2.8178,0,4.7537,-2.1273
2026-09-25,2026-09-25T14:45:00Z,LGCY,10:30,a4_earnings_recency,days_since_earnings=1;last_report_date=2026-09-24,,9.505,closed,2026-10-01,2026-10-01T20:00:00Z,9.7000,paper_target,2.0516,4,2.7354,-7.2067
2026-09-25,2026-09-25T14:45:00Z,WETO,10:30,a6_reverse_split_proxy,split_ratio_proxy=145.5,a6,1.725,closed,2026-09-29,2026-09-29T20:00:00Z,1.2938,paper_drawdown_stop_25pct,-25.0,2,15.3623,-40.2841
2026-09-25,2026-09-25T14:45:00Z,AUC,10:30,a1_spread_guardrail,spread_pct=0.194,,7.99,closed,2026-09-28,2026-09-28T20:00:00Z,8.79,paper_target,10.0125,1,12.1402,0.0
2026-09-25,2026-09-25T14:45:00Z,CBAT,10:30,a5_compliance_guardrail,financial_status_indicator=CC4;financial_status_description=Noncompliant,a5,1.23,closed,2026-09-28,2026-09-28T20:00:00Z,1.33,paper_target,8.1301,1,9.7561,-8.9431
2026-09-25,2026-09-25T14:45:00Z,EZGO,10:30,a6_reverse_split_proxy,split_ratio_proxy=1121.1,a6,0.98,closed,2026-10-01,2026-10-01T20:00:00Z,0.8600,paper_time_stop_4_sessions,-12.2449,4,0.0000,-12.9184
2026-09-25,2026-09-25T14:45:00Z,BBBYW,10:30,a7_thin_liquidity_stale_quote,ask_gap_pct=0.049;last_real_price=0.5309;reason=gap_exceeded,,0.5309,closed,2026-09-28,2026-09-28T20:00:00Z,0.598,paper_target,12.6389,1,14.8992,-9.5875
2026-09-25,2026-09-25T14:45:00Z,ATGL,10:30,a1_spread_guardrail,spread_pct=0.1081,,6.2,closed,2026-10-01,2026-10-01T20:00:00Z,5.6500,paper_time_stop_4_sessions,-8.8710,4,0.0000,-15.8065
2026-09-25,2026-09-25T14:45:00Z,FOFO,10:30,a1_spread_guardrail,spread_pct=0.1304,,2.07,closed,2026-09-25,2026-09-25T16:20:00+00:00,2.18,paper_target,5.314,0,3.3768,-0.9662
2026-09-25,2026-09-25T14:45:00Z,YOUL,10:30,a1_spread_guardrail,spread_pct=0.1193,,0.435,closed,2026-09-25,2026-09-25T19:50:00+00:00,0.444,paper_target,2.069,0,1.5402,1.5402
2026-09-25,2026-09-25T14:45:00Z,VWAV,10:30,a6_reverse_split_proxy,split_ratio_proxy=61.24,a6,5.1599,closed,2026-10-01,2026-10-01T20:00:00Z,4.4400,paper_time_stop_4_sessions,-13.9518,4,0.6047,-24.2233
2026-09-28,2026-09-28T13:46:00Z,SHFS,9:30,a5_compliance_guardrail,financial_status_indicator=CC4;financial_status_description=Noncompliant,a5;a6,0.1297,closed,2026-09-28,2026-09-28T14:50:00Z,0.1187,paper_auto_liquidate_60min,-8.481110254433315,0,0.0,-10.4086
2026-09-28,2026-09-28T13:46:00Z,TWG,9:30,a6_reverse_split_proxy,split_ratio_proxy=199.55,a6,0.1321,closed,2026-09-28,2026-09-28T14:50:00Z,0.1255,paper_auto_liquidate_60min,-4.996214988644962,0,0.0,-6.813
2026-09-28,2026-09-28T13:46:00Z,INLF,9:30,a3_prior_spike_guardrail,peak_to_baseline_ratio=1.375;volume_spike_ratio=475.08,,4.43,closed,2026-09-28,2026-09-28T17:05:00Z,4.66,paper_target,5.191873589164795,0,5.7381,-11.9639
2026-09-28,2026-09-28T13:46:00Z,NIVF,9:30,a1_spread_guardrail,spread_pct=0.1085,,0.4601,closed,2026-09-28,2026-09-28T19:05:00Z,0.345075,paper_drawdown_stop_25pct,-25.0,0,1.8474,-25.2336
2026-09-28,2026-09-28T13:46:00Z,AIFF,9:30,a3_prior_spike_guardrail,peak_to_baseline_ratio=1.805;volume_spike_ratio=2069.60,,1.63,closed,2026-09-28,2026-09-28T19:55:00Z,1.68,paper_target,3.06748466257669,0,4.908,-4.908
2026-09-28,2026-09-28T13:46:00Z,BGDE,9:30,trading_halted,"order_rejected:Trading for BGDE is halted, so it can't be bought in shares right now",,5.04,closed,2026-09-28,2026-09-28T13:50:00Z,5.32,paper_target,5.55555555555556,0,7.5397,0.0
2026-09-28,2026-09-28T13:46:00Z,TDIC,9:30,a3_prior_spike_guardrail,peak_to_baseline_ratio=1.428;volume_spike_ratio=1091.52,,2.6222,closed,2026-09-28,2026-09-28T17:40:00Z,2.73,paper_target,4.111051788574485,0,4.4924,-5.4229
2026-09-28,2026-09-28T13:46:00Z,PFSA,9:30,a6_reverse_split_proxy,split_ratio_proxy=1612.90,a6,1.86,closed,2026-09-29,2026-09-29T20:00:00Z,2.41,paper_target,29.5699,1,31.7204,-12.3118
2026-09-28,2026-09-28T13:46:00Z,WHLR,9:30,a3_prior_spike_guardrail,peak_to_baseline_ratio=1.377;volume_spike_ratio=749.76,,4.37,closed,2026-09-29,2026-09-29T20:00:00Z,3.2775,paper_drawdown_stop_25pct,-25.0,1,0.5057,-26.087
2026-09-28,2026-09-28T13:46:00Z,APUS,9:30,a3_prior_spike_guardrail,peak_to_baseline_ratio=3.008;volume_spike_ratio=2850.34,,6.1461,closed,2026-09-28,2026-09-28T17:35:00Z,6.4,paper_target,4.1310749906444855,0,4.9446,-9.5361
2026-09-28,2026-09-28T13:46:00Z,IFBD,9:30,a3_prior_spike_guardrail,peak_to_baseline_ratio=1.362;volume_spike_ratio=7823.42,,1.1516,closed,2026-09-28,2026-09-28T14:00:00Z,1.21,paper_target,5.071205279610977,0,5.8527,-0.1389
2026-09-28,2026-09-28T13:46:00Z,AXG,9:30,a2_atr_guardrail,atr_14_pct=1.4419;atr_3_pct=3.1579,,0.1785,closed,2026-09-28,2026-09-28T14:50:00Z,0.1537,paper_auto_liquidate_60min,-13.893557422969183,0,0.0,-15.1261
2026-09-28,2026-09-28T13:46:00Z,KITT,9:30,a5_compliance_guardrail,financial_status_indicator=CC4;financial_status_description=Noncompliant,a5;a6,2.0202,closed,2026-10-02,2026-10-02T20:00:00Z,1.51515,paper_drawdown_stop_25pct,-25.0,4,2.9601,-28.2249
2026-09-28,2026-09-28T13:46:00Z,ONEN,9:30,a2_atr_guardrail,atr_14_pct=0.6990;atr_3_pct=0.9848,,2.2,closed,2026-09-28,2026-09-28T19:20:00Z,2.46,paper_target,11.818181818181808,0,13.6364,-13.6364
2026-09-28,2026-09-28T13:46:00Z,POM,9:30,a1_spread_guardrail,spread_pct=0.1604,,0.91,closed,2026-09-28,2026-09-28T14:15:00Z,0.966,paper_target,6.153846153846146,0,8.2308,-1.0659
2026-09-28,2026-09-28T13:46:00Z,JAGX,9:30,a2_atr_guardrail,atr_14_pct=0.7858;atr_3_pct=1.4780,,6.94,closed,2026-09-29,2026-09-29T20:00:00Z,5.205,paper_drawdown_stop_25pct,-25.0,1,4.4669,-27.9539
2026-09-28,2026-09-28T13:46:00Z,ZBAO,9:30,a5_compliance_guardrail,financial_status_indicator=CC4;financial_status_description=Noncompliant,a5;a6,0.0826,closed,2026-09-28,2026-09-28T14:20:00Z,0.087,paper_target,5.326876513317176,0,5.6901,-3.1477
2026-09-28,2026-09-28T13:46:00Z,INDP,9:30,a3_prior_spike_guardrail,peak_to_baseline_ratio=2.837;volume_spike_ratio=2.87,,3.41,closed,2026-09-30,2026-09-30T20:00:00Z,2.5575,paper_drawdown_stop_25pct,-25.0,2,0.0,-25.0
2026-09-28,2026-09-28T13:46:00Z,QNME,9:30,a3_prior_spike_guardrail,peak_to_baseline_ratio=2.549;volume_spike_ratio=4846.37,,0.6576,closed,2026-10-02,2026-10-02T20:00:00Z,0.5509,paper_time_stop_4_sessions,-16.2257,4,4.1515,-20.9094
2026-09-28,2026-09-28T13:46:00Z,YOUL,9:30,a5_compliance_guardrail,financial_status_indicator=CC4;financial_status_description=Noncompliant,a5,0.435,closed,2026-09-28,2026-09-28T14:20:00Z,0.457,paper_target,5.057471264367821,0,5.4253,0.0
2026-09-28,2026-09-28T13:46:00Z,AVAT,9:30,a3_prior_spike_guardrail,peak_to_baseline_ratio=2.910;volume_spike_ratio=34.09,,1.65,closed,2026-09-28,2026-09-28T15:50:00Z,1.74,paper_target,5.4545454545454595,0,5.4545,-4.2424
2026-09-28,2026-09-28T13:46:00Z,PMEC,9:30,a1_spread_guardrail,spread_pct=0.1316,,0.55,closed,2026-09-28,2026-09-28T14:25:00Z,0.578,paper_target,5.090909090909075,0,5.4545,-9.0909
2026-09-28,2026-09-28T13:46:00Z,SUGP,9:30,a6_reverse_split_proxy,split_ratio_proxy=112.15,a6,0.5,closed,2026-09-28,2026-09-28T15:40:00Z,0.525,paper_target,5.000000000000004,0,5.78,-1.94
2026-09-28,2026-09-28T14:42:00Z,NCT,10:30,a1_spread_guardrail,spread_pct=0.1256,,3.5043,closed,2026-09-28,2026-09-28T14:45:00Z,3.68,paper_target,5.013840139257483,0,5.0138,0.0
2026-09-28,2026-09-28T14:42:00Z,LGHL,10:30,a1_spread_guardrail,spread_pct=0.0887,,6.54,closed,2026-09-29,2026-09-29T20:00:00Z,4.905,paper_drawdown_stop_25pct,-25.0,1,3.9755,-31.1896
2026-09-28,2026-09-28T14:44:00Z,JDZG,10:30,a6_reverse_split_proxy,split_ratio_proxy=254.38,a6,3.99,closed,2026-09-28,2026-09-28T14:50:00Z,4.3,paper_target,7.769423558897233,0,9.7744,0.0
2026-09-28,2026-09-28T14:44:00Z,DCOY,10:30,a6_reverse_split_proxy,split_ratio_proxy=24.10,a6,2.32,closed,2026-09-28,2026-09-28T14:45:00Z,2.45,paper_target,5.603448275862084,0,7.7543,0.0
2026-09-28,2026-09-28T14:44:00Z,LABT,10:30,a6_reverse_split_proxy,split_ratio_proxy=75.53,a6,1.3001,closed,2026-09-28,2026-09-28T15:00:00Z,1.38,paper_target,6.145681101453723,0,7.684,-2.3152
2026-09-28,2026-09-28T14:44:00Z,IPST,10:30,a5_compliance_guardrail,financial_status_indicator=CC5;financial_status_description=Noncompliant,a5;a6,3.05,closed,2026-09-28,2026-09-28T15:30:00Z,3.21,paper_target,5.245901639344267,0,5.5738,-3.6066
2026-09-28,2026-09-28T14:44:00Z,NCPL,10:30,a5_compliance_guardrail,financial_status_indicator=CC10;financial_status_description=Noncompliant,a5,1.1332,closed,2026-09-28,2026-09-28T14:55:00Z,1.19,paper_target,5.012354394634659,0,5.8948,0.0
2026-09-28,2026-09-28T14:44:00Z,NRSN,10:30,a5_compliance_guardrail,financial_status_indicator=CC4;financial_status_description=Noncompliant,a5,5.9243,closed,2026-09-29,2026-09-29T20:00:00Z,4.4432,paper_drawdown_stop_25pct,-25.0,1,2.9489,-26.4892
2026-09-28,2026-09-28T14:44:00Z,GWH,10:30,a5_compliance_guardrail,financial_status_indicator=CA4;financial_status_description=Noncompliant,a5;a6,0.1798,closed,2026-09-29,2026-09-29T20:00:00Z,0.187,paper_target,4.0044,1,5.673,-5.0612
2026-09-28,2026-09-28T14:44:00Z,XXII,10:30,a6_reverse_split_proxy,split_ratio_proxy=489.62,a6,1.1274,closed,2026-09-29,2026-09-29T20:00:00Z,0.8456,paper_drawdown_stop_25pct,-25.0,1,1.7385,-30.353
2026-09-28,2026-09-28T14:44:00Z,CISO,10:30,a5_compliance_guardrail,financial_status_indicator=CC4;financial_status_description=Noncompliant,a5,0.2091,closed,2026-09-28,2026-09-28T17:40:00Z,0.218,paper_target,4.256336681013865,0,4.9259,-4.4955
2026-09-28,2026-09-28T14:44:00Z,GNPX,10:30,a6_reverse_split_proxy,split_ratio_proxy=423.08,a6,2.86,closed,2026-09-28,2026-09-28T15:45:00Z,2.7803,paper_auto_liquidate_60min,-2.7867132867132827,0,0.0,-5.5944
2026-09-28,2026-09-28T14:44:00Z,CDT,10:30,a6_reverse_split_proxy,split_ratio_proxy=25956.20,a6,0.0685,closed,2026-09-28,2026-09-28T15:35:00Z,0.072,paper_target,5.109489051094875,0,6.4234,0.0
2026-09-28,2026-09-28T14:44:00Z,FFAI,10:30,a6_reverse_split_proxy,split_ratio_proxy=178.09,a6,1.415,closed,2026-09-29,2026-09-29T20:00:00Z,1.53,paper_target,8.1272,1,10.2473,-11.6608
2026-09-28,2026-09-28T14:44:00Z,HUBC,10:30,a6_reverse_split_proxy,split_ratio_proxy=468750.00,a6,1.68,closed,2026-09-29,2026-09-29T20:00:00Z,1.26,paper_drawdown_stop_25pct,-25.0,1,0.5952,-41.6667
2026-09-28,2026-09-28T14:44:00Z,FTHM,10:30,a5_compliance_guardrail,financial_status_indicator=CC4;financial_status_description=Noncompliant,a5,0.5163,closed,2026-09-28,2026-09-28T19:25:00Z,0.532,paper_target,3.0408677125702206,0,4.3579,-6.8758
2026-09-28,2026-09-28T14:44:00Z,AUID,10:30,a5_compliance_guardrail,financial_status_indicator=CC4;financial_status_description=Noncompliant,a5,0.4126,closed,2026-10-02,2026-10-02T20:00:00Z,0.4381,paper_time_stop_4_sessions,6.1803,4,14.1784,-13.8633
2026-09-28,2026-09-28T14:44:00Z,SMX,10:30,a6_reverse_split_proxy,split_ratio_proxy=15676.10,a6,6.975,closed,2026-09-28,2026-09-28T17:30:00Z,7.26,paper_target,4.086021505376347,0,5.5197,-11.3118
2026-09-28,2026-09-28T14:45:00Z,MNOV,10:30,a3_prior_spike_guardrail,peak_to_baseline_ratio=2.263;volume_spike_ratio=65.14,,1.935,closed,2026-09-28,2026-09-28T15:45:00Z,1.75,paper_auto_liquidate_60min,-9.560723514211888,0,0.0,-10.5426
2026-09-28,2026-09-28T14:45:00Z,PAAI,10:30,a3_prior_spike_guardrail,peak_to_baseline_ratio=3.326;volume_spike_ratio=88.39,,1.52,closed,2026-09-28,2026-09-28T15:55:00Z,1.49,paper_auto_liquidate_60min,-1.9736842105263175,0,0.0,-3.9474
2026-09-28,2026-09-28T14:46:00Z,ADXN,10:30,a4_earnings_recency,days_since_earnings=0,,3.23,closed,2026-10-02,2026-10-02T20:00:00Z,2.99,paper_time_stop_4_sessions,-7.4303,4,15.7895,-20.743
2026-09-28,2026-09-28T14:46:00Z,LONA,10:30,a7_thin_liquidity_guardrail,ask_gap_pct=0.0422;last_real_price=2.610;skip_type=gap_exceeded,,2.66,closed,2026-09-28,2026-09-28T19:20:00Z,2.76,paper_target,3.759398496240588,0,5.6391,-16.9173
2026-09-29,2026-09-29T13:45:00Z,GOW,9:30,a2_atr_guardrail,atr14_pct=1.0953;atr3_pct=1.4489,,1.62,closed,2026-09-29,2026-09-29T13:50:00Z,1.74,paper_target,7.4074,0,9.2593,0.0
2026-09-29,2026-09-29T13:45:00Z,AXG,9:30,a2_atr_guardrail,atr14_pct=1.9327;atr3_pct=3.6760,,0.1206,closed,2026-09-29,2026-09-29T19:00:00Z,0.125,paper_target,3.6484,0,5.7214,-11.2769
2026-09-29,2026-09-29T13:45:00Z,NCT,9:30,a2_atr_guardrail,atr14_pct=0.9250;atr3_pct=0.5120,,2.11,closed,2026-09-30,2026-09-30T20:00:00Z,1.5825,paper_drawdown_stop_25pct,-25.0,1,5.2085,-25.0
2026-09-29,2026-09-29T13:45:00Z,PMAX,9:30,a2_atr_guardrail,atr14_pct=0.2667;atr3_pct=0.8059,,1.08,closed,2026-09-30,2026-09-30T20:00:00Z,0.81,paper_drawdown_stop_25pct,-25.0,1,4.6296,-25.0
2026-09-29,2026-09-29T13:45:00Z,XHLD,9:30,a1_spread_guardrail,spread_pct=0.0824,,0.7429,closed,2026-09-29,2026-09-29T14:05:00Z,0.829,paper_target,11.5897,0,13.8107,-4.6978
2026-09-29,2026-09-29T13:45:00Z,EGG,9:30,a1_spread_guardrail,spread_pct=0.1218,,3.43,closed,2026-09-29,2026-09-29T13:55:00Z,3.61,paper_target,5.2478,0,5.8309,-3.4985
2026-09-29,2026-09-29T13:45:00Z,KUST,9:30,a1_spread_guardrail,spread_pct=0.0955,,0.5298,closed,2026-09-29,2026-09-29T14:50:00Z,0.557,paper_target,5.134,0,5.587,-4.681
2026-09-29,2026-09-29T13:45:00Z,MITQ,9:30,a1_spread_guardrail,spread_pct=0.1524,,0.5165,closed,2026-09-29,2026-09-29T13:50:00Z,0.543,paper_target,5.1307,0,6.4472,0.0
2026-09-29,2026-09-29T13:45:00Z,INUV,9:30,a1_spread_guardrail,spread_pct=0.1892,,0.5098,closed,2026-09-29,2026-09-29T14:05:00Z,0.536,paper_target,5.1393,0,5.9043,0.0
2026-09-29,2026-09-29T13:45:00Z,ONCO,9:30,a3_prior_spike_guardrail,ratio=1.594;volume_spike=17.50,,0.9099,closed,2026-10-05,2026-10-05T20:00:00Z,0.6824,paper_drawdown_stop_25pct,-24.999999999999996,4,17.595299999999998,-26.36553467414001
2026-09-29,2026-09-29T13:45:00Z,ARAY,9:30,a3_prior_spike_guardrail,ratio=1.471;volume_spike=1043.53,,0.2516,closed,2026-09-29,2026-09-29T14:30:00Z,0.265,paper_target,5.3259,0,6.5183,-1.9475
2026-09-29,2026-09-29T13:45:00Z,KBSX,9:30,a3_prior_spike_guardrail,ratio=1.753;volume_spike=66.04,,1.36,closed,2026-09-29,2026-09-29T13:45:00Z,1.52,paper_target,11.7647,0,13.9706,0.0
2026-09-29,2026-09-29T13:45:00Z,AIXC,9:30,a3_prior_spike_guardrail,ratio=2.536;volume_spike=24.68,,1.43,closed,2026-09-29,2026-09-29T14:45:00Z,1.0725,paper_drawdown_stop_25pct,-25.0,0,0.0,-32.0909
2026-09-29,2026-09-29T13:45:00Z,MNOV,9:30,a3_prior_spike_guardrail,ratio=2.263;volume_spike=65.14,,1.885,closed,2026-10-05,2026-10-05T20:00:00Z,1.74,paper_time_stop_4_sessions,-7.6923076923076925,4,9.54909999999999,-13.5279
2026-09-29,2026-09-29T13:45:00Z,TWG,9:30,a6_reverse_split_proxy,split_ratio_proxy=249.4,a6,0.106,closed,2026-09-29,2026-09-29T14:50:00Z,0.112,paper_target,5.6604,0,7.4528,-0.4717
2026-09-29,2026-09-29T13:45:00Z,TDTH,9:30,a6_reverse_split_proxy,split_ratio_proxy=31.55,a6,0.9175,closed,2026-09-29,2026-09-29T13:45:00Z,0.964,paper_target,5.0681,0,5.7221,-24.0109
2026-09-29,2026-09-29T13:45:00Z,BEZ,9:30,a6_reverse_split_proxy,split_ratio_proxy=64.75,a6;a8,4.84,closed,2026-09-30,2026-09-30T20:00:00Z,4.94,paper_target,2.0661,1,3.0992,-15.7025
2026-09-29,2026-09-29T13:45:00Z,EHGO,9:30,a6_reverse_split_proxy,split_ratio_proxy=16.12,a6,0.6994,closed,2026-10-05,2026-10-05T20:00:00Z,0.9016,paper_target,28.910494709751223,4,31.541321132399204,-11.338289962825284
2026-09-29,2026-09-29T13:45:00Z,GYGY,9:30,a6_reverse_split_proxy,split_ratio_proxy=42.69,a6,0.75,closed,2026-09-29,2026-09-29T19:55:00Z,0.766,paper_target,2.1333,0,4.0933,-8.0267
2026-09-29,2026-09-29T13:45:00Z,CLRO,9:30,a5_compliance_guardrail,financial_status_indicator=CC4;financial_status_description=Noncompliant,a5,4.4072,closed,2026-09-29,2026-09-29T14:05:00Z,4.63,paper_target,5.0554,0,5.5069,0.0
2026-09-29,2026-09-29T13:45:00Z,KALA,9:30,a5_compliance_guardrail,financial_status_indicator=CC4;financial_status_description=Noncompliant,a5;a6,0.405,closed,2026-09-29,2026-09-29T14:00:00Z,0.433,paper_target,6.9136,0,8.9383,-0.9877
2026-09-29,2026-09-29T13:45:00Z,JLHL,9:30,a7_thin_liquidity_guardrail,ask_gap_pct=0.03214;last_real_price=4.3114;reason=gap_exceeded,,4.45,closed,2026-10-01,2026-10-01T20:00:00Z,4.7100,paper_target,5.8427,2,7.8652,-20.4494
2026-09-29,2026-09-29T13:45:00Z,RILY,9:30,a7_thin_liquidity_guardrail,ask_gap_pct=0.04025;last_real_price=4.720;reason=gap_exceeded,,4.74,closed,2026-09-29,2026-09-29T16:50:00Z,4.98,paper_target,5.0633,0,5.1688,-3.7975
2026-09-29,2026-09-29T13:45:00Z,TMCR,9:30,a7_thin_liquidity_guardrail,ask_gap_pct=0.06484;last_real_price=4.010;reason=gap_exceeded,,4.0333,closed,2026-09-29,2026-09-29T13:45:00Z,4.41,paper_target,9.3397,0,11.3232,-5.0331
2026-09-30,2026-09-30T13:44:00Z,SDEV,9:30,a6_reverse_split_proxy,split_ratio_proxy=40.55;high_52w=99.75,a6,2.4598,closed,2026-09-30,2026-09-30T14:00:00Z,2.59,paper_target,5.2931,0,7.3258,-2.0652
2026-09-30,2026-09-30T13:44:00Z,SLXN,9:30,a5_compliance_guardrail,financial_status_indicator=CC4;financial_status_description=Noncompliant,a5;a6,0.2646,closed,2026-09-30,2026-09-30T19:30:00Z,0.27,paper_target,2.0408,0,3.9305,-3.2502
2026-09-30,2026-09-30T13:44:00Z,MSOX,9:30,a8_leveraged_etf,industry=Investment Trusts Or Mutual Funds;description=2x daily total return of MSOS,a8,2.57,closed,2026-10-06,2026-10-06T20:00:00Z,2.325,paper_time_stop_4_sessions,-9.533073929961077,4,5.0584,-13.6187
2026-09-30,2026-09-30T13:44:00Z,CBRG,9:30,a8_leveraged_etf,industry=Investment Trusts Or Mutual Funds;description=2x leveraged exposure to CBRS,a8,2.755,closed,2026-09-30,2026-09-30T13:55:00Z,2.9,paper_target,5.2632,0,6.7151,0.0
2026-09-30,2026-09-30T13:44:00Z,CBRX,9:30,a8_leveraged_etf,industry=Investment Trusts Or Mutual Funds;description=2x exposure to CBRS,a8,8.195,closed,2026-09-30,2026-09-30T13:55:00Z,8.61,paper_target,5.0641,0,7.0165,0.0
2026-09-30,2026-09-30T13:44:00Z,SLND,9:30,a5_compliance_guardrail,financial_status_indicator=CB4;financial_status_description=Noncompliant,a5,0.601,closed,2026-09-30,2026-09-30T14:10:00Z,0.632,paper_target,5.1581,0,7.3211,-4.9917
2026-09-30,2026-09-30T13:44:00Z,EJH,9:30,a5_compliance_guardrail,financial_status_indicator=CC4;financial_status_description=Noncompliant,a5;a6,1.35,closed,2026-09-30,2026-09-30T19:45:00Z,1.38,paper_target,2.2222,0,3.7037,-2.963
2026-09-30,2026-09-30T13:44:00Z,TDTH,9:30,a6_reverse_split_proxy,split_ratio_proxy=30.30;high_52w=30.60,a6,1.01,closed,2026-09-30,2026-09-30T15:10:00Z,1.07,paper_target,5.9406,0,15.8416,0.0
2026-09-30,2026-09-30T13:44:00Z,LESL,9:30,a6_reverse_split_proxy,split_ratio_proxy=60.91;high_52w=12.53,a6,0.2057,closed,2026-09-30,2026-09-30T13:50:00Z,0.216,paper_target,5.0073,0,6.806,-5.2018
2026-09-30,2026-09-30T13:44:00Z,PFSA,9:30,a6_reverse_split_proxy,split_ratio_proxy=1477.83;high_52w=3000.00,a6,2.03,closed,2026-09-30,2026-09-30T13:45:00Z,2.14,paper_target,5.4187,0,9.3596,0.0
2026-09-30,2026-09-30T13:44:00Z,EGG,9:30,a1_spread_guardrail,spread_pct=0.1904;bid=4.17;ask=5.00,,4.36,closed,2026-09-30,2026-09-30T13:55:00Z,4.58,paper_target,5.0459,0,5.5046,0.0
2026-09-30,2026-09-30T13:44:00Z,BGIN,9:30,a1_spread_guardrail,spread_pct=0.0829;bid=2.14;ask=2.32,,2.17,closed,2026-09-30,2026-09-30T13:45:00Z,2.28,paper_target,5.0691,0,5.5300,0.0
2026-10-01,2026-10-01T13:46:00Z,SMXT,9:30,a1_spread,spread_pct=0.1295,,2.24,closed,2026-10-05,2026-10-05T20:00:00Z,2.6401,paper_target,17.86249999999999,2,20.267857142857128,-7.5893
2026-10-01,2026-10-01T13:46:00Z,SCNX,9:30,a5_compliance,financial_status_indicator=CC4;financial_status_description=Noncompliant,a5,0.2001,closed,2026-10-02,2026-10-02T20:00:00Z,0.15007500000000001,paper_drawdown_stop_25pct,-25.0,1,6.9465,-32.1339
2026-10-01,2026-10-01T13:46:00Z,VIVK,9:30,a6_reverse_split_proxy,split_ratio_proxy=6027.8,a6,0.3956,closed,2026-10-01,2026-10-01T16:15:00Z,0.2967,paper_drawdown_stop_25pct,-25.0000,0,0.0000,-25.4044
2026-10-01,2026-10-01T13:46:00Z,RETO,9:30,a3_prior_spike,peak_to_baseline_ratio=51.22;volume_spike_ratio=746.53,,0.0908,closed,2026-10-01,2026-10-01T14:10:00Z,0.0960,paper_target,5.7269,0,6.8282,0.0000
2026-10-01,2026-10-01T13:46:00Z,OBAI,9:30,a5_compliance,financial_status_indicator=CC4;financial_status_description=Noncompliant,a5;a6,0.2129,closed,2026-10-02,2026-10-02T20:00:00Z,0.221,paper_target,3.8046,1,5.8713,-12.635
2026-10-01,2026-10-01T13:46:00Z,GOW,9:30,a3_prior_spike,peak_to_baseline_ratio=1.51;volume_spike_ratio=190.75,,2.59,closed,2026-10-01,2026-10-01T14:20:00Z,2.7200,paper_target,5.0193,0,6.1776,-1.1583
2026-10-01,2026-10-01T13:46:00Z,BIYA,9:30,a3_prior_spike,peak_to_baseline_ratio=1.415;volume_spike_ratio=365.45,,1.64,closed,2026-10-07,2026-10-07T16:50:00Z,2.8322,paper_target,72.6951,4,76.2195,-20.7317
2026-10-01,2026-10-01T13:46:00Z,LGHL,9:30,a6_reverse_split_proxy,split_ratio_proxy=832.7,a6,4.7206,closed,2026-10-05,2026-10-05T20:00:00Z,3.5404,paper_drawdown_stop_25pct,-25.000000000000007,2,4.647700000000009,-27.572766173791468
2026-10-01,2026-10-01T13:46:00Z,LESL,9:30,a3_prior_spike,peak_to_baseline_ratio=1.61;volume_spike_ratio=437.27,,0.1354,closed,2026-10-01,2026-10-01T14:45:00Z,0.1430,paper_target,5.6130,0,7.8287,-8.7888
2026-10-01,2026-10-01T13:46:00Z,DKI,9:30,a6_reverse_split_proxy,split_ratio_proxy=15.33,a6,1.305,closed,2026-10-02,2026-10-02T20:00:00Z,1.41,paper_target,8.046,1,9.5785,-15.7088
2026-10-01,2026-10-01T13:46:00Z,LFWD,9:30,a7_thin_liquidity_stale_quote,ask_gap_pct=0.0714;last_real_price=5.60;reason=gap_exceeded,,5.6,closed,2026-10-01,2026-10-01T14:10:00Z,5.8800,paper_target,5.0000,0,10.7464,0.0000
2026-10-01,2026-10-01T13:46:00Z,TWG,9:30,a6_reverse_split_proxy,split_ratio_proxy=257.2,a6,0.1025,closed,2026-10-01,2026-10-01T14:05:00Z,0.1080,paper_target,5.3659,0,7.3171,0.0000
2026-10-01,2026-10-01T13:46:00Z,LRHC,9:30,a5_compliance,financial_status_indicator=CC4;financial_status_description=Noncompliant,a5;a6,2.058,closed,2026-10-01,2026-10-01T14:30:00Z,2.1700,paper_target,5.4422,0,6.4140,-5.7337
2026-10-01,2026-10-01T13:46:00Z,NCI,9:30,a6_reverse_split_proxy,split_ratio_proxy=103.25,a6,1.07,closed,2026-10-05,2026-10-05T20:00:00Z,0.8025,paper_drawdown_stop_25pct,-25.000000000000007,2,3.738299999999987,-29.813084112149536
2026-10-01,2026-10-01T13:46:00Z,XHLD,9:30,a3_prior_spike,peak_to_baseline_ratio=1.366;volume_spike_ratio=6.19,,0.5703,closed,2026-10-05,2026-10-05T20:00:00Z,0.4277,paper_drawdown_stop_25pct,-25.0,2,6.452699999999995,-29.335437489040856
2026-10-01,2026-10-01T13:46:00Z,TGE,9:30,a3_prior_spike,peak_to_baseline_ratio=2.124;volume_spike_ratio=16275.2,,1.4201,closed,2026-10-07,2026-10-07T20:00:00Z,1.065075,paper_drawdown_stop_25pct,-25.0,4,14.0765,-25.3574
2026-10-01,2026-10-01T13:46:00Z,SEV,9:30,a6_reverse_split_proxy,split_ratio_proxy=22.76,a6,1.795,closed,2026-10-07,2026-10-07T20:00:00Z,1.632,paper_time_stop_4_sessions,-9.0808,4,18.663,-13.0919
2026-10-01,2026-10-01T13:46:00Z,SDST,9:30,a3_prior_spike,peak_to_baseline_ratio=2.264;volume_spike_ratio=90.44,,0.0949,closed,2026-10-01,2026-10-01T16:50:00Z,0.1000,paper_target,5.3741,0,5.3741,-12.1180
2026-10-01,2026-10-01T13:46:00Z,GUTS,9:30,a5_compliance,financial_status_indicator=CC4;financial_status_description=Noncompliant,a5,0.4949,closed,2026-10-05,2026-10-05T20:00:00Z,4.7182,paper_target,853.3663366336633,2,872.8227924833299,-19.1756
2026-10-01,2026-10-01T13:46:00Z,ZBAO,9:30,a5_compliance,financial_status_indicator=CC4;financial_status_description=Noncompliant,a5;a6,0.0883,closed,2026-10-01,2026-10-01T19:55:00Z,0.0910,paper_target,3.0578,0,25.1416,-6.0023
2026-10-01,2026-10-01T14:40:00Z,SMJF,10:30,a1_wide_spread,spread_pct=0.1058,,2.0994,closed,2026-10-07,2026-10-07T20:00:00Z,1.57455,paper_drawdown_stop_25pct,-25.0,4,23.8449,-28.17
2026-10-01,2026-10-01T14:40:00Z,CCG,10:30,a1_wide_spread,spread_pct=0.1102,,4.9,closed,2026-10-01,2026-10-01T15:15:00Z,5.1500,paper_target,5.1020,0,5.8163,0.0000
2026-10-01,2026-10-01T14:40:00Z,HUHU,10:30,a1_wide_spread,spread_pct=0.0821,,4.6,closed,2026-10-01,2026-10-01T16:55:00Z,4.8300,paper_target,5.0000,0,6.5217,-3.6957
2026-10-01,2026-10-01T14:40:00Z,PAVM,10:30,a1_wide_spread,spread_pct=0.0903,,3.1,closed,2026-10-07,2026-10-07T20:00:00Z,2.7,paper_time_stop_4_sessions,-12.9032,4,19.0323,-16.129
2026-10-01,2026-10-01T14:40:00Z,SEED,10:30,a1_wide_spread,spread_pct=0.0947,,0.6804,closed,2026-10-01,2026-10-01T15:10:00Z,0.7150,paper_target,5.0852,0,5.7613,-0.0588
2026-10-01,2026-10-01T14:40:00Z,CMND,10:30,a1_wide_spread,spread_pct=0.082,,0.7111,closed,2026-10-05,2026-10-05T20:00:00Z,6.4092,paper_target,801.3078329348897,2,819.7018703417241,-0.7875
2026-10-01,2026-10-01T14:40:00Z,KNRX,10:30,a1_wide_spread,spread_pct=0.1258,,0.2796,closed,2026-10-07,2026-10-07T20:00:00Z,0.2097,paper_drawdown_stop_25pct,-25.0,4,10.9084,-28.4692
2026-10-01,2026-10-01T14:40:00Z,EOCN,10:30,a1_wide_spread,spread_pct=0.0801,,3.12,closed,2026-10-01,2026-10-01T14:50:00Z,3.2800,paper_target,5.1282,0,6.5705,0.0000
2026-10-01,2026-10-01T14:40:00Z,ATXG,10:30,a1_wide_spread,spread_pct=0.1182,,3.3,closed,2026-10-01,2026-10-01T19:05:00Z,3.4000,paper_target,3.0303,0,3.6303,0.0000
2026-10-01,2026-10-01T14:40:00Z,EQS,10:30,a1_wide_spread,spread_pct=0.1092,,0.83,closed,2026-10-01,2026-10-01T19:50:00Z,0.8470,paper_target,2.0482,0,2.4096,-0.4096
2026-10-01,2026-10-01T14:40:00Z,MIRA,10:30,a5_compliance,financial_status_indicator=CC4;financial_status_description=Noncompliant,a5,0.7191,closed,2026-10-01,2026-10-01T19:45:00Z,0.7340,paper_target,2.0720,0,3.6156,0.0000
2026-10-01,2026-10-01T14:40:00Z,WBX,10:30,a5_compliance,financial_status_indicator=CA4;financial_status_description=Noncompliant,a5,2.4608,closed,2026-10-01,2026-10-01T15:35:00Z,2.5900,paper_target,5.2503,0,5.6445,0.0000
2026-10-01,2026-10-01T14:40:00Z,ALZN,10:30,a5_compliance,financial_status_indicator=CC4;financial_status_description=Noncompliant,a5,1.5452,closed,2026-10-07,2026-10-07T20:00:00Z,1.37,paper_time_stop_4_sessions,-11.3383,4,11.3125,-22.3402
2026-10-01,2026-10-01T14:40:00Z,REFR,10:30,a5_compliance,financial_status_indicator=CC4;financial_status_description=Noncompliant,a5,0.66,closed,2026-10-01,2026-10-01T18:30:00Z,0.6800,paper_target,3.0303,0,4.3788,0.0000
2026-10-01,2026-10-01T14:40:00Z,PWCM,10:30,a6_reverse_split_proxy,split_ratio_proxy=37.1,a6,0.96,closed,2026-10-06,2026-10-06T20:00:00Z,1.03,paper_target,7.291666666666674,3,11.4583,-13.6354
2026-10-01,2026-10-01T14:40:00Z,ENLV,10:30,a6_reverse_split_proxy,split_ratio_proxy=61.3,a6,0.4429,closed,2026-10-07,2026-10-07T20:00:00Z,0.332175,paper_drawdown_stop_25pct,-25.0,4,13.2987,-32.2646
2026-10-01,2026-10-01T14:40:00Z,FRGT,10:30,a6_reverse_split_proxy,split_ratio_proxy=207.4,a6,0.247,closed,2026-10-01,2026-10-01T15:20:00Z,0.2600,paper_target,5.2632,0,5.3846,0.0000
2026-10-01,2026-10-01T14:40:00Z,PARA,10:30,a6_reverse_split_proxy,split_ratio_proxy=136.2,a6,0.58,closed,2026-10-05,2026-10-05T20:00:00Z,0.5973,paper_target,2.9844760000000043,2,5.086199999999999,-12.068965517241372
2026-10-01,2026-10-01T14:40:00Z,GYGY,10:30,a6_reverse_split_proxy,split_ratio_proxy=55.3,a6,0.592,closed,2026-10-07,2026-10-07T20:00:00Z,0.5051,paper_time_stop_4_sessions,-14.6791,4,8.1081,-17.2297
2026-10-01,2026-10-01T14:40:00Z,VHC,10:30,a7_thin_liquidity,reason=no_recent_real_trades,,8.81,closed,2026-10-01,2026-10-01T18:30:00Z,9.0800,paper_target,3.0647,0,6.6969,-3.6322
2026-10-01,2026-10-01T14:40:00Z,NCEL,10:30,a7_thin_liquidity,reason=no_recent_real_trades,,2.76,closed,2026-10-01,2026-10-01T16:20:00Z,2.9000,paper_target,5.0725,0,6.8841,0.0000
2026-10-01,2026-10-01T14:40:00Z,KMRK,10:30,a7_thin_liquidity,reason=no_recent_real_trades,,1.06,closed,2026-10-01,2026-10-01T19:55:00Z,1.0900,paper_target,2.8302,0,3.8868,0.0000
2026-10-02,2026-10-02T13:43:00Z,SMX,9:30,a6_reverse_split_proxy,split_ratio_proxy=23900.17,a6,4.575,closed,2026-10-02,2026-10-02T14:20:00Z,4.81,paper_target,5.1366120218579105,0,6.229508196721315,-5.245901639344266
2026-10-02,2026-10-02T13:43:00Z,SUGP,9:30,a3_prior_spike_guardrail,peak_to_baseline_ratio=1.8492;volume_spike_ratio=322.19,,0.425,closed,2026-10-02,2026-10-02T14:45:00Z,0.385,paper_auto_liquidate_60min,-9.411764705882348,0,0.0,-9.458823529411768
2026-10-02,2026-10-02T13:43:00Z,CUPR,9:30,a1_spread_pct,spread_pct=0.1157,,2.16,closed,2026-10-02,2026-10-02T15:50:00Z,2.27,paper_target,5.092592592592586,0,5.092592592592586,-5.092592592592607
2026-10-02,2026-10-02T13:43:00Z,QSI,9:30,a3_prior_spike_guardrail,peak_to_baseline_ratio=2.0145;volume_spike_ratio=23.73,,1.22,closed,2026-10-02,2026-10-02T14:15:00Z,1.35,paper_target,10.655737704918042,0,12.295081967213125,-4.098360655737709
2026-10-02,2026-10-02T13:43:00Z,CRCD,9:30,a6_reverse_split_proxy,split_ratio_proxy=37.40,a6;a8,1.955,closed,2026-10-02,2026-10-02T13:50:00Z,2.08,paper_target,6.3938618925831205,0,8.43989769820972,-1.0230179028133002
2026-10-02,2026-10-02T13:43:00Z,BEZ,9:30,a6_reverse_split_proxy,split_ratio_proxy=71.47,a6;a8,4.2899,closed,2026-10-02,2026-10-02T13:45:00Z,4.51,paper_target,5.130655726240693,0,5.291498636331835,-0.5804331103289257
2026-10-02,2026-10-02T13:43:00Z,OPNW,9:30,a3_prior_spike_guardrail,peak_to_baseline_ratio=3.1289,,4.89,closed,2026-10-02,2026-10-02T13:55:00Z,5.14,paper_target,5.112474437627812,0,6.3394683026584975,0.0
2026-10-02,2026-10-02T13:43:00Z,DXST,9:30,a3_prior_spike_guardrail,peak_to_baseline_ratio=2.2591;volume_spike_ratio=2659.4,,2.365,closed,2026-10-02,2026-10-02T13:45:00Z,2.51,paper_target,6.131078224101461,0,7.881606765327691,-1.0147991543340389
2026-10-02,2026-10-02T13:43:00Z,POAS,9:30,a1_spread_pct,spread_pct=0.1483,,0.1612,closed,2026-10-02,2026-10-02T14:50:00Z,0.1555,paper_auto_liquidate_60min,-3.535980148883381,0,0.0,-6.0173697270471544
2026-10-02,2026-10-02T13:43:00Z,MSTZ,9:30,a8_leveraged_inverse_etf,industry=Investment Trusts Or Mutual Funds;check=i,a8,2.205,closed,2026-10-02,2026-10-02T14:00:00Z,2.32,paper_target,5.215419501133776,0,5.668934240362812,-0.15873015873017146
2026-10-02,2026-10-02T13:43:00Z,ELUT,9:30,a5_compliance_guardrail,financial_status_indicator=CC4;financial_status_description=Noncompliant;check=i,a5,0.716,closed,2026-10-02,2026-10-02T15:00:00Z,0.756,paper_target,5.586592178770955,0,7.681564245810063,-6.424581005586583
2026-10-02,2026-10-02T13:43:00Z,IREZ,9:30,a8_leveraged_inverse_etf,industry=Investment Trusts Or Mutual Funds;check=i,a8,8.705,closed,2026-10-02,2026-10-02T15:10:00Z,9.15,paper_target,5.112004595060314,0,5.570361860999422,-4.365307294658251
2026-10-02,2026-10-02T13:43:00Z,APPC,9:30,a8_leveraged_inverse_etf,description_marker=2x leveraged exposure;industry=,a8,7.5794,closed,2026-10-02,2026-10-02T14:05:00Z,7.96,paper_target,5.021505660078638,0,5.751114863973404,0.0
2026-10-02,2026-10-02T13:43:00Z,BMNZ,9:30,a8_leveraged_inverse_etf,industry=Investment Trusts Or Mutual Funds;check=i,a8,3.79,closed,2026-10-02,2026-10-02T13:50:00Z,3.98,paper_target,5.0131926121372015,0,6.728232189973612,-0.39577836411609824
2026-10-02,2026-10-02T14:49:01.696813Z,STKH,10:30,a1_spread,spread_pct=0.0983,,0.6101,closed,2026-10-02,2026-10-02T15:20:00Z,0.641,paper_target,5.06474348467465,0,6.080970332732343,-1.6554663169972135
2026-10-02,2026-10-02T14:49:01.696813Z,GYRO,10:30,a1_spread,spread_pct=0.4229,,4.09,closed,2026-10-02,2026-10-02T19:45:00Z,4.47,paper_target,9.290953545232272,0,11.488997555012224,0.0
2026-10-02,2026-10-02T14:49:01.696813Z,IFBD,10:30,a1_spread,spread_pct=0.1833,,0.83,closed,2026-10-02,2026-10-02T19:50:00Z,0.847,paper_target,2.0481927710843393,0,4.000000000000001,-0.7590361445783099
2026-10-02,2026-10-02T14:49:01.696813Z,MI,10:30,a1_spread,spread_pct=0.1139,,0.7904,closed,2026-10-02,2026-10-02T15:10:00Z,0.83,paper_target,5.010121457489874,0,5.996963562753036,-2.5177125506072913
2026-10-02,2026-10-02T14:49:01.696813Z,WCT,10:30,a2,atr14_pct=0.942;atr3_pct=2.010,,1.2303,closed,2026-10-02,2026-10-02T17:15:00Z,1.3,paper_target,5.665284889864268,0,5.754693977078759,-4.901243599122167
2026-10-02,2026-10-02T14:49:01.696813Z,FTHM,10:30,a5,financial_status_indicator=CC4;financial_status_description=Noncompliant,a5,0.3083,closed,2026-10-02,2026-10-02T15:40:00Z,0.324,paper_target,5.092442426208236,0,5.449237755433013,0.0
2026-10-02,2026-10-02T14:49:01.696813Z,MSGY,10:30,a3,spike_ratio=5.53;vol_spike=15.0,,4.1999,closed,2026-10-02,2026-10-02T19:10:00Z,4.33,paper_target,3.097692802209568,0,3.5691325983951923,-8.093049834519881
2026-10-02,2026-10-02T14:49:01.696813Z,TRIB,10:30,a5,financial_status_indicator=CC4;financial_status_description=Noncompliant,a5,5.25,closed,2026-10-02,2026-10-02T18:20:00Z,5.46,paper_target,3.9999999999999996,0,3.9999999999999996,-3.809523809523813
2026-10-02,2026-10-02T14:49:01.696813Z,SXTC,10:30,a6,split_ratio_proxy=31790,a6,2.635,closed,2026-10-02,2026-10-02T14:50:00Z,1.9762499999999998,paper_drawdown_stop_25pct,-25.0,0,0.0,-26.337760910815934
2026-10-02,2026-10-02T14:49:01.696813Z,SPCQ,10:30,a8,industry=Investment Trusts Or Mutual Funds;split_ratio_proxy=3.25,a8,9.7,closed,2026-10-08,2026-10-08T20:00:00Z,8.99,paper_time_stop_4_sessions,-7.3196,4,11.5464,-22.6804
2026-10-02,2026-10-02T14:49:01.696813Z,SSPC,10:30,a8,industry=Investment Trusts Or Mutual Funds;split_ratio_proxy=3.07,a8,8.0215,closed,2026-10-08,2026-10-08T20:00:00Z,7.4525,paper_time_stop_4_sessions,-7.0934,4,12.1985,-22.5207
2026-10-02,2026-10-02T14:49:01.696813Z,LOFD,10:30,a8,industry=Investment Trusts Or Mutual Funds;split_ratio_proxy=2.56,a8,5.755,closed,2026-10-08,2026-10-08T20:00:00Z,5.375,paper_time_stop_4_sessions,-6.603,4,12.424,-22.1546
2026-10-02,2026-10-02T14:49:01.696813Z,ZBAO,10:30,a5,financial_status_indicator=CC4;financial_status_description=Noncompliant,a5,0.0951,closed,2026-10-02,2026-10-02T19:25:00Z,0.098,paper_target,3.049421661409043,0,4.942166140904307,-0.10515247108307346
2026-10-02,2026-10-02T14:49:01.696813Z,SDST,10:30,a3,spike_ratio=2.57,,0.084,closed,2026-10-02,2026-10-02T19:40:00Z,0.087,paper_target,3.571428571428558,0,4.999999999999994,-8.214285714285719
2026-10-02,2026-10-02T14:49:01.696813Z,TSDD,10:30,a8,industry=Investment Trusts Or Mutual Funds;split_ratio_proxy=1.73,a8,7.2505,closed,2026-10-02,2026-10-02T19:55:00Z,7.4,paper_target,2.0619267636714795,0,2.475691331632301,-0.42066064409351045
2026-10-02,2026-10-02T14:49:01.696813Z,SMCZ,10:30,a6,split_ratio_proxy=33.52,a6;a8,3.98,closed,2026-10-02,2026-10-02T15:20:00Z,4.18,paper_target,5.025125628140697,0,5.527638190954779,-1.3819095477386976
2026-10-02,2026-10-02T14:49:01.696813Z,EJH,10:30,a3,spike_ratio=1.79;vol_spike=44.55,,1.6097,closed,2026-10-08,2026-10-08T20:00:00Z,1.37,paper_time_stop_4_sessions,-14.891,4,11.8221,-23.5882
2026-10-05,2026-10-05T13:45:43Z,GIPR,9:30,a1_spread,spread_pct=0.1305,,0.3831,closed,2026-10-05,2026-10-05T14:25:00Z,0.403,paper_target,5.19446619681546,0,6.369094231271203,0.0
2026-10-05,2026-10-05T13:45:43Z,NIVF,9:30,a1_spread,spread_pct=0.1211,,0.1132,closed,2026-10-07,2026-10-07T20:00:00Z,0.117208,paper_target,3.5406,2,5.6537,-17.7562
2026-10-05,2026-10-05T13:45:43Z,YQ,9:30,a1_spread,spread_pct=0.1125,,3.11,closed,2026-10-05,2026-10-05T14:30:00Z,3.37,paper_target,8.360128617363353,0,10.289389067524125,0.0
2026-10-05,2026-10-05T13:45:43Z,WCT,9:30,a2_atr,atr_14_pct=1.0967;atr_3_pct=1.7646,,1.0442,closed,2026-10-05,2026-10-05T13:50:00Z,1.1,paper_target,5.343803868990622,0,5.343803868990622,-8.733959011683591
2026-10-05,2026-10-05T13:45:43Z,WHLR,9:30,a2_atr,atr_14_pct=0.8164;atr_3_pct=0.5574,,1.7939,closed,2026-10-05,2026-10-05T14:15:00Z,1.89,paper_target,5.357043313451131,0,6.226657004292319,-22.793912704164114
2026-10-05,2026-10-05T13:45:43Z,STKH,9:30,a2_atr,atr_14_pct=0.7178;atr_3_pct=0.9014,,0.575,closed,2026-10-05,2026-10-05T14:05:00Z,0.604,paper_target,5.04347826086957,0,6.086956521739136,0.0
2026-10-05,2026-10-05T13:45:43Z,ICU,9:30,a3_prior_spike,peak_to_baseline_ratio=1.5327;volume_spike_ratio=9.757,,3.615,closed,2026-10-07,2026-10-07T20:00:00Z,3.6873,paper_target,2.0,2,4.0111,-15.6293
2026-10-05,2026-10-05T13:45:43Z,TNMG,9:30,a3_prior_spike,peak_to_baseline_ratio=1.4408;volume_spike_ratio=164.9,,4.2282,closed,2026-10-05,2026-10-05T16:30:00Z,4.44,paper_target,5.009223783170149,0,5.2457310439430485,-4.214559386973189
2026-10-05,2026-10-05T13:45:43Z,QSI,9:30,a3_prior_spike,peak_to_baseline_ratio=2.0675;volume_spike_ratio=23.52,,1.395,closed,2026-10-09,2026-10-09T00:00:00Z,1.63,paper_target,16.845878136200707,4,18.9964,-21.8638
2026-10-05,2026-10-05T13:45:43Z,LESL,9:30,a5_compliance,financial_status_indicator=CC4;financial_status_description=Noncompliant,a5;a6,0.1181,open,,,,,,2,0.0,0.0
2026-10-05,2026-10-05T13:45:43Z,AIXI,9:30,a5_compliance,financial_status_indicator=CC4;financial_status_description=Noncompliant,a5;a6,1.555,closed,2026-10-05,2026-10-05T13:55:00Z,1.71,paper_target,9.96784565916399,0,11.897106109324762,-6.7524115755627
2026-10-05,2026-10-05T13:45:43Z,HXHX,9:30,a5_compliance,financial_status_indicator=CC4;financial_status_description=Noncompliant,a5,0.3379,closed,2026-10-05,2026-10-05T14:25:00Z,0.355,paper_target,5.060668836934005,0,5.800532701982838,-3.6697247706421923
2026-10-05,2026-10-05T13:45:43Z,ZNB,9:30,a6_reverse_split_proxy,split_ratio_proxy=3516.0,a6,1.19,closed,2026-10-05,2026-10-05T14:50:00Z,1.14,paper_auto_liquidate_60min,-4.201680672268911,0,0.0,-11.56302521008403
2026-10-05,2026-10-05T13:45:43Z,SMTK,9:30,a6_reverse_split_proxy,split_ratio_proxy=150.79,a6,1.26,closed,2026-10-09,2026-10-09T00:00:00Z,1.16,paper_time_stop_4_sessions,-7.936507936507943,4,8.7302,-15.873
2026-10-05,2026-10-05T13:45:43Z,HCTI,9:30,a6_reverse_split_proxy,split_ratio_proxy=347.59,a6,0.5869,closed,2026-10-05,2026-10-05T19:30:00Z,0.599,paper_target,2.061680013630942,0,2.2150281138183696,-1.1756687681035982
2026-10-05,2026-10-05T13:45:43Z,NFE,9:30,a6_reverse_split_proxy,split_ratio_proxy=24.18,a6,5.5001,closed,2026-10-05,2026-10-05T14:45:00Z,5.78,paper_target,5.088998381847612,0,5.81625788622026,-0.4563553389938387
2026-10-05,2026-10-05T13:45:43Z,SGRX,9:30,a6_reverse_split_proxy,split_ratio_proxy=150.19,a6,1.11,closed,2026-10-05,2026-10-05T18:40:00Z,1.15,paper_target,3.6036036036035863,0,5.396396396396382,-6.27027027027028
2026-10-05,2026-10-05T13:45:43Z,SILO,9:30,a7_thin_liquidity,ask_gap_pct=0.0459;last_real_price=1.3003;reason=gap_exceeded,,1.3003,closed,2026-10-05,2026-10-05T13:50:00Z,1.39,paper_target,6.898408059678528,0,8.43651465046527,0.0
2026-10-05,2026-10-05T14:42:00Z,FLUX,10:30,a3_prior_spike,peak_to_baseline_ratio=1.53 volume_spike_ratio=1363.30 (10-02 spike),,0.52,closed,2026-10-05,2026-10-05T15:25:00Z,0.546,paper_target,5.000000000000004,0,5.000000000000004,-3.8076923076923155
2026-10-05,2026-10-05T14:42:00Z,SXTC,10:30,a6_reverse_split_proxy,split_ratio_proxy=44553.62,a6,2.0064,closed,2026-10-05,2026-10-05T17:40:00Z,2.09,paper_target,4.16666666666665,0,4.16666666666665,-23.245614035087726
2026-10-05,2026-10-05T14:42:00Z,MOBX,10:30,a6_reverse_split_proxy,split_ratio_proxy=18.54,a6,0.715,closed,2026-10-05,2026-10-05T15:45:00Z,0.6611,paper_auto_liquidate_60min,-7.538461538461531,0,0.0,-10.965034965034953
2026-10-05,2026-10-05T14:42:00Z,FUSE,10:30,a3_prior_spike,peak_to_baseline_ratio=1.70 volume_spike_ratio=405.40 (09-28 spike),,0.423,closed,2026-10-09,2026-10-09T00:00:00Z,0.423,paper_time_stop_4_sessions,0.0,4,13.4752,-12.6648
2026-10-05,2026-10-05T14:42:00Z,DFLI,10:30,a5_compliance,financial_status_indicator=CC4 financial_status_description=Noncompliant,a5;a6,0.7275,closed,2026-10-08,2026-10-08T20:00:00Z,0.5456,paper_drawdown_stop_25pct,-25.0,3,16.8247,-32.646
2026-10-05,2026-10-05T14:42:00Z,DCX,10:30,a3_prior_spike,peak_to_baseline_ratio=1.62 volume_spike_ratio=19.88 (09-24 spike),,3.36,closed,2026-10-09,2026-10-09T00:00:00Z,2.52,paper_drawdown_stop_25pct,-24.999999999999996,4,16.0714,-25.744
2026-10-05,2026-10-05T14:42:00Z,MYND,10:30,a1_spread,spread_pct=0.2167,,0.3148,closed,2026-10-05,2026-10-05T16:40:00Z,0.343,paper_target,8.958068614993648,0,11.086404066073692,-1.4930114358322861
2026-10-05,2026-10-05T14:42:00Z,IZM,10:30,a1_spread,spread_pct=0.1429,,1.05,closed,2026-10-05,2026-10-05T15:15:00Z,1.13,paper_target,7.619047619047604,0,9.523809523809511,-2.8571428571428594
2026-10-05,2026-10-05T14:42:00Z,YDES,10:30,a7_thin_liquidity,ask_gap_pct=0.0390 last_real_price=7.2278 (gap-exceeded),,7.195,closed,2026-10-05,2026-10-05T14:45:00Z,7.56,paper_target,5.072967338429455,0,6.739402362751906,-3.405142460041697
2026-10-05,2026-10-05T14:42:00Z,VBIO,10:30,a3_prior_spike,peak_to_baseline_ratio=2.09 volume_spike_ratio=524.60 (09-30 spike),,2.3,closed,2026-10-05,2026-10-05T15:20:00Z,2.42,paper_target,5.2173913043478315,0,5.2173913043478315,0.0
2026-10-05,2026-10-05T14:42:00Z,EVGN,10:30,a5_compliance,financial_status_indicator=CC4 financial_status_description=Noncompliant,a5,0.3802,closed,2026-10-05,2026-10-05T19:25:00Z,0.392,paper_target,3.1036296685954845,0,3.813782219884275,-2.4197790636507066
2026-10-06,2026-10-06T13:43:00Z,NXAT,9:30,a1_spread,spread_pct=0.1604,,0.72,closed,2026-10-06,2026-10-06T17:30:00Z,0.749,paper_target,4.027777777777781,0,4.1667,-13.5
2026-10-06,2026-10-06T13:43:00Z,HLSQ,9:30,a1_spread,spread_pct=0.1012,,0.3556,closed,2026-10-07,2026-10-07T20:00:00Z,0.2667,paper_drawdown_stop_25pct,-25.0,1,2.6153,-26.0686
2026-10-06,2026-10-06T13:43:00Z,OPENL,9:30,a1_spread,spread_pct=0.1173,,0.0716,closed,2026-10-06,2026-10-06T13:45:00Z,0.076,paper_target,6.145251396648047,0,14.5251,-0.838
2026-10-06,2026-10-06T13:43:00Z,SAIQ,9:30,a2_atr,atr_3_pct=0.8175,,5.155,closed,2026-10-06,2026-10-06T13:55:00Z,5.42,paper_target,5.14064015518913,0,7.6625,-2.6188
2026-10-06,2026-10-06T13:43:00Z,RETO,9:30,a2_atr,atr_14_pct=9.7404,,1.6201,closed,2026-10-06,2026-10-06T17:40:00Z,1.69,paper_target,4.314548484661431,0,4.9318,-4.3269
2026-10-06,2026-10-06T13:43:00Z,SDEV,9:30,a2_atr,atr_3_pct=1.0644,,3.43,closed,2026-10-06,2026-10-06T14:20:00Z,3.61,paper_target,5.247813411078709,0,8.7464,-5.8309
2026-10-06,2026-10-06T13:43:00Z,GCDT,9:30,a3_prior_spike,ratio=2.128;volume_spike=420.16,,0.34,closed,2026-10-06,2026-10-06T13:45:00Z,0.255,paper_drawdown_stop_25pct,-25.000000000000007,0,0.0,-26.4706
2026-10-06,2026-10-06T13:43:00Z,HSCS,9:30,a3_prior_spike,ratio=1.462;volume_spike=26.89,,3.64,closed,2026-10-06,2026-10-06T15:00:00Z,3.83,paper_target,5.219780219780218,0,5.6786,-6.8654
2026-10-06,2026-10-06T13:43:00Z,AMOD,9:30,a3_prior_spike,ratio=2.610;volume_spike=943.11,,3.1501,closed,2026-10-07,2026-10-07T20:00:00Z,2.362575,paper_drawdown_stop_25pct,-25.0,1,0.0,-29.8435
2026-10-06,2026-10-06T13:43:00Z,AUUD,9:30,a3_prior_spike,ratio=1.738;volume_spike=34.05,,1.1301,closed,2026-10-06,2026-10-06T14:15:00Z,1.19,paper_target,5.300415892398888,0,5.3004,0.0
2026-10-06,2026-10-06T13:43:00Z,DXST,9:30,a3_prior_spike,ratio=2.244;volume_spike=2306.61,,1.78,closed,2026-10-06,2026-10-06T14:20:00Z,1.87,paper_target,5.056179775280904,0,8.427,0.0
2026-10-06,2026-10-06T13:43:00Z,SGRX,9:30,a6_reverse_split_proxy,split_ratio_proxy=196.1,a6,0.8501,closed,2026-10-06,2026-10-06T13:50:00Z,0.893,paper_target,5.046465121750388,0,10.5752,-7.0698
2026-10-06,2026-10-06T13:43:00Z,GLE,9:30,a5_compliance,financial_status_indicator=CC4;financial_status_description=Noncompliant,a5,0.362,closed,2026-10-06,2026-10-06T13:55:00Z,0.381,paper_target,5.248618784530391,0,7.7072,-0.6077
2026-10-06,2026-10-06T13:43:00Z,VEEA,9:30,a5_compliance,financial_status_indicator=CC4;financial_status_description=Noncompliant,a5,4.7,closed,2026-10-06,2026-10-06T15:45:00Z,4.94,paper_target,5.106382978723409,0,6.8085,-5.1064
2026-10-06,2026-10-06T13:43:00Z,SGLY,9:30,a6_reverse_split_proxy,split_ratio_proxy=19.16,a6,0.8371,open,,,,,,3,8.5294,-21.1564
2026-10-06,2026-10-06T13:43:00Z,AAOZ,9:30,a8_leveraged_etf,industry=Investment Trusts Or Mutual Funds;description_marker=inverse (-2x) exposure,a8,7.9949,closed,2026-10-07,2026-10-07T20:00:00Z,8.7906,paper_target,9.9526,1,12.1965,-4.5642
2026-10-06,2026-10-06T13:43:00Z,YFOR,9:30,a6_reverse_split_proxy,split_ratio_proxy=597.2,a6,1.175,open,,,,,,3,3.8213,-15.7447
2026-10-06,2026-10-06T14:47:00Z,BOXL,10:30,a6_reverse_split_proxy,split_ratio_proxy=22.06,a6,3.7699,open,,,,,,3,27.3243,-19.6265
2026-10-06,2026-10-06T14:47:00Z,NOMA,10:30,a1_spread,spread_pct=0.1425,,1.6136,closed,2026-10-06,2026-10-06T17:00:00Z,1.7,paper_target,5.354486861675759,0,9.6926,0.0
2026-10-06,2026-10-06T14:47:00Z,FNGR,10:30,a3_prior_spike,ratio=1.609;volume_spike=34.42,,0.2399,open,,,,,,3,11.9633,-22.2176
2026-10-06,2026-10-06T14:47:00Z,LICN,10:30,a1_spread,spread_pct=0.1227,,0.8802,closed,2026-10-06,2026-10-06T15:15:00Z,0.925,paper_target,5.0897523290161395,0,15.8828,0.0
2026-10-06,2026-10-06T14:47:00Z,SDST,10:30,a3_prior_spike,ratio=1.681;volume_spike=60.45,,0.0791,closed,2026-10-07,2026-10-07T20:00:00Z,0.081732,paper_target,3.3275,1,5.4362,-8.2174
2026-10-06,2026-10-06T14:47:00Z,YYAI,10:30,a2_atr,atr_14_pct=1.6099;atr_3_pct=0.1347,,0.805,open,,,,,,3,10.5714,-13.0435
2026-10-06,2026-10-06T14:47:00Z,VRAX,10:30,a7_stale_quote,ask_gap_pct=0.0377;last_real_price=2.12;skip_type=gap_exceeded,,2.155,open,,,,,,3,8.1206,-16.0093
2026-10-06,2026-10-06T14:47:00Z,AUID,10:30,a5_compliance,financial_status_indicator=CC4;financial_status_description=Noncompliant,a5,0.4456,closed,2026-10-06,2026-10-06T16:30:00Z,0.3342,paper_drawdown_stop_25pct,-25.0,0,0.0,-28.1643
2026-10-06,2026-10-06T14:47:00Z,SCKT,10:30,a3_prior_spike,ratio=1.784;volume_spike=3203.43,,0.825,closed,2026-10-06,2026-10-06T17:10:00Z,0.867,paper_target,5.090909090909096,0,10.6788,-2.7879
2026-10-06,2026-10-06T14:47:00Z,MCRP,10:30,a5_compliance,financial_status_indicator=CB10;financial_status_description=Noncompliant,a5,0.6509,closed,2026-10-09,2026-10-09T00:00:00Z,0.4882,paper_drawdown_stop_25pct,-24.99615916423414,3,10.6161,-37.9321
2026-10-06,2026-10-06T14:47:00Z,GIPR,10:30,a3_prior_spike,ratio=1.781;volume_spike=1201.73,,0.373,closed,2026-10-06,2026-10-06T19:35:00Z,0.381,paper_target,2.1447721179624684,0,2.2788,-3.4853
2026-10-06,2026-10-06T14:47:00Z,GLND,10:30,a3_prior_spike,ratio=4.529;volume_spike=369.09,,3.275,closed,2026-10-09,2026-10-09T00:00:00Z,2.4562,paper_drawdown_stop_25pct,-25.001526717557255,3,7.7863,-26.1069
2026-10-06,2026-10-06T14:47:00Z,SHFS,10:30,a5_compliance,financial_status_indicator=CC4;financial_status_description=Noncompliant,a5;a6,0.788,closed,2026-10-07,2026-10-07T20:00:00Z,0.591,paper_drawdown_stop_25pct,-25.0,1,4.0609,-30.1396
2026-10-06,2026-10-06T14:47:00Z,NXL,10:30,a3_prior_spike,ratio=1.543;volume_spike=2448.80,,4.822,closed,2026-10-09,2026-10-09T00:00:00Z,3.6165,paper_drawdown_stop_25pct,-25.000000000000007,3,15.3049,-27.416
2026-10-06,2026-10-06T14:47:00Z,HTCO,10:30,a6_reverse_split_proxy,split_ratio_proxy=28.58,a6,1.98,closed,2026-10-07,2026-10-07T20:00:00Z,1.485,paper_drawdown_stop_25pct,-25.0,1,0.0,-32.8283
2026-10-06,2026-10-06T14:47:00Z,ERNA,10:30,a6_reverse_split_proxy,split_ratio_proxy=29.55,a6,2.42,closed,2026-10-08,2026-10-08T20:00:00Z,2.65,paper_target,9.5041,2,11.5702,-11.7769
2026-10-07,2026-10-07T13:43:00Z,SAIQ,9:30,a2_atr,atr_14_pct=0.4101;atr_3_pct=0.8523,,4.13,closed,2026-10-07,2026-10-07T13:45:00Z,4.3365,paper_target,5.000000000000003,0,5.1041,-5.3269
2026-10-07,2026-10-07T13:43:00Z,NXTS,9:30,a5_compliance,financial_status_indicator=CC4;financial_status_description=Noncompliant,a5;a6,1.0101,closed,2026-10-07,2026-10-07T13:40:00Z,1.060605,paper_target,5.000000000000003,0,8.9001,-6.9399
2026-10-07,2026-10-07T13:43:00Z,OLOX,9:30,a3_prior_spike,peak_to_baseline_ratio=2.056;volume_spike_ratio=42.98,,1.045,closed,2026-10-07,2026-10-07T13:45:00Z,1.09725,paper_target,5.000000000000012,0,6.2201,-5.244
2026-10-07,2026-10-07T13:43:00Z,BURU,9:30,a5_compliance,financial_status_indicator=CB4;financial_status_description=Noncompliant,a5;a6,0.9999,closed,2026-10-07,2026-10-07T14:05:00Z,1.049895,paper_target,5.000000000000001,0,5.0105,-2.6003
2026-10-07,2026-10-07T13:43:00Z,FRGT,9:30,a2_atr,atr_14_pct=0.7696;atr_3_pct=0.8036,,0.2517,closed,2026-10-07,2026-10-07T13:40:00Z,0.264285,paper_target,5.000000000000006,0,6.7541,-0.0795
2026-10-07,2026-10-07T13:43:00Z,XHG,9:30,a3_prior_spike,peak_to_baseline_ratio=2.365;volume_spike_ratio=6456,,2.0154,closed,2026-10-07,2026-10-07T16:55:00Z,2.1161700000000003,paper_target,5.000000000000012,0,9.1545,-7.7106
2026-10-07,2026-10-07T13:43:00Z,BYAH,9:30,a6_reverse_split_proxy,split_ratio_proxy=97.98,a6,1.98,closed,2026-10-07,2026-10-07T13:55:00Z,2.079,paper_target,5.00000000000001,0,5.0505,-3.7879
2026-10-07,2026-10-07T13:43:00Z,AXIL,9:30,a1_spread,spread_pct=0.1412,,5.595,closed,2026-10-07,2026-10-07T14:40:00Z,5.87475,paper_target,4.999999999999999,0,6.7024,-3.1099
2026-10-07,2026-10-07T13:43:00Z,GDTC,9:30,a1_spread,spread_pct=0.2256,,0.8,closed,2026-10-07,2026-10-07T13:45:00Z,0.8400000000000001,paper_target,5.000000000000004,0,14.9875,0.0
2026-10-07,2026-10-07T13:43:00Z,MYND,9:30,a1_spread,spread_pct=0.1520,,0.2606,closed,2026-10-07,2026-10-07T14:30:00Z,0.27363,paper_target,4.999999999999995,0,11.5886,0.0
2026-10-07,2026-10-07T13:43:00Z,NCT,9:30,a2_atr,atr_14_pct=3.734;atr_3_pct=0.3785,,1.325,closed,2026-10-07,2026-10-07T14:20:00Z,1.39125,paper_target,5.000000000000011,0,8.6792,-5.6604
2026-10-07,2026-10-07T13:43:00Z,ACTU,9:30,a5_compliance,financial_status_indicator=CC4;financial_status_description=Noncompliant,a5,0.6656,closed,2026-10-07,2026-10-07T17:35:00Z,0.692224,paper_target,3.9999999999999973,0,5.018,-7.5571
2026-10-07,2026-10-07T13:43:00Z,IPDN,9:30,a3_prior_spike,peak_to_baseline_ratio=1.8216;volume_spike_ratio=5.275,,4.05,closed,2026-10-07,2026-10-07T18:35:00Z,4.1715,paper_target,3.000000000000004,0,3.7037,-7.1605
2026-10-07,2026-10-07T13:43:00Z,AXG,9:30,a2_atr,atr_14_pct=1.603;atr_3_pct=0.5262,,0.1021,open,,,,,,2,0.8815,-19.9804
2026-10-07,2026-10-07T13:43:00Z,AVAT,9:30,a5_compliance,financial_status_indicator=CC4;financial_status_description=Noncompliant,a5,1.82,closed,2026-10-08,2026-10-08T20:00:00Z,1.365,paper_drawdown_stop_25pct,-25.0,1,1.8791,-34.0659
2026-10-07,2026-10-07T13:43:00Z,TOPS,9:30,a6_reverse_split_proxy,split_ratio_proxy=15.75,a6,0.4698,closed,2026-10-07,2026-10-07T13:40:00Z,0.49329,paper_target,5.000000000000003,0,5.8748,-3.1503
2026-10-07,2026-10-07T13:43:00Z,MOBX,9:30,a3_prior_spike,peak_to_baseline_ratio=1.4792;volume_spike_ratio=101.9,,1.0001,closed,2026-10-07,2026-10-07T13:45:00Z,1.050105,paper_target,5.000000000000008,0,5.9894,-0.01
2026-10-07,2026-10-07T13:43:00Z,LUD,9:30,a1_spread,spread_pct=0.3647,,4.25,open,,,,,,2,-9.1765,-21.1765
2026-10-07,2026-10-07T13:43:00Z,AMTD,9:30,a1_spread,spread_pct=0.0834,,0.7259,closed,2026-10-08,2026-10-08T20:00:00Z,0.5444,paper_drawdown_stop_25pct,-25.0,1,0.0,-28.5301
2026-10-07,2026-10-07T13:43:00Z,AIXI,9:30,a3_prior_spike,peak_to_baseline_ratio=1.6753;volume_spike_ratio=96.96,,1.665,closed,2026-10-08,2026-10-08T20:00:00Z,2.56,paper_target,53.7538,1,56.7568,-23.1231
2026-10-07,2026-10-07T14:46:00Z,OLB,10:30,a3_prior_spike,peak_to_baseline_ratio=2.2688;volume_spike_ratio=200.6,,0.3248,closed,2026-10-07,2026-10-07T15:50:00Z,0.34104,paper_target,5.00000000000001,0,13.7623,-3.9101
2026-10-07,2026-10-07T14:46:00Z,SCAG,10:30,a5_compliance,financial_status_indicator=CC4;financial_status_description=Noncompliant,a5;a6,0.181,open,,,,,,2,24.7514,-11.2707
2026-10-07,2026-10-07T14:46:00Z,HUHU,10:30,a7_thin_liquidity,ask_gap_pct=0.0797;last_real_price=3.01;reason=gap_exceeded,,3.04,closed,2026-10-07,2026-10-07T14:45:00Z,3.192,paper_target,5.000000000000004,0,6.25,-1.3158
2026-10-07,2026-10-07T14:46:00Z,POM,10:30,a1_spread,spread_pct=0.1482,,0.8699,open,,,,,,2,12.6566,-13.7832
2026-10-07,2026-10-07T14:46:00Z,BRNX,10:30,a6_reverse_split_proxy,split_ratio_proxy=256.07,a6,1.5992,open,,,,,,2,7.5538,-16.8334
2026-10-07,2026-10-07T14:46:00Z,SCKT,10:30,a3_prior_spike,peak_to_baseline_ratio=2.2668;volume_spike_ratio=1746.7,,0.7154,open,,,,,,2,11.2944,-16.4943
2026-10-07,2026-10-07T14:46:00Z,XHLD,10:30,a2_atr,atr_14_pct=2.708;atr_3_pct=1.1452,,0.5502,closed,2026-10-08,2026-10-08T20:00:00Z,0.575,paper_target,4.5075,1,6.5976,-9.124
2026-10-07,2026-10-07T14:46:00Z,SDEV,10:30,a2_atr,atr_14_pct=0.4114;atr_3_pct=1.0244,,2.83,closed,2026-10-07,2026-10-07T16:35:00Z,2.9715000000000003,paper_target,5.000000000000006,0,5.1237,-2.8269
2026-10-07,2026-10-07T14:46:00Z,BTTC,10:30,a5_compliance,financial_status_indicator=CC4;financial_status_description=Noncompliant,a5;a6,0.5121,open,,,,,,2,5.2529,-9.2951
2026-10-07,2026-10-07T14:46:00Z,JAGX,10:30,a3_prior_spike,peak_to_baseline_ratio=2.7057;volume_spike_ratio=2.113,,5.1049,open,,,,,,2,7.6828,-14.4939
2026-10-07,2026-10-07T14:46:00Z,XELB,10:30,a1_spread,spread_pct=0.1027,,0.5402,closed,2026-10-08,2026-10-08T20:00:00Z,0.735,paper_target,36.0607,1,38.8375,-4.6464
2026-10-08,2026-10-08T13:43:22Z,BBCI,9:30,a1_spread,spread_pct=0.1175,,8.0,closed,2026-10-08,2026-10-08T14:00:00Z,8.4,paper_target,5.0,0,6.25,3.75
2026-10-08,2026-10-08T13:43:19Z,MNDR,9:30,a1_spread,spread_pct=0.0880,,1.2501,closed,2026-10-08,2026-10-08T13:45:00Z,0.9376,paper_drawdown_stop_25pct,-25.0,0,-4.7996,-32.0054
2026-10-08,2026-10-08T13:43:19Z,LRHC,9:30,a1_spread,spread_pct=0.0882,,1.36,closed,2026-10-08,2026-10-08T14:30:00Z,1.43,paper_target,5.1471,0,5.1471,-2.2059
2026-10-08,2026-10-08T13:39:56Z,ACTU,9:30,a1_spread,spread_pct=0.0912,,0.6565,closed,2026-10-08,2026-10-08T17:15:00Z,0.69,paper_target,5.1028,0,5.1028,-5.4684
2026-10-08,2026-10-08T13:36:51Z,MPU,9:30,a1_spread,spread_pct=0.2207,,2.9,closed,2026-10-08,2026-10-08T16:05:00Z,2.5001,paper_auto_liquidate_60min,-13.7897,0,-13.7897,-13.7897
2026-10-08,2026-10-08T13:43:20Z,VCIG,9:30,a2_atr,atr14_pct=0.466;atr3_pct=0.807,,0.585,open,,,,,,1,2.8376,-19.4701
2026-10-08,2026-10-08T13:43:23Z,SDEV,9:30,a2_atr,atr14_pct=0.474;atr3_pct=0.907,,2.37,closed,2026-10-09,2026-10-09T00:00:00Z,1.7775,paper_drawdown_stop_25pct,-25.0,1,4.6414,-35.0211
2026-10-08,2026-10-08T13:42:06Z,DKI,9:30,a2_atr,atr14_pct=0.426;atr3_pct=0.905,,1.11,closed,2026-10-08,2026-10-08T13:50:00Z,1.17,paper_target,5.4054,0,6.3063,-19.8198
2026-10-08,2026-10-08T13:41:44Z,LGCL,9:30,a2_atr,atr14_pct=1.516;atr3_pct=0.372,,2.41,closed,2026-10-08,2026-10-08T13:50:00Z,2.54,paper_target,5.3942,0,6.2241,0.4564
2026-10-08,2026-10-08T13:43:24Z,MI,9:30,a2_atr,atr14_pct=1.017;atr3_pct=2.322,,1.32,closed,2026-10-08,2026-10-08T14:20:00Z,1.4,paper_target,6.0606,0,7.5758,-12.803
2026-10-08,2026-10-08T13:43:26Z,BIYA,9:30,a3_prior_spike,ratio=1.509;volume_spike=3531.32,,1.8312,closed,2026-10-08,2026-10-08T14:00:00Z,1.93,paper_target,5.3954,0,6.4875,-0.0655
2026-10-08,2026-10-08T13:43:22Z,APUS,9:30,a3_prior_spike,ratio=5.857;volume_spike=177.43,,5.6601,closed,2026-10-08,2026-10-08T14:10:00Z,5.95,paper_target,5.1218,0,5.8285,-0.1396
2026-10-08,2026-10-08T13:43:24Z,GIPR,9:30,a3_prior_spike,ratio=3.410;volume_spike=2.30,,0.435,closed,2026-10-08,2026-10-08T17:30:00Z,0.453,paper_target,4.1379,0,4.5977,-5.4253
2026-10-08,2026-10-08T13:43:27Z,VEEA,9:30,a3_prior_spike,ratio=1.678;volume_spike=7.95,,4.0468,closed,2026-10-09,2026-10-09T00:00:00Z,6.95,paper_target,71.74063457546703,1,75.2002,-10.7937
2026-10-08,2026-10-08T13:39:00Z,LBGJ,9:30,a3_prior_spike,ratio=1.391;volume_spike=34.65,,1.9901,closed,2026-10-08,2026-10-08T16:55:00Z,2.1,paper_target,5.5223,0,7.5323,-2.015
2026-10-08,2026-10-08T13:42:43Z,LPCN,9:30,a3_prior_spike,ratio=1.434;volume_spike=2030.33,,1.9502,open,,,,,,1,5.1174,-11.8039
2026-10-08,2026-10-08T13:43:16Z,RGP,9:30,a4_earnings_recency,days_since_earnings=1,,3.24,open,,,,,,1,3.0833,-13.8889
2026-10-08,2026-10-08T13:46:00Z,SHFS,9:30,a5_compliance,financial_status_indicator=CC4;financial_status_description=Noncompliant,a5;a6,0.531,closed,2026-10-08,2026-10-08T14:50:00Z,0.4156,paper_auto_liquidate_60min,-21.7326,0,-4.8964,-21.8456
2026-10-08,2026-10-08T13:46:00Z,SDST,9:30,a5_compliance,financial_status_indicator=CC4;financial_status_description=Noncompliant,a5;a6,0.0643,open,,,,,,1,7.9316,-18.196
2026-10-08,2026-10-08T13:46:00Z,NXTS,9:30,a5_compliance,financial_status_indicator=CC4;financial_status_description=Noncompliant,a5;a6,0.979,open,,,,,,1,3.1665,-15.2196
2026-10-08,2026-10-08T13:46:00Z,NXGL,9:30,a5_compliance,financial_status_indicator=CC4;financial_status_description=Noncompliant,a5;a6,0.1564,closed,2026-10-08,2026-10-08T13:55:00Z,0.174,paper_target,11.2532,0,13.0435,0.3197
2026-10-08,2026-10-08T13:46:00Z,CRIS,9:30,a6_reverse_split_proxy,split_ratio_proxy=51.7,a6,0.6301,closed,2026-10-08,2026-10-08T14:35:00Z,0.804,paper_target,27.5988,0,30.1222,-2.7139
2026-10-08,2026-10-08T13:46:00Z,MVIS,9:30,a6_reverse_split_proxy,split_ratio_proxy=16.57,a6,1.3397,open,,,,,,1,3.0081,-11.1741
2026-10-08,2026-10-08T13:46:00Z,AXTL,9:30,a8_leveraged_etf,industry=Investment Trusts Or Mutual Funds;description_marker=2x leveraged exposure,a8,3.1,open,,,,,,1,5.4839,-18.871
2026-10-08,2026-10-08T13:46:00Z,CIFG,9:30,a8_leveraged_etf,industry=Investment Trusts Or Mutual Funds;description_marker=2x leveraged exposure,a8,2.69,open,,,,,,1,6.3197,-14.1264
2026-10-08,2026-10-08T13:46:00Z,CIFU,9:30,a8_leveraged_etf,industry=Investment Trusts Or Mutual Funds;description_marker=2x leveraged exposure,a8,6.5806,open,,,,,,1,5.6317,-14.292
2026-10-08,2026-10-08T14:40:00Z,PFAI,10:30,a1_spread,spread_pct=0.0866,,4.04,closed,2026-10-08,2026-10-08T15:25:00Z,4.25,paper_target,5.198,0,6.4332,-4.4554
2026-10-08,2026-10-08T14:40:00Z,MI,10:30,a1_spread,spread_pct=0.1500,,1.2001,closed,2026-10-08,2026-10-08T14:40:00Z,1.28,paper_target,6.6578,0,8.7409,-0.8416
2026-10-08,2026-10-08T14:40:00Z,SMJF,10:30,a1_spread,spread_pct=0.0912,,1.315,closed,2026-10-08,2026-10-08T16:05:00Z,1.27,paper_auto_liquidate_60min,-3.4221,0,-0.3802,-17.8707
2026-10-08,2026-10-08T14:40:00Z,FMFC,10:30,a1_spread,spread_pct=0.1274,,0.1358,closed,2026-10-09,2026-10-09T00:00:00Z,0.143,paper_target,5.301914580265084,1,6.7747,-10.7511
2026-10-08,2026-10-08T14:40:00Z,MPU,10:30,a1_spread,spread_pct=0.1899,,2.58,closed,2026-10-08,2026-10-08T16:05:00Z,2.5001,paper_auto_liquidate_60min,-3.0969,0,-3.0969,-3.0969
2026-10-08,2026-10-08T14:40:00Z,LBGJ,10:30,a1_spread,spread_pct=0.1045,,2.01,closed,2026-10-08,2026-10-08T16:55:00Z,2.12,paper_target,5.4726,0,6.4677,-2.9851
2026-10-08,2026-10-08T14:40:00Z,SDEV,10:30,a2_atr,atr14_pct=0.5090;atr3_pct=0.9726,,2.2099,closed,2026-10-09,2026-10-09T00:00:00Z,1.6574,paper_drawdown_stop_25pct,-25.00113127290828,1,12.2223,-30.3136
2026-10-08,2026-10-08T14:40:00Z,LGCL,10:30,a2_atr,atr14_pct=1.2895;atr3_pct=0.3622,,2.475,closed,2026-10-08,2026-10-08T15:45:00Z,2.27,paper_auto_liquidate_60min,-8.2828,0,-1.4141,-8.6869
2026-10-08,2026-10-08T14:40:00Z,NIVF,10:30,a2_atr,atr14_pct=1.5513;atr3_pct=0.6035,,0.0932,closed,2026-10-09,2026-10-09T00:00:00Z,0.0699,paper_drawdown_stop_25pct,-25.0,1,7.0815,-27.0386
2026-10-08,2026-10-08T14:40:00Z,RETO,10:30,a2_atr,atr14_pct=9.5556;atr3_pct=0.5918,,1.4177,open,,,,,,1,11.4481,-6.8914
2026-10-08,2026-10-08T14:40:00Z,WETO,10:30,a2_atr,atr14_pct=1.2786;atr3_pct=0.2060,,1.07,open,,,,,,1,2.8037,-5.6075
2026-10-08,2026-10-08T14:40:00Z,BIYA,10:30,a3_prior_spike,peak_to_baseline_ratio=1.5094;volume_spike_ratio=3531.5,,1.89,closed,2026-10-09,2026-10-09T00:00:00Z,2.05,paper_target,8.465608465608462,1,10.5767,-10.0529
2026-10-08,2026-10-08T14:40:00Z,VEEA,10:30,a3_prior_spike,peak_to_baseline_ratio=1.6775;volume_spike_ratio=7.9508,,3.905,closed,2026-10-09,2026-10-09T00:00:00Z,6.95,paper_target,77.97695262483995,1,81.5621,-7.5544
2026-10-08,2026-10-08T14:40:00Z,GIPR,10:30,a3_prior_spike,peak_to_baseline_ratio=3.4100;volume_spike_ratio=n/a_not_needed,,0.4184,closed,2026-10-08,2026-10-08T16:15:00Z,0.44,paper_target,5.1625,0,7.2897,-1.3384
2026-10-08,2026-10-08T14:40:00Z,AIFA,10:30,a3_prior_spike,peak_to_baseline_ratio=3.0309;volume_spike_ratio=n/a_not_needed,,6.3253,closed,2026-10-08,2026-10-08T14:55:00Z,6.65,paper_target,5.1334,0,6.7143,-2.6133
2026-10-08,2026-10-08T14:40:00Z,APUS,10:30,a3_prior_spike,peak_to_baseline_ratio=5.8571;volume_spike_ratio=n/a_not_needed,,6.05,closed,2026-10-09,2026-10-09T00:00:00Z,4.5375,paper_drawdown_stop_25pct,-25.000000000000007,1,7.3636,-27.2727
2026-10-08,2026-10-08T14:40:00Z,BENF,10:30,a3_prior_spike,peak_to_baseline_ratio=4.7015;volume_spike_ratio=n/a_not_needed,,1.06,open,,,,,,1,15.0943,-7.283
2026-10-08,2026-10-08T14:40:00Z,LPCN,10:30,a3_prior_spike,peak_to_baseline_ratio=1.4342;volume_spike_ratio=2030.4,,1.9528,open,,,,,,1,4.9775,-11.9213
2026-10-08,2026-10-08T14:40:00Z,PACB,10:30,a3_prior_spike,peak_to_baseline_ratio=2.5199;volume_spike_ratio=n/a_not_needed,,2.43,open,,,,,,1,10.6996,-9.0535
2026-10-08,2026-10-08T14:40:00Z,RGP,10:30,a4_earnings_recency,days_since_earnings=1;report_date=2026-10-07,,3.2601,open,,,,,,1,2.4478,-14.4198
2026-10-08,2026-10-08T14:40:00Z,VCIG,10:30,a6_reverse_split_proxy,split_ratio_proxy=9360.00;high_52_weeks=5616.00,a6,0.6,open,,,,,,1,0.2667,-21.4833
2026-10-08,2026-10-08T14:40:00Z,GMEX,10:30,a6_reverse_split_proxy,split_ratio_proxy=12482.60;high_52_weeks=27711.7848,a6,2.22,open,,,,,,1,18.9189,-24.3243
2026-10-08,2026-10-08T14:40:00Z,SDST,10:30,a5_compliance,financial_status_indicator=CC4;financial_status_description=Noncompliant,a5;a6,0.065,open,,,,,,1,6.7692,-19.0769
2026-10-08,2026-10-08T14:40:00Z,MVIS,10:30,a6_reverse_split_proxy,split_ratio_proxy=16.63;high_52_weeks=22.20,a6,1.335,open,,,,,,1,3.3708,-10.8614
2026-10-08,2026-10-08T14:40:00Z,KALA,10:30,a5_compliance,financial_status_indicator=CC4;financial_status_description=Noncompliant,a5;a6,0.3163,open,,,,,,1,10.4015,-9.5795
2026-10-08,2026-10-08T14:40:00Z,NXGL,10:30,a5_compliance,financial_status_indicator=CC4;financial_status_description=Noncompliant,a5;a6,0.1599,closed,2026-10-09,2026-10-09T00:00:00Z,0.216,paper_target,35.08442776735461,1,37.7736,-6.1914
2026-10-08,2026-10-08T14:40:00Z,ACTU,10:30,a5_compliance,financial_status_indicator=CC4;financial_status_description=Noncompliant,a5,0.6799,closed,2026-10-08,2026-10-08T17:25:00Z,0.714,paper_target,5.0154,0,5.1331,-8.7219
2026-10-08,2026-10-08T14:40:00Z,NXTS,10:30,a5_compliance,financial_status_indicator=CC4;financial_status_description=Noncompliant,a5;a6,0.9657,open,,,,,,1,4.5873,-14.052
2026-10-09,2026-10-09T13:47:16Z,CD,9:30,a3_prior_spike,ratio=4.24;volspike=4.5,,8.22,closed,2026-10-09,2026-10-09T14:05:00Z,6.165,paper_drawdown_stop_25pct,-25.000000000000007,0,-29.562,-36.0097
2026-10-09,2026-10-09T13:47:16Z,ZBAO,9:30,a5_compliance,indicator=CC4;description=Noncompliant,a5;a6,0.0485,closed,2026-10-09,2026-10-09T14:45:00Z,0.051,paper_target,5.154639175257722,0,5.3608,-8.866
2026-10-09,2026-10-09T13:47:16Z,ESLA,9:30,a1_spread,spread_pct=0.0929,,0.35,closed,2026-10-09,2026-10-09T14:30:00Z,0.434,paper_target,24.000000000000007,0,26.4571,-11.9143
2026-10-09,2026-10-09T13:47:16Z,WORX,9:30,a3_prior_spike,ratio=2.137;volspike=631.05,,3.35,closed,2026-10-09,2026-10-09T14:50:00Z,3.0531,paper_auto_liquidate_60min,-8.862686567164177,0,-4.1791,-14.9254
2026-10-09,2026-10-09T13:47:16Z,DKI,9:30,a2_atr,atr14_pct=0.843;atr3_pct=1.7,,0.5958,closed,2026-10-09,2026-10-09T14:15:00Z,0.4468,paper_drawdown_stop_25pct,-25.00839207787849,0,-3.5079,-29.4058
2026-10-09,2026-10-09T13:47:16Z,AAOZ,9:30,a8_leveraged_etf,industry=Investment Trusts Or Mutual Funds;description_marker=inverse (-2x) exposure,a8,8.99,closed,2026-10-09,2026-10-09T13:50:00Z,9.93,paper_target,10.456062291434922,0,12.5973,8.5651
2026-10-09,2026-10-09T13:47:16Z,IPW,9:30,a3_prior_spike,ratio=2.322;volspike=334.35,,0.7673,closed,2026-10-09,2026-10-09T15:15:00Z,0.5755,paper_drawdown_stop_25pct,-24.99674182197315,0,1.6552,-25.1792
2026-10-09,2026-10-09T13:47:16Z,ENLV,9:30,a6_reverse_split_proxy,split_ratio_proxy=115.78,a6,0.2345,closed,2026-10-09,2026-10-09T14:30:00Z,0.247,paper_target,5.330490405117276,0,5.5011,-4.4776
2026-10-09,2026-10-09T13:47:16Z,ASTG,9:30,a8_leveraged_etf,industry=Investment Trusts Or Mutual Funds;description_marker=2x leveraged exposure,a8,5.575,closed,2026-10-09,2026-10-09T14:55:00Z,5.175,paper_auto_liquidate_60min,-7.174887892376688,0,-3.1408,-8.5202
2026-10-09,2026-10-09T13:47:16Z,MDCX,9:30,a5_compliance,indicator=CC4;description=Noncompliant,a5;a6,0.0896,closed,2026-10-09,2026-10-09T18:45:00Z,0.093,paper_target,3.7946428571428577,0,5.8036,-1.0045
2026-10-09,2026-10-09T13:47:16Z,ASUP,9:30,a8_leveraged_etf,industry=Investment Trusts Or Mutual Funds;description_marker=leveraged exposure,a8,5.26,closed,2026-10-09,2026-10-09T15:05:00Z,4.7259,paper_auto_liquidate_60min,-10.153992395437255,0,-4.7529,-10.154
2026-10-09,2026-10-09T13:47:16Z,SBFM,9:30,a1_spread,spread_pct=0.0994,,0.3753,closed,2026-10-09,2026-10-09T14:35:00Z,0.395,paper_target,5.249134026112442,0,5.2491,-3.4639
2026-10-09,2026-10-09T13:47:16Z,SHFS,9:30,a5_compliance,indicator=CC4;description=Noncompliant,a5;a6,0.3901,closed,2026-10-09,2026-10-09T13:50:00Z,0.416,paper_target,6.639323250448598,0,8.7926,1.8969
2026-10-09,2026-10-09T13:47:16Z,ASTY,9:30,a8_leveraged_etf,industry=Investment Trusts Or Mutual Funds;description_marker=2x leveraged exposure,a8,4.07,closed,2026-10-09,2026-10-09T14:50:00Z,3.74,paper_auto_liquidate_60min,-8.10810810810811,0,-3.5627,-8.5995
2026-10-09,2026-10-09T13:47:16Z,QNME,9:30,a3_prior_spike,ratio=4.444;volspike=155.8,,0.74,open,,,,,,0,4.1216,-5.1351
2026-10-09,2026-10-09T13:47:16Z,ASTX,9:30,a8_leveraged_etf,industry=Investment Trusts Or Mutual Funds;description_marker=2x exposure,a8,7.695,closed,2026-10-09,2026-10-09T14:50:00Z,7.095,paper_auto_liquidate_60min,-7.797270955165699,0,-3.4438,-9.0318
2026-10-09,2026-10-09T13:47:16Z,MPU,9:30,a1_spread,spread_pct=0.3552,,2.59,open,,,,,,0,0.0,0.0
2026-10-09,2026-10-09T13:47:16Z,BYRN,9:30,a4_earnings_recency,days_since_earnings=1,,4.34,closed,2026-10-09,2026-10-09T18:50:00Z,4.48,paper_target,3.2258064516129163,0,4.3779,-4.6083
2026-10-09,2026-10-09T13:47:16Z,NTCL,9:30,a6_reverse_split_proxy,split_ratio_proxy=104.0,a6,1.4901,closed,2026-10-09,2026-10-09T16:35:00Z,1.62,paper_target,8.717535735856663,0,10.7308,-17.4485
2026-10-09,2026-10-09T13:47:16Z,TORO,9:30,a7_stale_quote,ask_gap_pct=0.0341;last_real_price=4.69,,4.78,closed,2026-10-09,2026-10-09T14:15:00Z,5.39,paper_target,12.761506276150614,0,15.0628,-15.3494
2026-10-09,2026-10-09T13:47:16Z,GEMG,9:30,a6_reverse_split_proxy,split_ratio_proxy=57.56,a6;a8,6.16,closed,2026-10-09,2026-10-09T13:55:00Z,6.47,paper_target,5.032467532467526,0,6.9805,6.9805
2026-10-09,2026-10-09T13:47:16Z,JOBX,9:30,a6_reverse_split_proxy,split_ratio_proxy=21.79,a6;a8,5.92,closed,2026-10-09,2026-10-09T14:50:00Z,5.52,paper_auto_liquidate_60min,-6.756756756756762,0,-2.0338,-8.6132
2026-10-09,2026-10-09T14:41:00Z,MNDR,10:30,a1_spread,spread_pct=0.1166,,0.7708,closed,2026-10-09,2026-10-09T14:45:00Z,0.81,paper_target,5.085625324338351,0,5.7343,5.7343
2026-10-09,2026-10-09T14:41:00Z,GCDT,10:30,a1_spread,spread_pct=0.1138,,0.4920,open,,,,,,0,1.626,-10.874
2026-10-09,2026-10-09T14:41:00Z,CTW,10:30,a1_spread,spread_pct=0.2683,,2.0500,closed,2026-10-09,2026-10-09T19:25:00Z,2.17,paper_target,5.853658536585372,0,7.8049,-2.9268
2026-10-09,2026-10-09T14:41:00Z,BIAF,10:30,a6_reverse_split_proxy,split_ratio_proxy=16.58,a6,4.8650,open,,,,,,0,2.7749,-3.8027
2026-10-09,2026-10-09T14:41:00Z,NCPL,10:30,a5_compliance,financial_status_indicator=CC5;financial_status_description=Noncompliant,a5,1.1300,closed,2026-10-09,2026-10-09T18:50:00Z,1.17,paper_target,3.539823008849561,0,3.5398,-14.0885
2026-10-09,2026-10-09T14:41:00Z,CRCD,10:30,a6_reverse_split_proxy,split_ratio_proxy=36.02;industry=Investment Trusts Or Mutual Funds,a6;a8,2.0300,closed,2026-10-09,2026-10-09T19:40:00Z,2.08,paper_target,2.4630541871921316,0,3.2069,-3.202
2026-10-09,2026-10-09T14:41:00Z,GRML,10:30,a3_prior_spike,peak_to_baseline_ratio=6.01;volume_spike_ratio=687.2,,5.2000,open,,,,,,0,1.0481,-5.1923
2026-10-09,2026-10-09T14:41:00Z,PFAI,10:30,a3_prior_spike,peak_to_baseline_ratio=2.498;volume_spike_ratio=49928,,3.7500,closed,2026-10-09,2026-10-09T15:55:00Z,3.94,paper_target,5.0666666666666655,0,6.6667,-1.3333
2026-10-09,2026-10-09T14:41:00Z,EOSU,10:30,a6_reverse_split_proxy,split_ratio_proxy=241.3;industry=Investment Trusts Or Mutual Funds,a6;a8,3.1600,open,,,,,,0,2.8481,-13.2911
2026-10-09,2026-10-09T14:41:00Z,WHLR,10:30,a6_reverse_split_proxy,split_ratio_proxy=101566,a6,0.6240,open,,,,,,0,1.891,-9.9359
2026-10-09,2026-10-09T14:41:00Z,SSM,10:30,a3_prior_spike,peak_to_baseline_ratio=1.888;volume_spike_ratio=29.21,,1.1850,open,,,,,,0,2.9451,-3.7975
2026-10-09,2026-10-09T14:41:00Z,RUBI,10:30,a6_reverse_split_proxy,split_ratio_proxy=155614,a6,0.5263,open,,,,,,0,4.4081,-15.9795
2026-10-09,2026-10-09T14:41:00Z,XRTX,10:30,a3_prior_spike,peak_to_baseline_ratio=1.494;volume_spike_ratio=13.44,,1.6250,open,,,,,,0,4.6154,-16.3077
2026-10-09,2026-10-09T14:41:00Z,CUPR,10:30,a7_thin_liquidity_gap_exceeded,ask_gap_pct=0.0549;last_real_price=1.64,,1.6200,closed,2026-10-09,2026-10-09T19:30:00Z,1.67,paper_target,3.0864197530864086,0,4.8519,0.0
